transaction_id,customer_id,amount,error_code,historical_success_rate,previous_failed_attempts,time_of_day,device_type,outcome_no_action,outcome_retry_now,outcome_retry_delayed,outcome_reminder,outcome_incentive_10
RP_36192BB1,CUST_8270,1096.88,CUSTOMER_ABANDONED,0.902,0,11,Mobile,0,0,0,0,1
RP_EF955D99,CUST_1860,4362.19,GATEWAY_TIMEOUT,0.822,1,15,Mobile,0,1,0,0,0
RP_FEE67610,CUST_6390,281.69,GATEWAY_TIMEOUT,0.926,0,0,Mobile,0,1,1,0,1
RP_13258319,CUST_6191,2727.15,CUSTOMER_ABANDONED,0.796,0,19,Mobile,0,0,0,0,1
RP_39601860,CUST_6734,2836.02,GATEWAY_TIMEOUT,0.771,0,3,Mobile,0,1,1,0,0
RP_964393FF,CUST_7265,2815.72,3D_SECURE_FAILED,0.771,0,13,Mobile,0,0,0,1,0
RP_77D644CD,CUST_1466,416.51,GATEWAY_TIMEOUT,0.707,0,17,Mobile,0,1,0,0,0
RP_08301033,CUST_5426,143.85,CUSTOMER_ABANDONED,0.672,0,4,Mobile,0,0,0,0,0
RP_4F9F7C03,CUST_6578,2146.6,INSUFFICIENT_FUNDS,0.731,0,2,Mobile,0,0,0,1,0
RP_9BE67528,CUST_9322,1373.4,CUSTOMER_ABANDONED,0.719,0,18,Mobile,0,0,0,0,0
RP_5AE3DB3C,CUST_2685,3660.12,GATEWAY_TIMEOUT,0.559,0,11,Mobile,0,0,0,0,0
RP_914A4C5D,CUST_1769,473.12,GATEWAY_TIMEOUT,0.834,0,18,Mobile,0,1,0,0,0
RP_CB939B1C,CUST_7949,2730.23,GATEWAY_TIMEOUT,0.777,0,19,Mobile,0,0,1,1,1
RP_E5523576,CUST_3433,3886.62,GATEWAY_TIMEOUT,0.562,0,10,Desktop,0,1,0,0,0
RP_1B79F3B8,CUST_6311,978.12,INSUFFICIENT_FUNDS,0.796,1,20,Mobile,0,0,0,0,0
RP_7C63B4E2,CUST_6051,1808.61,INSUFFICIENT_FUNDS,0.778,0,19,Mobile,0,0,0,1,0
RP_7D94C206,CUST_7420,1734.3,CUSTOMER_ABANDONED,0.555,0,8,Mobile,0,0,0,0,1
RP_98BD89D7,CUST_2184,409.21,CUSTOMER_ABANDONED,0.781,0,19,Mobile,0,0,0,0,1
RP_B058C247,CUST_5555,2074.17,CUSTOMER_ABANDONED,0.523,0,22,Mobile,0,0,0,0,0
RP_58F537B4,CUST_4385,7684.79,CUSTOMER_ABANDONED,0.648,0,4,Desktop,0,0,0,0,0
RP_4EDBE35C,CUST_7396,1126.25,INSUFFICIENT_FUNDS,0.848,0,9,Mobile,0,0,0,0,1
RP_97CAEF01,CUST_9666,189.97,INSUFFICIENT_FUNDS,0.637,0,8,Mobile,0,0,1,0,0
RP_6602F484,CUST_3558,480.74,INSUFFICIENT_FUNDS,0.606,0,12,Mobile,0,0,0,0,0
RP_B3E869FF,CUST_8849,129.63,CUSTOMER_ABANDONED,0.575,0,7,Desktop,0,0,0,0,1
RP_B0D46991,CUST_3047,5158.05,GATEWAY_TIMEOUT,0.725,0,21,Desktop,0,1,1,0,0
RP_7915DEBF,CUST_3747,2743.33,GATEWAY_TIMEOUT,0.748,0,12,Mobile,0,1,0,0,0
RP_049E53DE,CUST_1189,600.86,CUSTOMER_ABANDONED,0.65,0,21,Desktop,0,0,1,0,0
RP_718EB962,CUST_3734,200.0,GATEWAY_TIMEOUT,0.68,0,17,Mobile,0,1,0,0,1
RP_619A321C,CUST_4005,403.45,3D_SECURE_FAILED,0.741,0,22,Mobile,1,0,0,0,0
RP_3CCC1E5C,CUST_5658,509.83,3D_SECURE_FAILED,0.591,0,8,Mobile,0,0,0,0,0
RP_55B057EA,CUST_2899,1250.49,GATEWAY_TIMEOUT,0.84,0,8,Desktop,0,1,1,0,1
RP_0D4E82BA,CUST_8734,1201.0,GATEWAY_TIMEOUT,0.749,0,1,Mobile,0,0,0,0,0
RP_083217D6,CUST_2267,5484.7,INSUFFICIENT_FUNDS,0.564,1,6,Mobile,0,0,0,0,0
RP_B11E6783,CUST_2528,477.56,CUSTOMER_ABANDONED,0.688,0,4,Mobile,0,0,0,0,0
RP_0D144121,CUST_4556,179.5,GATEWAY_TIMEOUT,0.552,0,20,Mobile,0,0,0,0,0
RP_32DFF8CD,CUST_4890,273.59,CUSTOMER_ABANDONED,0.899,0,5,Mobile,0,0,0,1,0
RP_782F5F9D,CUST_9838,1066.75,CUSTOMER_ABANDONED,0.831,0,12,Mobile,0,0,0,1,0
RP_A857C685,CUST_6393,457.41,INSUFFICIENT_FUNDS,0.462,0,23,Mobile,0,0,1,1,0
RP_79B59AD8,CUST_9792,772.47,GATEWAY_TIMEOUT,0.761,0,17,Mobile,0,1,0,0,1
RP_38F50A53,CUST_9433,635.98,CUSTOMER_ABANDONED,0.735,0,2,Mobile,0,0,0,0,0
RP_6A2AF625,CUST_8513,3598.55,GATEWAY_TIMEOUT,0.756,0,9,Mobile,0,0,1,1,0
RP_F430B804,CUST_3612,542.2,CUSTOMER_ABANDONED,0.805,0,22,Mobile,0,0,0,1,0
RP_6C88507A,CUST_8041,697.28,INSUFFICIENT_FUNDS,0.848,0,2,Mobile,0,0,0,1,0
RP_74790397,CUST_7235,2593.44,CUSTOMER_ABANDONED,0.584,2,0,Desktop,0,0,0,1,0
RP_3D6E1283,CUST_6486,556.7,3D_SECURE_FAILED,0.709,1,5,Desktop,0,0,0,1,0
RP_7DAFB052,CUST_8099,1822.3,3D_SECURE_FAILED,0.838,2,22,Desktop,0,0,0,1,0
RP_283B2E8C,CUST_1775,1632.36,INSUFFICIENT_FUNDS,0.972,0,15,Mobile,0,0,0,0,1
RP_A539CF50,CUST_9226,1300.0,GATEWAY_TIMEOUT,0.826,1,16,Mobile,0,0,1,0,0
RP_F6D0E0FE,CUST_4152,281.1,CUSTOMER_ABANDONED,0.957,1,15,Desktop,0,0,0,1,0
RP_AEE17C7B,CUST_2585,4796.92,INSUFFICIENT_FUNDS,0.869,2,9,Mobile,0,0,0,1,1
RP_38A8EB3F,CUST_4943,15753.54,GATEWAY_TIMEOUT,0.781,0,6,Desktop,0,1,1,0,0
RP_89D7AA66,CUST_8555,1108.31,3D_SECURE_FAILED,0.483,1,7,Desktop,0,0,0,0,1
RP_096E1C49,CUST_4073,312.43,GATEWAY_TIMEOUT,0.803,0,2,Mobile,0,1,1,1,1
RP_0F7F96C6,CUST_2021,1135.61,GATEWAY_TIMEOUT,0.881,0,4,Mobile,0,1,1,0,1
RP_F93302B1,CUST_4843,3596.92,GATEWAY_TIMEOUT,0.561,0,18,Mobile,0,0,0,0,0
RP_207A94F0,CUST_8989,524.15,CUSTOMER_ABANDONED,0.865,2,6,Mobile,0,0,0,0,1
RP_A57E2686,CUST_7873,939.47,CUSTOMER_ABANDONED,0.652,0,17,Desktop,0,0,0,1,1
RP_8F25D449,CUST_6675,1650.42,INSUFFICIENT_FUNDS,0.407,0,21,Mobile,0,0,0,0,0
RP_CC096FE3,CUST_1161,4645.51,INSUFFICIENT_FUNDS,0.671,2,17,Desktop,0,0,0,0,0
RP_7081F09C,CUST_5297,2780.84,INSUFFICIENT_FUNDS,0.626,0,5,Mobile,0,0,0,0,0
RP_D4CA6D9E,CUST_1995,2922.64,CUSTOMER_ABANDONED,0.921,1,4,Mobile,0,0,0,0,1
RP_9024CE6F,CUST_8629,657.52,GATEWAY_TIMEOUT,0.91,1,5,Mobile,0,0,1,0,1
RP_7C11401C,CUST_2016,1776.33,3D_SECURE_FAILED,0.694,0,5,Mobile,0,0,1,1,0
RP_B6FE53B5,CUST_8869,461.11,GATEWAY_TIMEOUT,0.757,0,21,Mobile,0,1,0,0,0
RP_C55A03B4,CUST_7439,3024.89,RISK_BLOCKED,0.951,0,21,Mobile,0,0,0,1,0
RP_C4AAEC57,CUST_8892,4365.39,GATEWAY_TIMEOUT,0.772,2,22,Mobile,0,0,0,0,0
RP_10398ED8,CUST_7863,2130.34,CUSTOMER_ABANDONED,0.738,1,10,Desktop,0,0,0,0,0
RP_984504AA,CUST_8916,705.64,GATEWAY_TIMEOUT,0.667,0,16,Mobile,0,1,0,0,0
RP_18572D66,CUST_9529,858.79,GATEWAY_TIMEOUT,0.822,0,8,Mobile,0,0,0,0,0
RP_668F8D23,CUST_1878,9583.7,3D_SECURE_FAILED,0.701,0,21,Mobile,0,0,0,1,0
RP_3FB8B14E,CUST_5887,719.93,3D_SECURE_FAILED,0.923,1,15,Mobile,0,0,1,1,1
RP_70D77629,CUST_5859,3866.07,INSUFFICIENT_FUNDS,0.867,0,9,Mobile,0,0,0,0,0
RP_4B1FD569,CUST_7331,1646.93,CUSTOMER_ABANDONED,0.58,0,14,Desktop,0,0,0,0,1
RP_B3F6380B,CUST_9571,734.39,CUSTOMER_ABANDONED,0.724,1,7,Mobile,0,0,0,1,0
RP_2566F26D,CUST_9684,218.42,3D_SECURE_FAILED,0.671,0,13,Mobile,0,0,0,0,0
RP_24AE0DEC,CUST_8208,1413.64,INSUFFICIENT_FUNDS,0.655,0,15,Mobile,0,0,0,0,0
RP_DBA35771,CUST_6276,1223.32,INSUFFICIENT_FUNDS,0.913,1,18,Mobile,0,0,0,0,0
RP_9E03C3A3,CUST_3062,9583.92,INSUFFICIENT_FUNDS,0.614,0,2,Mobile,0,0,0,1,0
RP_49E6B52A,CUST_1064,390.63,INSUFFICIENT_FUNDS,0.401,0,12,Mobile,0,0,0,0,0
RP_BCA28D16,CUST_9006,17218.2,3D_SECURE_FAILED,0.712,0,8,Mobile,0,1,0,0,0
RP_20A7D2B5,CUST_3568,1727.75,GATEWAY_TIMEOUT,0.78,0,11,Desktop,0,0,1,0,0
RP_ED07157F,CUST_6463,1725.71,GATEWAY_TIMEOUT,0.427,0,4,Mobile,0,0,0,0,0
RP_0CEB16A3,CUST_3027,538.24,CUSTOMER_ABANDONED,0.526,1,20,Mobile,0,0,0,0,0
RP_6AD2000C,CUST_3695,1599.82,CUSTOMER_ABANDONED,0.769,0,18,Mobile,0,0,0,1,0
RP_08EDBF0D,CUST_6258,1934.61,GATEWAY_TIMEOUT,0.739,0,6,Desktop,0,1,0,0,0
RP_5C12F5F5,CUST_6618,3377.17,INSUFFICIENT_FUNDS,0.779,0,6,Mobile,0,0,0,0,0
RP_E2859456,CUST_7736,339.0,3D_SECURE_FAILED,0.417,0,18,Mobile,0,0,0,0,0
RP_D94C83AC,CUST_1391,5932.12,GATEWAY_TIMEOUT,0.614,0,7,Mobile,0,0,0,0,0
RP_27354872,CUST_6892,1692.05,CUSTOMER_ABANDONED,0.682,0,5,Mobile,0,0,0,0,0
RP_7EEC58A4,CUST_4561,2275.32,CUSTOMER_ABANDONED,0.844,0,2,Mobile,0,0,0,0,0
RP_FE1DEABA,CUST_7184,841.23,INSUFFICIENT_FUNDS,0.75,0,21,Mobile,0,0,0,1,0
RP_9A6885B7,CUST_4099,360.04,3D_SECURE_FAILED,0.355,0,0,Desktop,0,0,0,0,0
RP_A7A33246,CUST_7278,1196.64,CUSTOMER_ABANDONED,0.949,1,5,Desktop,0,0,0,0,0
RP_F23B2181,CUST_9392,1373.0,INSUFFICIENT_FUNDS,0.852,0,22,Mobile,0,0,0,0,0
RP_AFAF8C7F,CUST_4104,207.99,CUSTOMER_ABANDONED,0.766,0,19,Mobile,0,0,0,0,0
RP_20EAD4F7,CUST_8215,2841.09,CUSTOMER_ABANDONED,0.501,0,19,Mobile,0,0,0,0,1
RP_4656D356,CUST_3454,3625.8,CUSTOMER_ABANDONED,0.734,0,18,Mobile,0,0,0,1,1
RP_734DEB54,CUST_9996,456.87,3D_SECURE_FAILED,0.744,0,20,Desktop,0,0,0,0,0
RP_2F47BE09,CUST_3731,321.47,INSUFFICIENT_FUNDS,0.703,0,12,Mobile,0,0,0,0,1
RP_6208891E,CUST_9154,762.38,GATEWAY_TIMEOUT,0.698,0,16,Desktop,0,0,0,0,1
RP_A1CC9176,CUST_6056,1128.53,GATEWAY_TIMEOUT,0.38,0,21,Mobile,0,1,0,0,0
RP_D088A6A2,CUST_9110,798.71,GATEWAY_TIMEOUT,0.65,0,17,Mobile,0,1,0,0,0
RP_34AEE7FB,CUST_4840,1019.33,GATEWAY_TIMEOUT,0.345,0,19,Desktop,0,0,0,0,0
RP_9409B394,CUST_2028,1430.49,3D_SECURE_FAILED,0.841,0,5,Mobile,0,0,0,1,0
RP_7944E2E3,CUST_8385,212.32,CUSTOMER_ABANDONED,0.939,1,10,Mobile,0,0,0,0,0
RP_D2582148,CUST_1502,243.73,CUSTOMER_ABANDONED,0.834,0,5,Mobile,0,0,0,0,1
RP_B709AFED,CUST_7910,100.0,CUSTOMER_ABANDONED,0.679,0,6,Mobile,0,0,0,0,1
RP_9FCE34EA,CUST_7938,3398.38,CUSTOMER_ABANDONED,0.409,0,0,Mobile,0,0,0,0,0
RP_5A98B104,CUST_5488,1116.86,INSUFFICIENT_FUNDS,0.955,0,21,Desktop,0,0,1,1,0
RP_0B663380,CUST_1206,3856.14,3D_SECURE_FAILED,0.717,2,23,Desktop,0,0,0,0,0
RP_136608B0,CUST_6134,279.98,INSUFFICIENT_FUNDS,0.797,1,7,Desktop,0,0,0,1,0
RP_488BE4BB,CUST_6977,1129.23,3D_SECURE_FAILED,0.659,0,13,Mobile,0,0,0,0,1
RP_C500A033,CUST_8721,1419.12,CUSTOMER_ABANDONED,0.828,0,21,Desktop,0,0,0,1,1
RP_D78D8A4B,CUST_8035,558.84,GATEWAY_TIMEOUT,0.917,2,19,Mobile,0,1,0,0,0
RP_FC6D9D0E,CUST_2484,170.01,CUSTOMER_ABANDONED,0.715,1,0,Mobile,0,0,0,1,1
RP_0251455F,CUST_8858,8911.03,INSUFFICIENT_FUNDS,0.784,0,4,Mobile,0,0,0,1,0
RP_108B3C29,CUST_1863,5878.99,GATEWAY_TIMEOUT,0.936,0,4,Mobile,0,1,0,0,0
RP_F02A06BB,CUST_3790,693.45,CUSTOMER_ABANDONED,0.489,0,13,Mobile,0,0,0,0,0
RP_EBF728FA,CUST_8408,2022.87,INSUFFICIENT_FUNDS,0.29,1,6,Mobile,0,0,0,0,0
RP_75A052D2,CUST_9755,612.93,GATEWAY_TIMEOUT,0.724,1,16,Mobile,0,1,1,0,0
RP_28122DFF,CUST_6116,332.13,3D_SECURE_FAILED,0.7,0,10,Desktop,0,0,0,0,0
RP_2BEFCBBF,CUST_7019,9825.28,CUSTOMER_ABANDONED,0.855,0,21,Mobile,0,0,0,1,1
RP_E0D14791,CUST_2757,150.44,3D_SECURE_FAILED,0.631,2,6,Mobile,0,0,0,1,0
RP_265EB934,CUST_8574,778.52,CUSTOMER_ABANDONED,0.851,1,0,Desktop,0,0,0,0,0
RP_468E78F4,CUST_7374,1213.41,INSUFFICIENT_FUNDS,0.514,0,14,Mobile,0,0,1,0,0
RP_C4F47BE0,CUST_7892,7954.43,INSUFFICIENT_FUNDS,0.65,0,18,Desktop,0,0,0,0,0
RP_9795E077,CUST_2678,3216.04,CUSTOMER_ABANDONED,0.842,0,9,Desktop,0,0,0,0,0
RP_51535E0D,CUST_4242,147.42,RISK_BLOCKED,0.857,0,8,Mobile,0,0,0,0,0
RP_0197B94B,CUST_5636,1093.02,GATEWAY_TIMEOUT,0.87,0,12,Mobile,0,0,1,0,0
RP_F662542F,CUST_2059,1124.7,3D_SECURE_FAILED,0.926,0,23,Mobile,0,0,0,0,0
RP_B9A0DDDC,CUST_7668,833.8,3D_SECURE_FAILED,0.729,2,12,Mobile,0,0,0,0,0
RP_E010AD0E,CUST_4157,2307.16,CUSTOMER_ABANDONED,0.763,1,5,Mobile,0,0,0,1,1
RP_3BD9A85A,CUST_6915,202.16,3D_SECURE_FAILED,0.87,0,7,Mobile,0,0,0,0,1
RP_8DE8F93A,CUST_3693,671.58,INSUFFICIENT_FUNDS,0.663,1,11,Mobile,0,0,0,0,0
RP_AE4C725A,CUST_4627,1948.05,RISK_BLOCKED,0.596,0,1,Mobile,0,0,0,0,0
RP_2976C07E,CUST_6450,2478.7,CUSTOMER_ABANDONED,0.641,0,15,Mobile,0,0,0,1,0
RP_AFD98A11,CUST_2663,1311.99,GATEWAY_TIMEOUT,0.721,1,11,Desktop,0,0,0,0,0
RP_8D385B62,CUST_6592,775.83,3D_SECURE_FAILED,0.938,0,22,Mobile,0,0,0,1,1
RP_583FBF65,CUST_8392,949.63,INSUFFICIENT_FUNDS,0.234,1,17,Desktop,0,0,0,0,0
RP_0DB610B0,CUST_2306,2666.41,INSUFFICIENT_FUNDS,0.718,0,2,Mobile,0,0,0,0,1
RP_2ABE84C5,CUST_7776,1142.17,CUSTOMER_ABANDONED,0.333,0,17,Mobile,0,0,0,0,0
RP_04CCC34F,CUST_6864,314.12,GATEWAY_TIMEOUT,0.391,0,10,Mobile,0,0,0,0,0
RP_3E519ADC,CUST_8526,249.59,INSUFFICIENT_FUNDS,0.643,0,4,Desktop,0,0,0,1,0
RP_CFC529E4,CUST_9901,183.54,CUSTOMER_ABANDONED,0.873,0,12,Mobile,0,0,0,0,1
RP_75D41ADB,CUST_6575,6289.88,GATEWAY_TIMEOUT,0.757,2,9,Mobile,0,0,0,0,0
RP_E94AD4AC,CUST_6530,2889.83,GATEWAY_TIMEOUT,0.687,0,20,Mobile,0,0,1,0,0
RP_E92BD687,CUST_5413,965.08,GATEWAY_TIMEOUT,0.947,0,21,Mobile,0,0,1,0,0
RP_632FFC0C,CUST_4748,636.16,INSUFFICIENT_FUNDS,0.687,0,14,Mobile,0,0,0,0,0
RP_EFA886FE,CUST_1663,550.75,CUSTOMER_ABANDONED,0.606,1,5,Mobile,0,0,0,0,0
RP_22AAC9A5,CUST_2998,4071.98,CUSTOMER_ABANDONED,0.833,0,15,Desktop,0,0,0,0,1
RP_E553F33E,CUST_8994,10778.62,3D_SECURE_FAILED,0.644,0,22,Mobile,0,0,0,1,0
RP_E9526321,CUST_2495,530.35,CUSTOMER_ABANDONED,0.855,1,7,Mobile,0,0,0,0,1
RP_BED49B87,CUST_4304,4298.83,GATEWAY_TIMEOUT,0.508,2,19,Desktop,0,0,0,1,0
RP_814D5EAD,CUST_4763,1134.12,3D_SECURE_FAILED,0.86,1,2,Mobile,0,0,0,0,0
RP_47B15E18,CUST_6232,849.87,CUSTOMER_ABANDONED,0.926,0,4,Desktop,0,0,0,0,1
RP_9CF15A8B,CUST_2853,6667.88,CUSTOMER_ABANDONED,0.682,0,14,Mobile,0,0,0,1,1
RP_41362712,CUST_7585,1083.34,CUSTOMER_ABANDONED,0.66,1,2,Mobile,0,0,0,0,0
RP_BB590CD9,CUST_2291,1564.99,3D_SECURE_FAILED,0.98,2,14,Mobile,0,0,0,0,0
RP_19C9253E,CUST_4581,1477.24,CUSTOMER_ABANDONED,0.751,2,1,Desktop,0,0,0,0,0
RP_696891B5,CUST_8554,155.91,INSUFFICIENT_FUNDS,0.735,0,11,Desktop,0,0,0,0,0
RP_D56604BA,CUST_8280,1550.13,CUSTOMER_ABANDONED,0.772,1,4,Desktop,0,0,1,0,0
RP_3C6626E1,CUST_2636,558.23,GATEWAY_TIMEOUT,0.86,0,8,Mobile,0,1,1,0,1
RP_DF2F5F19,CUST_4696,199.26,INSUFFICIENT_FUNDS,0.936,0,21,Desktop,0,0,0,0,0
RP_07F9F999,CUST_1698,589.59,INSUFFICIENT_FUNDS,0.728,0,3,Desktop,0,0,0,0,1
RP_2FD755C7,CUST_5737,583.79,GATEWAY_TIMEOUT,0.689,2,22,Mobile,0,1,0,0,0
RP_C3C7ACDB,CUST_1854,3773.88,GATEWAY_TIMEOUT,0.544,0,20,Mobile,0,1,0,0,0
RP_1CD271CC,CUST_9164,305.96,GATEWAY_TIMEOUT,0.837,0,6,Desktop,0,1,0,0,0
RP_3DD86988,CUST_6855,425.04,CUSTOMER_ABANDONED,0.711,2,15,Mobile,0,0,0,0,1
RP_29F26D9E,CUST_8392,1454.57,CUSTOMER_ABANDONED,0.325,0,12,Mobile,0,0,0,0,0
RP_7472565C,CUST_7528,223.42,RISK_BLOCKED,0.917,0,1,Desktop,0,0,0,0,0
RP_34BD4E38,CUST_6249,497.3,INSUFFICIENT_FUNDS,0.751,1,1,Mobile,0,0,0,1,0
RP_2CF0A7D1,CUST_6172,148.8,CUSTOMER_ABANDONED,0.69,1,8,Desktop,0,0,0,1,0
RP_E2A5F931,CUST_2707,3307.72,3D_SECURE_FAILED,0.85,0,14,Mobile,0,0,0,1,0
RP_5101B018,CUST_6791,763.84,GATEWAY_TIMEOUT,0.835,2,3,Mobile,0,0,1,0,0
RP_D67DE5B7,CUST_6535,1075.88,CUSTOMER_ABANDONED,0.862,0,16,Mobile,0,0,0,1,1
RP_7C15843C,CUST_5931,3291.87,CUSTOMER_ABANDONED,0.345,2,8,Mobile,0,0,0,0,0
RP_7C4F8C6D,CUST_4510,460.94,GATEWAY_TIMEOUT,0.652,1,14,Mobile,0,1,0,0,0
RP_B88631B6,CUST_1202,754.17,3D_SECURE_FAILED,0.368,0,0,Mobile,0,0,0,0,0
RP_EF442BD8,CUST_5218,308.71,CUSTOMER_ABANDONED,0.474,1,1,Mobile,0,0,0,0,0
RP_AB9BD033,CUST_9958,307.91,GATEWAY_TIMEOUT,0.768,0,8,Mobile,0,1,0,0,1
RP_F62EF443,CUST_5389,363.33,GATEWAY_TIMEOUT,0.776,0,10,Desktop,0,1,1,0,1
RP_B12B724C,CUST_3327,607.29,GATEWAY_TIMEOUT,0.682,2,18,Mobile,0,1,0,0,0
RP_A8DAD8B5,CUST_9004,691.07,INSUFFICIENT_FUNDS,0.625,0,0,Mobile,0,0,0,0,0
RP_41FC9B8E,CUST_3931,1550.54,INSUFFICIENT_FUNDS,0.681,0,18,Mobile,0,0,0,0,0
RP_0A192EDF,CUST_8777,376.36,INSUFFICIENT_FUNDS,0.782,0,8,Mobile,0,0,0,1,1
RP_45E14B88,CUST_1197,1609.31,GATEWAY_TIMEOUT,0.763,0,1,Mobile,0,1,1,0,0
RP_0CFD9E66,CUST_8125,1962.55,3D_SECURE_FAILED,0.807,1,4,Desktop,0,0,0,0,0
RP_9908840A,CUST_2930,625.54,INSUFFICIENT_FUNDS,0.728,2,16,Desktop,0,0,0,0,0
RP_8F7AB1A3,CUST_7287,417.52,GATEWAY_TIMEOUT,0.815,0,0,Mobile,0,1,1,0,0
RP_22507D9E,CUST_9800,1214.51,INSUFFICIENT_FUNDS,0.841,0,13,Desktop,0,0,0,0,1
RP_FAA2D707,CUST_5282,859.63,INSUFFICIENT_FUNDS,0.887,0,11,Desktop,0,1,0,0,0
RP_5B1906D0,CUST_3511,1428.56,INSUFFICIENT_FUNDS,0.598,0,22,Mobile,0,0,0,0,0
RP_49145DB1,CUST_1659,7214.44,GATEWAY_TIMEOUT,0.82,0,9,Mobile,0,1,0,0,0
RP_6A5EC3DC,CUST_3811,1190.78,GATEWAY_TIMEOUT,0.886,0,18,Desktop,0,0,0,0,1
RP_6861BFBD,CUST_8098,509.24,CUSTOMER_ABANDONED,0.649,0,14,Desktop,0,0,0,0,0
RP_67A07878,CUST_7546,376.51,RISK_BLOCKED,0.943,0,0,Mobile,0,0,0,0,0
RP_024C51E7,CUST_2986,394.4,INSUFFICIENT_FUNDS,0.892,2,0,Mobile,0,0,0,0,1
RP_13B2E961,CUST_9338,189.56,INSUFFICIENT_FUNDS,0.454,1,10,Mobile,0,0,0,0,1
RP_F81A5DC9,CUST_3911,3358.64,CUSTOMER_ABANDONED,0.886,1,10,Mobile,0,0,0,1,1
RP_95BB5395,CUST_2734,100.0,CUSTOMER_ABANDONED,0.816,0,4,Desktop,0,0,0,0,0
RP_C5DD44DC,CUST_2843,1969.88,INSUFFICIENT_FUNDS,0.767,1,2,Desktop,0,0,0,1,0
RP_9C667CB4,CUST_9680,386.96,3D_SECURE_FAILED,0.728,2,10,Mobile,0,0,0,1,0
RP_8D73616C,CUST_3976,592.95,CUSTOMER_ABANDONED,0.495,2,3,Mobile,0,0,0,0,0
RP_B72B1941,CUST_2959,373.31,INSUFFICIENT_FUNDS,0.505,0,5,Desktop,0,0,0,0,1
RP_6235862E,CUST_6759,6216.97,CUSTOMER_ABANDONED,0.887,0,17,Mobile,0,0,0,0,1
RP_F8063F12,CUST_7694,1118.32,RISK_BLOCKED,0.725,0,6,Mobile,0,0,0,0,0
RP_220C7649,CUST_3385,2831.2,CUSTOMER_ABANDONED,0.333,0,20,Mobile,0,0,0,0,0
RP_AA1236E0,CUST_5736,5221.98,GATEWAY_TIMEOUT,0.764,2,23,Mobile,0,1,1,0,0
RP_EEB141D1,CUST_2802,1334.2,INSUFFICIENT_FUNDS,0.822,0,3,Mobile,0,0,0,0,0
RP_CE76CFCC,CUST_9155,261.19,INSUFFICIENT_FUNDS,0.7,0,13,Mobile,0,0,1,1,0
RP_6EB5E0EC,CUST_9120,841.54,INSUFFICIENT_FUNDS,0.616,0,7,Mobile,0,0,1,1,1
RP_22AB88E7,CUST_7616,450.02,CUSTOMER_ABANDONED,0.672,0,19,Desktop,0,0,0,1,0
RP_73F78F07,CUST_6534,599.32,CUSTOMER_ABANDONED,0.708,2,10,Desktop,0,0,0,0,1
RP_F4FD8FF7,CUST_5061,978.92,CUSTOMER_ABANDONED,0.805,0,13,Mobile,0,0,0,1,1
RP_0B370C4A,CUST_1262,933.57,RISK_BLOCKED,0.902,0,20,Mobile,0,0,0,0,0
RP_56728303,CUST_7287,1798.18,GATEWAY_TIMEOUT,0.791,0,2,Mobile,0,1,1,0,1
RP_BFAA3D2E,CUST_9815,2140.44,3D_SECURE_FAILED,0.655,0,10,Mobile,0,0,0,0,0
RP_551864D4,CUST_3049,933.58,CUSTOMER_ABANDONED,0.951,1,3,Mobile,0,0,0,1,1
RP_D554B697,CUST_6423,1779.63,INSUFFICIENT_FUNDS,0.606,1,8,Mobile,0,0,0,0,0
RP_5E01CAF2,CUST_5548,567.23,CUSTOMER_ABANDONED,0.742,0,4,Desktop,0,0,0,0,1
RP_9333EC3B,CUST_4108,5312.06,GATEWAY_TIMEOUT,0.645,2,12,Desktop,0,0,0,0,0
RP_27520299,CUST_8158,556.34,CUSTOMER_ABANDONED,0.485,0,19,Desktop,0,0,0,0,0
RP_44CE1AB8,CUST_8400,4612.95,INSUFFICIENT_FUNDS,0.729,0,3,Mobile,0,0,1,1,0
RP_B8F2F4E5,CUST_4170,186.55,GATEWAY_TIMEOUT,0.747,2,6,Mobile,0,1,1,0,0
RP_835B2AED,CUST_3255,694.72,CUSTOMER_ABANDONED,0.62,0,1,Mobile,0,0,0,1,0
RP_D9E85472,CUST_2154,737.18,CUSTOMER_ABANDONED,0.699,0,19,Mobile,0,0,0,0,1
RP_11260423,CUST_5499,1532.71,GATEWAY_TIMEOUT,0.847,0,18,Mobile,0,0,1,0,1
RP_4021C379,CUST_7295,3084.61,GATEWAY_TIMEOUT,0.635,1,6,Mobile,0,1,0,0,0
RP_95D75CED,CUST_7197,244.87,INSUFFICIENT_FUNDS,0.429,2,19,Mobile,0,0,0,0,0
RP_72882BB1,CUST_2648,290.16,CUSTOMER_ABANDONED,0.735,0,23,Mobile,0,0,0,0,0
RP_EDFDFFC1,CUST_6539,203.92,3D_SECURE_FAILED,0.729,0,20,Desktop,0,0,0,0,0
RP_19502B46,CUST_5199,5346.63,3D_SECURE_FAILED,0.602,0,8,Mobile,0,0,1,0,0
RP_35654255,CUST_9445,1567.33,INSUFFICIENT_FUNDS,0.84,1,18,Mobile,0,0,0,0,0
RP_B0076CD4,CUST_3557,298.5,CUSTOMER_ABANDONED,0.597,0,19,Mobile,0,0,0,0,1
RP_BFD6E43D,CUST_6592,644.38,INSUFFICIENT_FUNDS,0.783,1,1,Mobile,0,0,0,0,0
RP_CED7BE84,CUST_1098,4528.35,CUSTOMER_ABANDONED,0.616,1,20,Mobile,0,0,0,0,0
RP_10BBAB5D,CUST_3200,785.45,GATEWAY_TIMEOUT,0.64,0,15,Mobile,0,1,1,0,0
RP_90E0EAB8,CUST_3961,731.7,INSUFFICIENT_FUNDS,0.75,0,5,Mobile,0,0,0,1,0
RP_B8D619D4,CUST_5973,429.42,CUSTOMER_ABANDONED,0.892,0,18,Mobile,0,0,0,0,1
RP_B7FCA31F,CUST_5433,320.54,GATEWAY_TIMEOUT,0.655,0,17,Mobile,0,0,0,0,0
RP_285F15C2,CUST_3869,4536.85,CUSTOMER_ABANDONED,0.467,0,16,Mobile,0,0,0,0,0
RP_4A637A29,CUST_1956,8173.74,CUSTOMER_ABANDONED,0.746,0,10,Mobile,0,0,0,0,0
RP_0CA7701A,CUST_9352,336.22,INSUFFICIENT_FUNDS,0.563,0,22,Desktop,0,0,0,1,0
RP_B3215DE1,CUST_6699,5919.05,INSUFFICIENT_FUNDS,0.825,0,3,Desktop,0,0,0,0,0
RP_E9309C1C,CUST_7944,611.02,3D_SECURE_FAILED,0.971,1,23,Mobile,0,0,0,1,0
RP_FB33B6EC,CUST_5493,2080.53,CUSTOMER_ABANDONED,0.964,1,7,Mobile,0,0,1,0,1
RP_7DA73EFE,CUST_5911,5956.61,GATEWAY_TIMEOUT,0.802,2,23,Mobile,0,0,0,1,0
RP_3D01A457,CUST_4987,921.41,INSUFFICIENT_FUNDS,0.823,0,17,Desktop,0,0,0,0,0
RP_80A59EBF,CUST_7015,739.87,CUSTOMER_ABANDONED,0.81,0,12,Mobile,0,0,0,0,1
RP_48A7BC74,CUST_2218,2867.79,CUSTOMER_ABANDONED,0.596,0,20,Desktop,0,0,0,0,0
RP_7760304E,CUST_5496,289.47,GATEWAY_TIMEOUT,0.832,0,7,Mobile,0,1,1,0,0
RP_C0551495,CUST_5735,4343.66,INSUFFICIENT_FUNDS,0.946,0,9,Mobile,0,0,0,1,1
RP_26FC4611,CUST_5555,1301.63,3D_SECURE_FAILED,0.853,0,17,Mobile,0,0,1,1,0
RP_DE47EFB9,CUST_9050,548.23,CUSTOMER_ABANDONED,0.966,0,17,Mobile,0,0,0,1,1
RP_DEB3661A,CUST_4446,531.13,RISK_BLOCKED,0.548,0,16,Mobile,0,0,0,0,0
RP_7509251D,CUST_2045,208.48,CUSTOMER_ABANDONED,0.404,0,15,Mobile,0,0,0,1,0
RP_638F2AE6,CUST_7893,576.28,3D_SECURE_FAILED,0.655,0,5,Desktop,0,0,0,0,0
RP_7410AF59,CUST_2693,798.84,GATEWAY_TIMEOUT,0.611,0,13,Mobile,0,1,1,0,0
RP_C7199651,CUST_4436,306.88,CUSTOMER_ABANDONED,0.811,1,4,Mobile,0,0,0,0,0
RP_C8B5139A,CUST_9754,1038.41,GATEWAY_TIMEOUT,0.705,0,14,Mobile,0,1,1,0,0
RP_AE3099A6,CUST_6895,1934.3,CUSTOMER_ABANDONED,0.752,0,12,Mobile,0,0,0,1,1
RP_F9F17369,CUST_4354,848.81,INSUFFICIENT_FUNDS,0.589,0,15,Mobile,0,0,0,0,0
RP_3C5B9873,CUST_1225,2429.09,INSUFFICIENT_FUNDS,0.541,0,15,Desktop,0,0,0,1,0
RP_96EA1572,CUST_5893,416.31,3D_SECURE_FAILED,0.963,1,16,Mobile,0,1,0,0,0
RP_B2C31426,CUST_8022,3655.76,3D_SECURE_FAILED,0.904,0,23,Desktop,0,0,0,1,0
RP_353EDF44,CUST_6600,1269.25,GATEWAY_TIMEOUT,0.608,1,23,Desktop,0,1,0,1,0
RP_95808E66,CUST_8996,7004.5,CUSTOMER_ABANDONED,0.705,0,4,Mobile,0,0,0,0,1
RP_546EB7F0,CUST_8683,19871.88,INSUFFICIENT_FUNDS,0.741,0,10,Mobile,0,0,0,1,1
RP_4837CDCD,CUST_5642,623.72,INSUFFICIENT_FUNDS,0.73,2,14,Desktop,0,0,0,0,1
RP_44E4804D,CUST_8679,655.32,CUSTOMER_ABANDONED,0.624,1,2,Mobile,0,0,0,0,0
RP_51ED48A1,CUST_9208,816.08,INSUFFICIENT_FUNDS,0.679,0,7,Mobile,0,0,1,1,0
RP_0E5DD03B,CUST_8339,2241.37,3D_SECURE_FAILED,0.681,1,2,Desktop,0,0,0,1,0
RP_00968FBF,CUST_3205,5383.88,GATEWAY_TIMEOUT,0.654,0,3,Mobile,0,1,1,0,0
RP_CA03657E,CUST_2069,501.01,CUSTOMER_ABANDONED,0.956,0,13,Mobile,0,0,0,1,1
RP_7CAC53C2,CUST_4444,1732.8,CUSTOMER_ABANDONED,0.572,0,22,Mobile,0,0,0,0,0
RP_BE1FD875,CUST_2060,931.58,GATEWAY_TIMEOUT,0.57,2,22,Desktop,0,0,0,1,0
RP_29849F22,CUST_3327,2302.45,INSUFFICIENT_FUNDS,0.692,0,19,Mobile,0,0,0,0,1
RP_DB2C6FBE,CUST_4420,6709.97,CUSTOMER_ABANDONED,0.654,1,5,Mobile,0,0,0,0,1
RP_3BA7922E,CUST_1301,821.89,CUSTOMER_ABANDONED,0.672,0,23,Mobile,0,0,0,0,0
RP_2D3D8C65,CUST_1606,147.84,INSUFFICIENT_FUNDS,0.764,0,22,Desktop,0,0,1,0,0
RP_BDDC5A31,CUST_4170,2677.62,INSUFFICIENT_FUNDS,0.876,1,3,Desktop,0,0,0,0,0
RP_54FAAA83,CUST_1699,403.73,GATEWAY_TIMEOUT,0.745,0,11,Mobile,0,0,1,0,0
RP_07108CA2,CUST_6088,923.58,GATEWAY_TIMEOUT,0.865,0,1,Mobile,0,1,1,0,0
RP_FBEA94C0,CUST_1190,2819.84,INSUFFICIENT_FUNDS,0.957,0,17,Mobile,0,0,1,0,0
RP_393129E2,CUST_1980,1566.93,GATEWAY_TIMEOUT,0.733,1,13,Mobile,0,0,0,0,0
RP_7F4CB145,CUST_3975,970.62,CUSTOMER_ABANDONED,0.918,0,7,Desktop,0,0,0,0,1
RP_601F5A66,CUST_7102,549.46,CUSTOMER_ABANDONED,0.423,0,7,Mobile,0,0,0,0,0
RP_556648DE,CUST_2184,100.0,3D_SECURE_FAILED,0.362,0,11,Desktop,0,0,0,1,0
RP_8A11099E,CUST_4327,2535.09,CUSTOMER_ABANDONED,0.893,2,0,Mobile,0,0,0,1,1
RP_788B88CE,CUST_4394,809.53,3D_SECURE_FAILED,0.769,0,0,Mobile,0,0,0,0,0
RP_4C04CF90,CUST_9319,6741.27,CUSTOMER_ABANDONED,0.633,1,3,Desktop,0,0,0,0,0
RP_2B1A3AB4,CUST_2816,1768.05,CUSTOMER_ABANDONED,0.625,1,16,Mobile,0,0,0,0,0
RP_F57F5A7C,CUST_6854,572.86,RISK_BLOCKED,0.425,0,9,Mobile,0,0,0,0,0
RP_F4B65150,CUST_7709,3945.16,CUSTOMER_ABANDONED,0.519,0,0,Mobile,0,0,0,0,1
RP_8A3DE553,CUST_1569,4364.92,GATEWAY_TIMEOUT,0.684,0,10,Desktop,0,1,0,0,0
RP_DDE269C5,CUST_6442,843.16,CUSTOMER_ABANDONED,0.826,0,20,Mobile,0,0,0,1,1
RP_15403CF2,CUST_2895,4593.39,3D_SECURE_FAILED,0.618,0,16,Desktop,0,0,0,1,0
RP_972D988E,CUST_3733,563.2,CUSTOMER_ABANDONED,0.79,1,9,Desktop,0,0,0,0,1
RP_F44618A0,CUST_4863,1328.2,CUSTOMER_ABANDONED,0.891,0,5,Mobile,0,0,0,0,0
RP_A753E5FA,CUST_8455,2176.97,CUSTOMER_ABANDONED,0.862,0,3,Desktop,0,0,0,1,1
RP_165B582E,CUST_5014,2812.24,RISK_BLOCKED,0.699,0,12,Mobile,0,0,0,0,0
RP_93E51337,CUST_2686,2311.9,GATEWAY_TIMEOUT,0.882,0,10,Mobile,0,1,0,0,0
RP_15945652,CUST_4009,735.69,CUSTOMER_ABANDONED,0.425,0,4,Desktop,0,0,0,0,0
RP_1581A4DB,CUST_8806,4074.23,GATEWAY_TIMEOUT,0.714,1,13,Mobile,0,0,0,0,0
RP_19569DAC,CUST_1154,944.53,CUSTOMER_ABANDONED,0.283,0,1,Mobile,0,0,0,0,0
RP_0C8E2B93,CUST_2409,554.0,CUSTOMER_ABANDONED,0.696,0,2,Mobile,0,0,0,0,0
RP_53045D1D,CUST_1784,563.85,GATEWAY_TIMEOUT,0.829,1,2,Mobile,0,0,0,0,0
RP_7511F33C,CUST_9096,11248.46,GATEWAY_TIMEOUT,0.4,0,10,Mobile,0,0,0,0,0
RP_6B30387F,CUST_8560,450.17,CUSTOMER_ABANDONED,0.569,1,8,Mobile,0,0,0,1,0
RP_071AF838,CUST_8343,5166.56,GATEWAY_TIMEOUT,0.989,0,18,Mobile,0,1,0,0,0
RP_81C8B48C,CUST_8206,280.74,GATEWAY_TIMEOUT,0.879,1,9,Desktop,0,0,0,0,1
RP_8246BE4E,CUST_6596,1969.4,CUSTOMER_ABANDONED,0.499,0,20,Desktop,0,0,0,0,1
RP_0488D0A4,CUST_6801,1566.34,INSUFFICIENT_FUNDS,0.9,0,5,Mobile,0,0,0,1,0
RP_CC2D35E4,CUST_3806,7673.07,INSUFFICIENT_FUNDS,0.557,0,21,Mobile,0,0,0,0,1
RP_D42E12A3,CUST_1537,500.05,3D_SECURE_FAILED,0.774,0,5,Mobile,0,0,0,0,0
RP_E674E6A6,CUST_6986,358.96,GATEWAY_TIMEOUT,0.455,1,0,Desktop,0,1,1,0,0
RP_5CF3023E,CUST_2841,953.55,INSUFFICIENT_FUNDS,0.95,0,21,Mobile,0,0,1,0,1
RP_78E3603F,CUST_9716,8084.97,CUSTOMER_ABANDONED,0.726,0,0,Mobile,0,0,0,0,1
RP_A5A4738C,CUST_7971,379.56,CUSTOMER_ABANDONED,0.773,0,21,Desktop,0,0,0,0,1
RP_30D1CA9C,CUST_6625,100.0,3D_SECURE_FAILED,0.809,0,21,Mobile,0,0,0,0,0
RP_91A3ED97,CUST_3950,1178.17,3D_SECURE_FAILED,0.881,0,18,Mobile,0,1,0,1,0
RP_06277681,CUST_8992,3426.96,CUSTOMER_ABANDONED,0.541,0,2,Mobile,0,0,0,0,0
RP_6EDB3386,CUST_5780,324.87,GATEWAY_TIMEOUT,0.763,0,5,Desktop,0,1,1,0,0
RP_F0E8E0FC,CUST_3368,3033.64,GATEWAY_TIMEOUT,0.729,0,1,Mobile,0,1,1,0,0
RP_B035678F,CUST_7655,316.37,INSUFFICIENT_FUNDS,0.366,2,14,Mobile,0,0,0,1,0
RP_098D04D2,CUST_9173,919.78,GATEWAY_TIMEOUT,0.807,0,11,Desktop,0,0,0,0,0
RP_29810E42,CUST_5495,2705.98,CUSTOMER_ABANDONED,0.804,0,20,Desktop,0,0,0,0,0
RP_466A57CC,CUST_7002,263.76,CUSTOMER_ABANDONED,0.861,0,9,Mobile,0,0,0,0,0
RP_C6B5FDC6,CUST_7614,1363.51,GATEWAY_TIMEOUT,0.741,1,18,Mobile,0,0,0,0,1
RP_436D2B4A,CUST_6919,4712.47,CUSTOMER_ABANDONED,0.775,0,20,Mobile,0,0,0,0,0
RP_0992E149,CUST_1853,1936.66,GATEWAY_TIMEOUT,0.455,0,12,Mobile,0,1,0,0,0
RP_5F74E421,CUST_5146,461.85,INSUFFICIENT_FUNDS,0.783,0,2,Mobile,0,0,0,0,0
RP_CDABC1FF,CUST_4769,6784.95,CUSTOMER_ABANDONED,0.534,0,17,Mobile,0,0,0,0,0
RP_FCF97CE4,CUST_1574,2416.49,INSUFFICIENT_FUNDS,0.603,0,19,Mobile,0,0,1,0,0
RP_B0B0369C,CUST_2148,117.62,INSUFFICIENT_FUNDS,0.887,1,4,Mobile,0,0,1,0,1
RP_768AE7BE,CUST_7293,3093.6,GATEWAY_TIMEOUT,0.477,0,21,Mobile,0,0,1,0,0
RP_B20CE217,CUST_7457,552.44,INSUFFICIENT_FUNDS,0.549,0,12,Mobile,0,0,0,1,0
RP_DBFE56D8,CUST_8509,1388.36,CUSTOMER_ABANDONED,0.7,1,13,Desktop,0,0,0,0,0
RP_C10E7177,CUST_5777,3676.09,3D_SECURE_FAILED,0.634,0,14,Mobile,0,0,0,0,0
RP_0440FC9F,CUST_4854,567.07,INSUFFICIENT_FUNDS,0.71,0,17,Mobile,0,0,0,0,1
RP_B4D3F06D,CUST_3491,152.21,INSUFFICIENT_FUNDS,0.617,0,13,Mobile,0,0,0,0,0
RP_B6209F5C,CUST_4124,6678.54,CUSTOMER_ABANDONED,0.764,2,18,Mobile,0,0,0,0,0
RP_14D51001,CUST_6691,4435.96,3D_SECURE_FAILED,0.696,0,2,Mobile,0,0,0,0,0
RP_69D93EFC,CUST_4051,987.61,GATEWAY_TIMEOUT,0.795,0,21,Mobile,0,1,1,0,1
RP_85ED25AD,CUST_1004,3053.69,INSUFFICIENT_FUNDS,0.49,0,0,Mobile,0,0,0,1,0
RP_09ACCFF4,CUST_6222,703.97,CUSTOMER_ABANDONED,0.63,0,22,Mobile,0,0,0,0,1
RP_A2D2533D,CUST_6315,1231.96,CUSTOMER_ABANDONED,0.783,0,23,Mobile,1,0,0,0,0
RP_40D5737D,CUST_5869,922.29,GATEWAY_TIMEOUT,0.45,1,6,Mobile,0,0,0,0,0
RP_800CB92F,CUST_1876,738.98,CUSTOMER_ABANDONED,0.902,0,19,Mobile,0,0,0,0,1
RP_D02D0DF7,CUST_8027,1687.77,GATEWAY_TIMEOUT,0.784,1,6,Mobile,0,0,0,0,0
RP_F0182DC5,CUST_5142,257.29,INSUFFICIENT_FUNDS,0.684,0,16,Mobile,0,0,0,1,1
RP_4D5AD093,CUST_7966,810.87,INSUFFICIENT_FUNDS,0.838,2,14,Mobile,0,0,0,0,0
RP_D7A93468,CUST_8079,1599.39,3D_SECURE_FAILED,0.887,2,12,Mobile,0,0,0,1,0
RP_8E3DA25B,CUST_8987,9953.91,INSUFFICIENT_FUNDS,0.771,0,23,Mobile,0,0,0,1,0
RP_4A20668C,CUST_7799,270.15,GATEWAY_TIMEOUT,0.667,0,14,Mobile,0,1,1,0,1
RP_9CC94021,CUST_5465,2048.09,GATEWAY_TIMEOUT,0.673,1,2,Mobile,0,1,0,0,0
RP_FB998AD3,CUST_1635,2335.96,3D_SECURE_FAILED,0.941,0,16,Mobile,0,0,1,1,0
RP_D6A6BDFF,CUST_2693,115.35,GATEWAY_TIMEOUT,0.127,0,15,Desktop,0,0,0,0,0
RP_13B4B703,CUST_5752,1794.78,INSUFFICIENT_FUNDS,0.796,2,21,Mobile,0,0,0,1,1
RP_72FEA191,CUST_9311,3153.73,GATEWAY_TIMEOUT,0.451,0,0,Desktop,0,0,0,0,0
RP_885E1DD6,CUST_1830,2222.49,CUSTOMER_ABANDONED,0.692,0,23,Desktop,0,0,0,0,1
RP_6118E9D7,CUST_6177,991.57,INSUFFICIENT_FUNDS,0.786,1,13,Mobile,0,0,1,0,0
RP_19900A1E,CUST_9932,1635.8,INSUFFICIENT_FUNDS,0.291,0,2,Mobile,0,0,0,0,0
RP_AD16AA27,CUST_9308,1344.55,INSUFFICIENT_FUNDS,0.806,0,19,Mobile,0,0,1,0,0
RP_0971CBA4,CUST_6949,144.41,3D_SECURE_FAILED,0.86,0,21,Mobile,0,0,0,0,0
RP_F19DE30E,CUST_3838,1382.96,CUSTOMER_ABANDONED,0.977,0,3,Mobile,0,0,0,1,0
RP_6FADCF87,CUST_2150,705.93,CUSTOMER_ABANDONED,0.706,2,23,Mobile,0,0,0,0,1
RP_5296E04E,CUST_8560,470.7,3D_SECURE_FAILED,0.823,2,8,Mobile,0,0,0,0,0
RP_A5CF2692,CUST_2931,21632.76,3D_SECURE_FAILED,0.844,0,20,Mobile,0,0,0,1,0
RP_85376D62,CUST_2664,4930.22,INSUFFICIENT_FUNDS,0.867,1,0,Desktop,0,0,0,1,0
RP_D334998E,CUST_2081,275.83,RISK_BLOCKED,0.691,0,23,Mobile,0,0,0,0,0
RP_73E877CB,CUST_1512,1662.31,GATEWAY_TIMEOUT,0.816,0,13,Desktop,0,1,0,0,0
RP_40E17DD3,CUST_8805,6308.36,INSUFFICIENT_FUNDS,0.717,0,12,Mobile,0,0,0,0,0
RP_C1695B86,CUST_6237,182.1,3D_SECURE_FAILED,0.715,0,14,Mobile,0,0,0,1,0
RP_10D2796C,CUST_1559,1202.77,GATEWAY_TIMEOUT,0.478,0,17,Desktop,0,0,0,0,1
RP_0AC4112D,CUST_4672,1272.69,GATEWAY_TIMEOUT,0.45,0,15,Mobile,0,0,0,1,1
RP_D3597C2C,CUST_8404,237.6,INSUFFICIENT_FUNDS,0.333,0,5,Mobile,0,0,1,0,0
RP_DE3484AC,CUST_4343,1729.28,CUSTOMER_ABANDONED,0.556,0,21,Mobile,0,0,0,0,1
RP_8E828AA6,CUST_5070,4185.98,INSUFFICIENT_FUNDS,0.544,2,15,Desktop,0,0,0,0,0
RP_444A5359,CUST_1580,6698.62,CUSTOMER_ABANDONED,0.484,2,10,Desktop,0,0,0,0,0
RP_591BC4A9,CUST_8004,813.03,3D_SECURE_FAILED,0.698,1,6,Mobile,0,0,0,1,0
RP_B9EB70EC,CUST_9130,22069.99,CUSTOMER_ABANDONED,0.557,0,8,Mobile,0,0,0,0,0
RP_552DC23B,CUST_4147,100.0,GATEWAY_TIMEOUT,0.898,0,0,Mobile,0,1,0,0,0
RP_DB7CC0FC,CUST_5249,1681.53,3D_SECURE_FAILED,0.518,0,9,Desktop,0,0,1,0,1
RP_00A2E492,CUST_2679,201.39,GATEWAY_TIMEOUT,0.441,0,7,Mobile,0,0,0,0,0
RP_F584C271,CUST_4506,1221.97,GATEWAY_TIMEOUT,0.63,0,10,Desktop,0,0,0,0,1
RP_2EC14B03,CUST_8253,586.23,GATEWAY_TIMEOUT,0.864,0,4,Mobile,0,1,0,0,0
RP_A952AA80,CUST_3744,2014.76,CUSTOMER_ABANDONED,0.871,0,5,Desktop,0,0,0,0,1
RP_E51815FE,CUST_6188,941.75,GATEWAY_TIMEOUT,0.94,1,23,Mobile,0,0,0,0,1
RP_2DC6DC69,CUST_3141,407.0,GATEWAY_TIMEOUT,0.877,0,23,Mobile,0,1,1,1,0
RP_AA7D86EC,CUST_7617,440.39,INSUFFICIENT_FUNDS,0.784,0,11,Mobile,0,0,1,1,0
RP_7FEC471A,CUST_3479,11147.29,GATEWAY_TIMEOUT,0.616,0,10,Mobile,0,1,1,0,0
RP_16DE77FA,CUST_7484,1867.26,CUSTOMER_ABANDONED,0.752,0,6,Mobile,0,0,0,1,1
RP_F0B2967B,CUST_8421,142.23,CUSTOMER_ABANDONED,0.801,0,6,Desktop,0,0,0,1,0
RP_2AF12377,CUST_5452,2123.76,CUSTOMER_ABANDONED,0.679,0,11,Desktop,0,0,0,0,1
RP_34062905,CUST_6881,868.17,GATEWAY_TIMEOUT,0.714,1,11,Desktop,0,1,0,0,0
RP_8BD96FBF,CUST_7665,1102.7,GATEWAY_TIMEOUT,0.592,0,0,Mobile,0,0,0,0,0
RP_2F57A392,CUST_3849,2933.25,RISK_BLOCKED,0.537,0,23,Mobile,0,1,0,0,0
RP_774E1DE4,CUST_8390,4536.33,GATEWAY_TIMEOUT,0.755,0,18,Mobile,0,1,0,0,0
RP_4AF23FC2,CUST_7905,391.28,3D_SECURE_FAILED,0.73,0,20,Desktop,0,0,0,1,0
RP_01A74876,CUST_3489,1058.18,GATEWAY_TIMEOUT,0.854,0,3,Mobile,0,1,0,0,1
RP_50309131,CUST_5611,569.45,3D_SECURE_FAILED,0.716,0,18,Mobile,0,1,0,0,0
RP_3D4F78E8,CUST_3839,2244.49,INSUFFICIENT_FUNDS,0.826,0,20,Mobile,0,0,1,1,0
RP_C6057EB6,CUST_9527,829.84,INSUFFICIENT_FUNDS,0.764,1,18,Mobile,0,0,0,1,0
RP_8CFB6A18,CUST_6878,1135.81,CUSTOMER_ABANDONED,0.922,0,10,Mobile,0,0,0,0,0
RP_26A81D15,CUST_7303,792.88,CUSTOMER_ABANDONED,0.449,0,8,Mobile,0,0,0,0,0
RP_47F64882,CUST_1851,965.51,INSUFFICIENT_FUNDS,0.683,0,12,Mobile,0,0,0,0,0
RP_067F7925,CUST_2687,8480.98,CUSTOMER_ABANDONED,0.775,0,21,Mobile,0,0,0,0,1
RP_B615099F,CUST_7833,19320.45,CUSTOMER_ABANDONED,0.828,0,18,Desktop,0,0,0,0,1
RP_025E418D,CUST_3427,1724.19,GATEWAY_TIMEOUT,0.509,0,4,Mobile,0,0,0,0,0
RP_BE1F516F,CUST_5000,972.66,GATEWAY_TIMEOUT,0.794,1,10,Desktop,0,1,1,0,0
RP_0516D7D2,CUST_6052,161.62,INSUFFICIENT_FUNDS,0.617,0,23,Mobile,0,0,0,0,0
RP_5C8995C2,CUST_3738,440.32,GATEWAY_TIMEOUT,0.876,0,2,Mobile,0,0,0,0,0
RP_93D3974B,CUST_6732,941.92,CUSTOMER_ABANDONED,0.6,0,4,Mobile,0,0,0,0,0
RP_88E86A40,CUST_6387,464.95,GATEWAY_TIMEOUT,0.331,1,12,Desktop,0,1,0,0,0
RP_11506432,CUST_9002,527.48,INSUFFICIENT_FUNDS,0.564,0,13,Desktop,0,0,0,0,0
RP_B7FF5663,CUST_6536,7262.41,GATEWAY_TIMEOUT,0.832,0,12,Mobile,0,1,0,0,1
RP_2BB47CD5,CUST_4913,1135.18,INSUFFICIENT_FUNDS,0.834,0,1,Mobile,0,0,0,0,0
RP_391CA87C,CUST_2066,1263.77,GATEWAY_TIMEOUT,0.888,0,1,Mobile,0,1,0,1,0
RP_2E111F82,CUST_8723,488.32,GATEWAY_TIMEOUT,0.696,0,17,Desktop,0,1,0,0,1
RP_BE403F75,CUST_5380,4505.5,GATEWAY_TIMEOUT,0.816,0,5,Mobile,0,0,1,0,0
RP_7B167F04,CUST_5107,849.72,RISK_BLOCKED,0.834,0,18,Desktop,0,0,0,0,0
RP_A2912A80,CUST_6726,586.96,GATEWAY_TIMEOUT,0.619,1,9,Mobile,0,1,0,1,0
RP_CE18F5D0,CUST_4373,164.53,CUSTOMER_ABANDONED,0.635,0,20,Mobile,0,0,0,0,1
RP_0623B746,CUST_9945,1019.1,GATEWAY_TIMEOUT,0.938,0,7,Mobile,0,0,0,0,1
RP_BD7C0A0A,CUST_3082,565.4,GATEWAY_TIMEOUT,0.945,0,4,Mobile,0,1,1,0,1
RP_A829DEC2,CUST_9967,8279.15,INSUFFICIENT_FUNDS,0.626,0,1,Desktop,0,0,0,0,0
RP_AC0EF2C6,CUST_7748,10023.41,INSUFFICIENT_FUNDS,0.591,0,5,Desktop,0,0,1,1,0
RP_4EF8CF3C,CUST_1417,249.05,RISK_BLOCKED,0.387,1,17,Desktop,0,0,0,0,0
RP_841895B8,CUST_9306,285.26,3D_SECURE_FAILED,0.662,0,7,Mobile,0,0,0,0,0
RP_60D3C7F7,CUST_9808,787.15,CUSTOMER_ABANDONED,0.784,1,1,Mobile,0,0,0,0,0
RP_11C27D37,CUST_4974,411.89,CUSTOMER_ABANDONED,0.922,0,22,Mobile,0,0,0,1,0
RP_53A1E7A6,CUST_4267,1423.54,INSUFFICIENT_FUNDS,0.989,1,19,Mobile,0,0,0,0,0
RP_F4B020ED,CUST_1825,741.04,INSUFFICIENT_FUNDS,0.4,0,3,Desktop,0,0,0,0,0
RP_EBFA8096,CUST_8668,1535.54,3D_SECURE_FAILED,0.734,0,14,Mobile,0,1,0,0,0
RP_F3C93222,CUST_6745,3711.95,CUSTOMER_ABANDONED,0.448,0,23,Desktop,0,0,0,0,0
RP_F9FF06E8,CUST_1412,305.8,CUSTOMER_ABANDONED,0.8,0,19,Mobile,0,0,0,0,0
RP_9416ED15,CUST_8543,3620.09,GATEWAY_TIMEOUT,0.4,0,23,Mobile,0,0,0,0,0
RP_81FAF199,CUST_8587,457.43,GATEWAY_TIMEOUT,0.819,0,8,Mobile,0,1,0,0,0
RP_37C88C9B,CUST_1728,14446.1,3D_SECURE_FAILED,0.957,2,23,Mobile,0,0,0,0,0
RP_11C0B4DA,CUST_8164,7670.76,INSUFFICIENT_FUNDS,0.906,1,19,Mobile,0,0,1,1,1
RP_E85EAF15,CUST_9867,957.48,INSUFFICIENT_FUNDS,0.941,1,20,Mobile,0,0,0,0,0
RP_6B13D747,CUST_6988,345.05,GATEWAY_TIMEOUT,0.518,0,5,Desktop,0,0,1,0,0
RP_7235CA80,CUST_3504,274.28,CUSTOMER_ABANDONED,0.421,1,8,Mobile,0,0,0,0,0
RP_8760E4C2,CUST_3967,3128.64,GATEWAY_TIMEOUT,0.469,0,12,Mobile,0,1,0,0,0
RP_B0917AD3,CUST_3786,1057.35,CUSTOMER_ABANDONED,0.562,0,4,Mobile,0,0,0,0,1
RP_AE718563,CUST_2122,3335.04,GATEWAY_TIMEOUT,0.577,0,13,Desktop,0,1,0,0,0
RP_2C6962B7,CUST_5079,15445.53,3D_SECURE_FAILED,0.827,0,13,Mobile,0,0,0,1,0
RP_9D9D75BC,CUST_2571,435.08,CUSTOMER_ABANDONED,0.616,0,17,Mobile,0,0,0,0,1
RP_60C9B78A,CUST_6073,250.59,GATEWAY_TIMEOUT,0.62,0,6,Mobile,0,0,1,0,1
RP_C3740D96,CUST_6104,1381.7,CUSTOMER_ABANDONED,0.871,0,5,Mobile,0,0,0,0,1
RP_1FB0DCAE,CUST_3143,4331.68,INSUFFICIENT_FUNDS,0.643,1,11,Mobile,0,0,0,0,0
RP_E020720C,CUST_7806,354.76,GATEWAY_TIMEOUT,0.601,2,13,Mobile,0,1,0,0,1
RP_2FE9F483,CUST_8357,1143.16,3D_SECURE_FAILED,0.688,0,18,Desktop,0,0,0,1,0
RP_00477EFB,CUST_4440,5676.29,INSUFFICIENT_FUNDS,0.629,0,15,Mobile,0,0,0,1,0
RP_8BD9ACA0,CUST_4766,154.55,INSUFFICIENT_FUNDS,0.641,1,23,Desktop,0,0,0,0,0
RP_9356AE72,CUST_6644,1454.45,GATEWAY_TIMEOUT,0.289,0,18,Mobile,0,0,1,0,0
RP_4C2C0BDF,CUST_3914,573.57,INSUFFICIENT_FUNDS,0.257,2,9,Desktop,0,0,0,0,0
RP_A08BF363,CUST_5968,1272.82,3D_SECURE_FAILED,0.649,1,10,Desktop,0,0,0,0,0
RP_FD9A91D8,CUST_6917,2570.21,INSUFFICIENT_FUNDS,0.468,0,3,Desktop,0,0,1,0,0
RP_D41F554D,CUST_9787,1429.34,RISK_BLOCKED,0.763,0,19,Mobile,0,0,0,0,0
RP_499CA6FF,CUST_1728,326.27,3D_SECURE_FAILED,0.719,2,1,Desktop,0,0,0,0,0
RP_127A2673,CUST_2365,600.95,GATEWAY_TIMEOUT,0.65,2,8,Mobile,0,0,0,0,1
RP_B3348B14,CUST_5492,6074.84,GATEWAY_TIMEOUT,0.921,0,9,Mobile,0,0,1,0,1
RP_663E6275,CUST_1698,1627.37,3D_SECURE_FAILED,0.504,0,7,Desktop,0,0,0,0,0
RP_36AF359B,CUST_8186,3006.05,INSUFFICIENT_FUNDS,0.877,0,3,Mobile,0,0,0,0,0
RP_F93CE222,CUST_1395,1480.82,GATEWAY_TIMEOUT,0.666,0,12,Mobile,0,0,1,0,0
RP_690B846B,CUST_8400,2895.58,GATEWAY_TIMEOUT,0.815,2,5,Desktop,0,0,1,0,0
RP_E30E6FB5,CUST_9082,681.72,CUSTOMER_ABANDONED,0.665,1,5,Mobile,0,0,0,0,1
RP_98DC43BB,CUST_5171,436.59,CUSTOMER_ABANDONED,0.811,0,1,Mobile,0,0,0,1,1
RP_F1537E23,CUST_5360,2741.98,GATEWAY_TIMEOUT,0.5,0,8,Mobile,0,0,0,0,0
RP_332E141E,CUST_3502,4242.25,GATEWAY_TIMEOUT,0.77,1,5,Mobile,0,0,0,0,0
RP_85F65050,CUST_1717,366.08,3D_SECURE_FAILED,0.83,0,4,Mobile,0,0,0,0,1
RP_5823F9F1,CUST_3782,549.42,CUSTOMER_ABANDONED,0.67,0,1,Mobile,0,0,0,1,0
RP_8675FE4F,CUST_5946,901.56,CUSTOMER_ABANDONED,0.651,0,13,Desktop,0,0,0,0,1
RP_E01432F3,CUST_6486,7660.17,CUSTOMER_ABANDONED,0.803,0,9,Desktop,0,0,0,0,0
RP_DEF6B7C1,CUST_9335,2155.47,INSUFFICIENT_FUNDS,0.777,1,14,Mobile,0,0,0,0,1
RP_5BD9E99B,CUST_5980,223.88,CUSTOMER_ABANDONED,0.504,1,16,Mobile,0,0,0,1,0
RP_01FF3750,CUST_8266,980.85,INSUFFICIENT_FUNDS,0.821,0,6,Mobile,0,0,1,0,0
RP_F8E2186D,CUST_5491,816.43,GATEWAY_TIMEOUT,0.699,0,19,Desktop,0,0,0,0,0
RP_F1147B3F,CUST_8192,268.29,CUSTOMER_ABANDONED,0.706,0,10,Desktop,0,0,0,1,1
RP_34F1B7AA,CUST_6588,967.05,INSUFFICIENT_FUNDS,0.669,0,12,Mobile,0,0,1,1,0
RP_5D418387,CUST_8651,774.3,RISK_BLOCKED,0.868,1,22,Desktop,0,0,0,0,0
RP_C9D11679,CUST_4636,710.55,INSUFFICIENT_FUNDS,0.837,0,20,Mobile,0,0,0,1,1
RP_A38BAECA,CUST_2167,672.59,3D_SECURE_FAILED,0.744,2,16,Mobile,0,0,0,1,0
RP_2FD216DA,CUST_2062,6410.37,3D_SECURE_FAILED,0.929,0,4,Mobile,0,0,0,0,0
RP_626FC677,CUST_3156,708.79,GATEWAY_TIMEOUT,0.982,0,11,Mobile,0,1,1,0,0
RP_B8D75F64,CUST_8860,1163.99,CUSTOMER_ABANDONED,0.814,0,3,Mobile,0,0,0,0,0
RP_23E581DC,CUST_6161,1021.96,INSUFFICIENT_FUNDS,0.827,0,0,Mobile,0,0,0,0,0
RP_C0B6ABD0,CUST_6305,598.23,3D_SECURE_FAILED,0.882,0,9,Mobile,0,0,0,0,0
RP_1161B9A7,CUST_7541,1206.41,INSUFFICIENT_FUNDS,0.869,0,1,Mobile,0,0,0,0,1
RP_BF44AF3C,CUST_5729,1186.09,CUSTOMER_ABANDONED,0.757,0,12,Mobile,0,1,0,0,1
RP_FF38BA03,CUST_8330,1206.78,INSUFFICIENT_FUNDS,0.886,2,12,Mobile,0,0,0,0,0
RP_2E04EF68,CUST_6334,391.08,GATEWAY_TIMEOUT,0.714,0,11,Desktop,0,0,0,1,0
RP_C456D50E,CUST_9924,856.33,GATEWAY_TIMEOUT,0.944,0,0,Desktop,0,1,1,1,0
RP_05F3E681,CUST_5330,2730.9,INSUFFICIENT_FUNDS,0.83,0,9,Mobile,0,0,0,0,0
RP_26188D13,CUST_9010,883.79,CUSTOMER_ABANDONED,0.961,0,19,Desktop,0,0,0,1,1
RP_94A26AAA,CUST_7801,1331.6,CUSTOMER_ABANDONED,0.465,0,23,Mobile,0,0,0,0,0
RP_5F7D9248,CUST_5846,1340.03,CUSTOMER_ABANDONED,0.807,0,4,Mobile,0,0,0,0,1
RP_29625B4B,CUST_7731,1809.62,GATEWAY_TIMEOUT,0.83,0,9,Mobile,0,0,1,0,0
RP_00D68B9F,CUST_8241,2143.9,INSUFFICIENT_FUNDS,0.555,0,6,Mobile,0,0,0,0,0
RP_4D0266C7,CUST_1953,889.82,GATEWAY_TIMEOUT,0.595,0,14,Mobile,0,1,0,0,0
RP_13FBEC2D,CUST_3539,367.38,CUSTOMER_ABANDONED,0.582,0,17,Mobile,0,0,0,1,0
RP_3CCC3C8C,CUST_8056,254.05,RISK_BLOCKED,0.571,1,19,Desktop,0,0,0,0,0
RP_7FF22E63,CUST_2542,3719.05,INSUFFICIENT_FUNDS,0.735,1,3,Mobile,0,0,0,0,0
RP_CC4B71EA,CUST_6293,2763.63,GATEWAY_TIMEOUT,0.942,1,0,Mobile,0,1,1,0,1
RP_2CBA04F9,CUST_2191,2390.45,GATEWAY_TIMEOUT,0.795,0,7,Desktop,0,1,0,0,0
RP_D00C1A06,CUST_7313,2902.84,CUSTOMER_ABANDONED,0.66,2,10,Mobile,0,0,0,0,0
RP_F6636C36,CUST_7938,903.37,CUSTOMER_ABANDONED,0.807,2,2,Mobile,0,0,0,0,0
RP_89FF1206,CUST_3681,518.09,CUSTOMER_ABANDONED,0.755,1,11,Mobile,0,0,0,0,1
RP_433006AD,CUST_2540,338.16,GATEWAY_TIMEOUT,0.907,0,12,Mobile,0,1,1,0,0
RP_0DE9CA71,CUST_7172,296.72,CUSTOMER_ABANDONED,0.587,0,19,Mobile,0,0,0,0,0
RP_EBD8558E,CUST_6541,4696.58,CUSTOMER_ABANDONED,0.626,1,17,Mobile,0,0,0,0,0
RP_0BC8776E,CUST_2365,606.82,INSUFFICIENT_FUNDS,0.612,1,11,Mobile,0,0,0,0,0
RP_21D83F9B,CUST_9691,3888.7,INSUFFICIENT_FUNDS,0.655,0,9,Desktop,0,0,0,1,0
RP_AB1282D8,CUST_9702,876.32,GATEWAY_TIMEOUT,0.573,0,20,Mobile,0,1,1,0,0
RP_FCAFD635,CUST_8494,487.12,INSUFFICIENT_FUNDS,0.897,0,20,Mobile,0,0,1,0,0
RP_B40F8851,CUST_5312,294.94,3D_SECURE_FAILED,0.863,0,14,Mobile,0,0,0,0,1
RP_DB158BCC,CUST_2324,541.43,INSUFFICIENT_FUNDS,0.659,1,2,Desktop,0,0,0,0,0
RP_D8D16201,CUST_4141,6014.25,CUSTOMER_ABANDONED,0.581,0,23,Mobile,0,0,0,0,1
RP_79F53DF3,CUST_8419,298.55,CUSTOMER_ABANDONED,0.897,0,14,Mobile,0,0,0,1,1
RP_550841E9,CUST_4486,13906.29,GATEWAY_TIMEOUT,0.71,1,16,Mobile,0,0,1,0,0
RP_A296263D,CUST_2810,399.92,CUSTOMER_ABANDONED,0.589,0,15,Mobile,0,0,0,0,0
RP_B2EB299C,CUST_7588,2697.12,INSUFFICIENT_FUNDS,0.842,0,1,Mobile,0,0,1,0,0
RP_B6A167CC,CUST_3923,921.22,INSUFFICIENT_FUNDS,0.722,1,0,Mobile,0,0,0,0,0
RP_FC3B4D07,CUST_6301,746.45,GATEWAY_TIMEOUT,0.518,0,21,Desktop,0,1,0,0,0
RP_53326D58,CUST_5186,238.48,INSUFFICIENT_FUNDS,0.743,0,3,Desktop,0,0,1,0,0
RP_BDCE1F84,CUST_9905,974.5,GATEWAY_TIMEOUT,0.616,1,16,Desktop,0,0,0,0,1
RP_0982AE88,CUST_6977,273.16,GATEWAY_TIMEOUT,0.918,1,6,Mobile,0,0,0,0,0
RP_48E31C93,CUST_5268,145.78,INSUFFICIENT_FUNDS,0.674,1,4,Mobile,0,0,0,0,0
RP_C4DF2AB2,CUST_5748,1265.87,INSUFFICIENT_FUNDS,0.855,0,22,Mobile,0,0,0,0,1
RP_6F67F213,CUST_5849,511.57,3D_SECURE_FAILED,0.785,0,3,Mobile,0,1,0,1,0
RP_3AD3A992,CUST_4709,8276.85,INSUFFICIENT_FUNDS,0.807,1,19,Mobile,0,1,0,0,0
RP_0C02B2C7,CUST_7619,3641.05,CUSTOMER_ABANDONED,0.969,0,19,Mobile,0,0,0,1,1
RP_B3A4DC13,CUST_9647,8407.83,INSUFFICIENT_FUNDS,0.735,0,4,Mobile,0,0,0,1,0
RP_4B99ABB6,CUST_4072,484.41,CUSTOMER_ABANDONED,0.643,0,7,Desktop,0,0,0,0,1
RP_4DDD39D3,CUST_7530,1291.25,GATEWAY_TIMEOUT,0.854,0,19,Mobile,0,1,0,0,1
RP_D5145FB3,CUST_1504,100.0,3D_SECURE_FAILED,0.832,0,22,Mobile,0,0,0,0,0
RP_4EC8045F,CUST_2214,781.99,INSUFFICIENT_FUNDS,0.862,0,8,Desktop,0,0,1,0,0
RP_312B4B7A,CUST_2531,1234.22,CUSTOMER_ABANDONED,0.871,0,5,Desktop,0,0,0,0,0
RP_1884B6C4,CUST_8576,1319.3,INSUFFICIENT_FUNDS,0.805,2,3,Mobile,0,0,0,0,0
RP_4E72B60E,CUST_1823,1042.27,GATEWAY_TIMEOUT,0.467,0,4,Mobile,0,0,0,0,0
RP_DDF57253,CUST_1928,1187.86,CUSTOMER_ABANDONED,0.921,0,7,Desktop,0,0,0,0,1
RP_F45B8955,CUST_6029,100.0,GATEWAY_TIMEOUT,0.878,0,19,Mobile,0,1,0,1,0
RP_F3F6A15B,CUST_1133,1491.39,INSUFFICIENT_FUNDS,0.847,0,12,Desktop,0,0,0,0,0
RP_CE868BDC,CUST_3105,1958.88,GATEWAY_TIMEOUT,0.686,2,3,Mobile,0,0,0,0,1
RP_0670D134,CUST_4627,5462.33,CUSTOMER_ABANDONED,0.8,1,6,Mobile,0,0,0,0,0
RP_94A0F349,CUST_7316,1706.99,RISK_BLOCKED,0.565,1,21,Mobile,0,0,0,0,0
RP_BF32714B,CUST_2852,937.41,INSUFFICIENT_FUNDS,0.353,1,0,Mobile,0,0,0,0,0
RP_7F7E71B9,CUST_5910,4129.58,CUSTOMER_ABANDONED,0.833,2,8,Desktop,0,0,0,0,0
RP_9C577176,CUST_5175,100.0,INSUFFICIENT_FUNDS,0.622,0,4,Mobile,0,0,0,0,0
RP_F934B687,CUST_6348,591.15,INSUFFICIENT_FUNDS,0.747,0,9,Mobile,0,0,0,0,0
RP_100201E1,CUST_7190,437.48,3D_SECURE_FAILED,0.329,0,10,Mobile,0,0,0,0,0
RP_337640D0,CUST_2256,1052.13,3D_SECURE_FAILED,0.572,0,17,Desktop,0,0,0,0,0
RP_C2A2DAE6,CUST_4376,100.0,CUSTOMER_ABANDONED,0.648,0,4,Desktop,0,0,0,0,0
RP_E90C0963,CUST_6645,5343.11,GATEWAY_TIMEOUT,0.867,0,23,Mobile,0,1,0,0,0
RP_C8D8F805,CUST_4486,812.59,INSUFFICIENT_FUNDS,0.754,0,21,Desktop,0,0,0,0,0
RP_7DA46B57,CUST_4584,1607.69,GATEWAY_TIMEOUT,0.535,0,23,Mobile,0,1,1,0,0
RP_543F973B,CUST_9053,1433.26,INSUFFICIENT_FUNDS,0.712,0,20,Mobile,0,0,0,0,0
RP_1DE99BBD,CUST_4330,4988.99,INSUFFICIENT_FUNDS,0.667,0,3,Mobile,0,0,1,1,0
RP_927C5CE2,CUST_3703,117.41,CUSTOMER_ABANDONED,0.501,1,18,Mobile,0,0,0,0,0
RP_ACD1679B,CUST_9662,1254.87,3D_SECURE_FAILED,0.843,0,15,Desktop,0,0,0,0,0
RP_AAE3A954,CUST_9120,4339.06,INSUFFICIENT_FUNDS,0.683,2,1,Mobile,0,0,0,1,0
RP_21282FB4,CUST_8114,974.98,GATEWAY_TIMEOUT,0.307,1,14,Desktop,0,1,1,0,0
RP_62287F03,CUST_2353,350.19,3D_SECURE_FAILED,0.903,0,8,Desktop,0,0,0,0,0
RP_5C2AD2AB,CUST_6063,531.3,GATEWAY_TIMEOUT,0.631,0,16,Mobile,0,0,1,0,1
RP_623A30EE,CUST_9549,684.35,CUSTOMER_ABANDONED,0.789,0,1,Mobile,0,0,0,0,1
RP_9FBD4643,CUST_8575,461.62,GATEWAY_TIMEOUT,0.786,1,21,Desktop,0,1,0,0,1
RP_509EBE0B,CUST_1667,912.9,INSUFFICIENT_FUNDS,0.618,0,5,Mobile,0,0,0,0,1
RP_2730B734,CUST_5468,6700.23,RISK_BLOCKED,0.849,0,0,Desktop,0,0,0,0,0
RP_C658C6A7,CUST_7819,535.48,GATEWAY_TIMEOUT,0.837,0,7,Mobile,0,0,1,0,1
RP_D3896954,CUST_4719,610.81,INSUFFICIENT_FUNDS,0.532,0,10,Desktop,0,0,0,0,0
RP_8403AD14,CUST_3745,1904.05,INSUFFICIENT_FUNDS,0.625,2,19,Desktop,0,0,0,0,0
RP_C39B9FA2,CUST_8483,889.11,3D_SECURE_FAILED,0.806,0,22,Desktop,0,0,0,0,0
RP_1CEB36D5,CUST_1539,222.51,3D_SECURE_FAILED,0.731,0,14,Mobile,0,0,0,1,0
RP_A8183FA7,CUST_5964,1019.0,GATEWAY_TIMEOUT,0.657,0,8,Mobile,0,0,0,0,1
RP_13F5D718,CUST_5835,973.92,GATEWAY_TIMEOUT,0.534,1,1,Mobile,0,0,0,0,0
RP_948626A1,CUST_4775,3536.22,CUSTOMER_ABANDONED,0.386,1,6,Mobile,0,0,0,0,0
RP_5223036A,CUST_7042,341.52,INSUFFICIENT_FUNDS,0.756,0,16,Mobile,0,0,0,0,0
RP_89043333,CUST_8102,3564.52,CUSTOMER_ABANDONED,0.604,0,2,Desktop,0,0,0,1,1
RP_77CCE337,CUST_8312,975.16,GATEWAY_TIMEOUT,0.51,0,3,Mobile,0,0,0,0,0
RP_06DAFFB5,CUST_6320,290.17,GATEWAY_TIMEOUT,0.749,0,2,Mobile,0,0,0,1,0
RP_DADF7904,CUST_7132,228.03,CUSTOMER_ABANDONED,0.732,2,7,Desktop,0,0,0,1,1
RP_D4D4F265,CUST_8891,11173.12,GATEWAY_TIMEOUT,0.745,0,10,Mobile,0,1,0,0,1
RP_0D6B018C,CUST_3779,905.15,3D_SECURE_FAILED,0.622,0,15,Desktop,0,0,0,0,1
RP_D46ACAC0,CUST_1924,3373.83,GATEWAY_TIMEOUT,0.803,0,13,Desktop,0,1,1,0,0
RP_5E25A34B,CUST_2581,141.21,GATEWAY_TIMEOUT,0.608,0,22,Desktop,0,1,1,1,0
RP_98195B08,CUST_8714,25983.94,RISK_BLOCKED,0.947,0,18,Mobile,0,0,0,0,0
RP_D48C962F,CUST_4324,3203.16,INSUFFICIENT_FUNDS,0.675,0,22,Desktop,0,0,0,1,0
RP_D23CE4F2,CUST_6713,807.12,CUSTOMER_ABANDONED,0.715,0,1,Mobile,0,0,0,0,1
RP_E1FDEF2A,CUST_8026,759.45,GATEWAY_TIMEOUT,0.608,1,11,Mobile,0,0,1,0,0
RP_744C6665,CUST_1255,2647.89,CUSTOMER_ABANDONED,0.894,0,10,Desktop,0,0,0,1,1
RP_CD690045,CUST_5804,2471.59,CUSTOMER_ABANDONED,0.716,0,15,Mobile,0,0,0,0,0
RP_6E148349,CUST_2838,1365.17,INSUFFICIENT_FUNDS,0.914,0,10,Mobile,0,0,1,0,0
RP_8B03D757,CUST_1009,1111.04,CUSTOMER_ABANDONED,0.844,0,2,Mobile,0,0,0,0,0
RP_389527B5,CUST_3871,2150.12,CUSTOMER_ABANDONED,0.906,0,22,Mobile,0,0,0,0,1
RP_2571C954,CUST_9989,135.63,INSUFFICIENT_FUNDS,0.823,0,9,Mobile,0,0,0,0,0
RP_B92E2B3B,CUST_8409,702.38,CUSTOMER_ABANDONED,0.681,0,4,Desktop,0,0,0,1,0
RP_C348C5AE,CUST_8418,151.98,CUSTOMER_ABANDONED,0.721,0,12,Mobile,0,0,0,0,0
RP_5E28DCF9,CUST_6124,2265.41,GATEWAY_TIMEOUT,0.593,0,23,Desktop,0,0,0,1,0
RP_EF29B4AB,CUST_2015,487.37,INSUFFICIENT_FUNDS,0.901,0,5,Mobile,0,0,1,1,0
RP_10A15AC4,CUST_3193,166.35,INSUFFICIENT_FUNDS,0.848,1,19,Mobile,0,0,1,0,1
RP_5CF1640E,CUST_9415,423.04,INSUFFICIENT_FUNDS,0.719,0,2,Desktop,0,0,1,0,0
RP_A8EF6214,CUST_8449,1311.89,CUSTOMER_ABANDONED,0.534,0,21,Mobile,0,0,0,0,0
RP_A23D55FF,CUST_5158,857.25,INSUFFICIENT_FUNDS,0.725,0,8,Mobile,0,0,1,1,0
RP_E2B456DE,CUST_4925,268.33,3D_SECURE_FAILED,0.905,0,20,Mobile,0,0,0,1,0
RP_7FEBEEE5,CUST_7970,141.76,GATEWAY_TIMEOUT,0.909,1,6,Mobile,0,1,1,1,0
RP_8A47A61A,CUST_7938,1198.37,INSUFFICIENT_FUNDS,0.704,0,22,Mobile,0,0,0,1,1
RP_AFA3F475,CUST_5784,546.25,CUSTOMER_ABANDONED,0.884,0,6,Mobile,0,0,0,1,1
RP_CCA44D52,CUST_5000,804.57,INSUFFICIENT_FUNDS,0.648,0,1,Mobile,0,0,1,0,0
RP_AC47FA26,CUST_2633,905.4,INSUFFICIENT_FUNDS,0.738,0,7,Mobile,0,0,1,1,0
RP_41B7746F,CUST_8266,1837.35,GATEWAY_TIMEOUT,0.964,0,17,Desktop,0,1,1,0,0
RP_D4E48006,CUST_9702,3030.05,INSUFFICIENT_FUNDS,0.878,0,0,Mobile,0,0,0,0,0
RP_1E83E2CA,CUST_1384,1307.42,GATEWAY_TIMEOUT,0.745,0,9,Desktop,0,1,1,0,0
RP_97657AD2,CUST_1404,746.54,RISK_BLOCKED,0.716,0,5,Mobile,0,0,0,0,0
RP_2BE5C846,CUST_9175,1129.71,INSUFFICIENT_FUNDS,0.85,2,17,Desktop,0,0,0,0,0
RP_43CCF196,CUST_3000,729.91,3D_SECURE_FAILED,0.674,0,12,Mobile,0,0,0,0,0
RP_DD2AD675,CUST_6989,152.77,CUSTOMER_ABANDONED,0.688,0,20,Mobile,0,0,0,1,1
RP_EF870486,CUST_2460,4065.68,INSUFFICIENT_FUNDS,0.617,0,0,Mobile,0,0,0,0,0
RP_81C7209C,CUST_8190,3242.59,INSUFFICIENT_FUNDS,0.699,1,22,Mobile,0,0,1,0,0
RP_BF0808D1,CUST_8140,11920.33,CUSTOMER_ABANDONED,0.601,0,0,Desktop,0,0,0,0,1
RP_29A70B8B,CUST_4636,16925.88,3D_SECURE_FAILED,0.837,1,11,Mobile,0,0,0,1,0
RP_9E78498B,CUST_5809,267.41,GATEWAY_TIMEOUT,0.974,0,7,Mobile,0,1,0,0,0
RP_309141C4,CUST_5178,733.27,INSUFFICIENT_FUNDS,0.164,0,20,Desktop,0,0,0,0,0
RP_EF02B506,CUST_8245,22333.6,INSUFFICIENT_FUNDS,0.76,1,4,Mobile,0,1,0,0,0
RP_4AF2ACCE,CUST_7600,1044.55,GATEWAY_TIMEOUT,0.546,1,2,Mobile,0,0,0,0,0
RP_D6B4BF66,CUST_6997,1470.05,CUSTOMER_ABANDONED,0.777,0,17,Mobile,0,0,0,0,1
RP_C371AB3E,CUST_3048,176.73,3D_SECURE_FAILED,0.845,0,5,Mobile,0,0,0,0,0
RP_4AA507C9,CUST_5780,1313.36,INSUFFICIENT_FUNDS,0.504,0,3,Mobile,0,0,0,0,0
RP_3B89FA2C,CUST_1716,11140.34,CUSTOMER_ABANDONED,0.753,0,14,Desktop,0,0,0,0,1
RP_2A10A1D9,CUST_8939,5135.59,CUSTOMER_ABANDONED,0.619,2,3,Mobile,0,0,0,0,1
RP_40506E68,CUST_6565,527.43,INSUFFICIENT_FUNDS,0.574,0,5,Mobile,0,0,0,1,0
RP_EEA4967B,CUST_5544,681.58,GATEWAY_TIMEOUT,0.884,0,17,Desktop,0,0,0,0,0
RP_C0D4F41F,CUST_5976,282.29,CUSTOMER_ABANDONED,0.936,0,17,Desktop,0,0,0,0,1
RP_F182F5B1,CUST_4419,394.89,3D_SECURE_FAILED,0.86,0,9,Mobile,0,0,1,1,0
RP_55D31BA2,CUST_8239,110.8,CUSTOMER_ABANDONED,0.736,0,12,Mobile,0,0,0,1,0
RP_667E89A5,CUST_1249,990.51,GATEWAY_TIMEOUT,0.457,0,19,Mobile,0,0,0,0,0
RP_6DE539AE,CUST_9865,6715.23,GATEWAY_TIMEOUT,0.79,0,21,Desktop,0,1,0,0,1
RP_42BAF73A,CUST_1770,1679.95,GATEWAY_TIMEOUT,0.966,1,17,Desktop,0,0,1,1,0
RP_E5E854DE,CUST_5363,5650.43,CUSTOMER_ABANDONED,0.704,0,6,Mobile,0,0,0,0,1
RP_E4DE04CB,CUST_2077,3975.47,CUSTOMER_ABANDONED,0.715,0,7,Desktop,0,0,0,0,1
RP_020F15D5,CUST_9427,568.97,GATEWAY_TIMEOUT,0.484,0,5,Mobile,0,0,1,0,0
RP_3E3B7A5B,CUST_9580,440.8,CUSTOMER_ABANDONED,0.31,0,1,Desktop,0,0,0,0,0
RP_B93452C9,CUST_8901,461.54,CUSTOMER_ABANDONED,0.792,0,21,Desktop,0,0,0,0,0
RP_C3C2CD6F,CUST_5858,139.7,CUSTOMER_ABANDONED,0.94,2,7,Desktop,0,0,0,0,1
RP_D21C4E54,CUST_7544,1140.01,RISK_BLOCKED,0.615,1,9,Desktop,0,0,0,0,0
RP_68A6D181,CUST_5719,100.0,GATEWAY_TIMEOUT,0.823,1,16,Mobile,0,0,1,0,0
RP_B6C7652F,CUST_3814,2229.87,3D_SECURE_FAILED,0.712,0,21,Mobile,0,0,0,1,1
RP_9CF1A323,CUST_4374,1195.43,GATEWAY_TIMEOUT,0.765,1,11,Mobile,0,1,0,0,0
RP_4ED08D83,CUST_2252,1930.87,INSUFFICIENT_FUNDS,0.294,0,10,Desktop,0,0,0,0,0
RP_30FC2F4B,CUST_7996,3898.78,3D_SECURE_FAILED,0.697,0,16,Desktop,0,0,0,1,0
RP_73437ED6,CUST_5673,1392.08,3D_SECURE_FAILED,0.746,0,15,Mobile,0,1,0,1,0
RP_05F0F824,CUST_5530,7768.92,INSUFFICIENT_FUNDS,0.743,0,21,Mobile,0,0,0,0,0
RP_9E94BC75,CUST_7881,2313.08,CUSTOMER_ABANDONED,0.436,0,9,Mobile,0,0,0,0,0
RP_4916B646,CUST_7949,442.06,CUSTOMER_ABANDONED,0.794,0,19,Mobile,0,0,0,0,0
RP_7478EFCA,CUST_7241,824.47,CUSTOMER_ABANDONED,0.971,0,2,Mobile,0,0,0,0,1
RP_8CD58042,CUST_9017,100.0,GATEWAY_TIMEOUT,0.904,0,18,Desktop,0,1,0,1,0
RP_F88D6FED,CUST_7941,371.43,CUSTOMER_ABANDONED,0.61,0,3,Mobile,0,0,0,0,1
RP_761629DC,CUST_8002,694.23,INSUFFICIENT_FUNDS,0.738,2,18,Mobile,0,1,0,0,0
RP_22F2222E,CUST_2331,2112.29,INSUFFICIENT_FUNDS,0.472,1,8,Mobile,0,0,0,0,0
RP_1765BD28,CUST_5261,445.66,INSUFFICIENT_FUNDS,0.769,0,19,Desktop,0,0,1,1,1
RP_A2E97E83,CUST_8648,245.79,INSUFFICIENT_FUNDS,0.859,0,16,Mobile,0,0,0,0,0
RP_21AF1631,CUST_6115,113.86,3D_SECURE_FAILED,0.937,0,3,Mobile,0,0,0,0,0
RP_44B2AEE0,CUST_5637,536.09,INSUFFICIENT_FUNDS,0.887,0,16,Mobile,0,0,1,1,0
RP_83121116,CUST_5854,11396.05,RISK_BLOCKED,0.632,2,2,Mobile,0,0,0,0,0
RP_14A31B23,CUST_4177,1518.27,GATEWAY_TIMEOUT,0.541,0,19,Desktop,0,0,1,0,0
RP_83778369,CUST_8730,3386.31,CUSTOMER_ABANDONED,0.75,1,3,Desktop,0,0,0,1,1
RP_56BF9BD7,CUST_3180,372.39,CUSTOMER_ABANDONED,0.712,1,8,Desktop,0,0,0,0,0
RP_451D1C3E,CUST_5892,165.98,CUSTOMER_ABANDONED,0.528,0,5,Mobile,1,0,0,0,0
RP_DCDAC76E,CUST_8043,253.33,CUSTOMER_ABANDONED,0.818,2,18,Mobile,0,0,0,0,0
RP_F4B8E10E,CUST_1137,975.98,CUSTOMER_ABANDONED,0.906,0,6,Mobile,0,0,0,0,0
RP_9D56186F,CUST_7327,100.19,3D_SECURE_FAILED,0.312,0,15,Mobile,0,0,0,0,0
RP_97518694,CUST_4472,327.7,CUSTOMER_ABANDONED,0.511,1,14,Desktop,0,0,0,1,0
RP_27F76113,CUST_6449,542.6,GATEWAY_TIMEOUT,0.906,0,15,Mobile,0,0,1,0,0
RP_02D42AE1,CUST_3832,224.73,CUSTOMER_ABANDONED,0.625,0,13,Mobile,0,0,0,0,0
RP_94B228E2,CUST_4579,100.0,INSUFFICIENT_FUNDS,0.908,0,3,Mobile,0,0,1,0,1
RP_31E9FB6B,CUST_6971,1552.44,GATEWAY_TIMEOUT,0.853,1,22,Desktop,0,0,0,0,1
RP_91D6AFB0,CUST_5164,1158.69,3D_SECURE_FAILED,0.778,0,1,Desktop,0,0,0,0,0
RP_A58F3136,CUST_8941,2792.9,INSUFFICIENT_FUNDS,0.605,2,6,Mobile,0,0,0,0,1
RP_F1AECBE8,CUST_6569,289.31,CUSTOMER_ABANDONED,0.424,0,23,Mobile,0,0,0,0,0
RP_4AA129DD,CUST_5300,2729.59,GATEWAY_TIMEOUT,0.558,0,6,Mobile,0,0,0,0,0
RP_C18867F8,CUST_7269,6871.69,GATEWAY_TIMEOUT,0.819,0,5,Mobile,0,1,0,0,0
RP_CA841C35,CUST_4818,1502.16,INSUFFICIENT_FUNDS,0.61,0,19,Desktop,0,0,0,0,1
RP_FF0719DD,CUST_2906,527.46,GATEWAY_TIMEOUT,0.799,0,8,Mobile,0,1,1,0,0
RP_0E470ECD,CUST_7254,1305.18,CUSTOMER_ABANDONED,0.456,1,16,Desktop,0,0,0,0,0
RP_E9B67252,CUST_1760,498.03,GATEWAY_TIMEOUT,0.839,0,20,Desktop,0,1,0,0,0
RP_97C250CA,CUST_8830,407.83,INSUFFICIENT_FUNDS,0.548,1,10,Desktop,0,0,0,0,0
RP_3DACD52D,CUST_8350,2489.69,GATEWAY_TIMEOUT,0.839,0,15,Mobile,0,1,0,0,0
RP_187C8F7F,CUST_7238,928.1,GATEWAY_TIMEOUT,0.87,0,0,Desktop,0,0,0,0,0
RP_EF195BD1,CUST_7090,4656.94,CUSTOMER_ABANDONED,0.88,0,15,Mobile,0,0,0,1,1
RP_724ACF7E,CUST_7031,644.9,GATEWAY_TIMEOUT,0.531,0,16,Mobile,0,0,0,0,0
RP_8D443BAF,CUST_8687,728.21,CUSTOMER_ABANDONED,0.914,0,5,Mobile,1,0,0,1,1
RP_BE91CD9A,CUST_9472,555.68,3D_SECURE_FAILED,0.682,0,21,Mobile,0,0,0,1,1
RP_D596CF72,CUST_2887,285.94,CUSTOMER_ABANDONED,0.51,1,10,Desktop,0,0,0,0,0
RP_084F453F,CUST_4266,2914.08,CUSTOMER_ABANDONED,0.825,0,6,Mobile,0,0,0,0,1
RP_33079A28,CUST_1666,15106.1,GATEWAY_TIMEOUT,0.737,0,15,Mobile,0,1,0,0,0
RP_4CF0D8F3,CUST_5188,693.21,GATEWAY_TIMEOUT,0.831,1,21,Mobile,0,0,1,0,1
RP_48015EFB,CUST_1671,484.64,3D_SECURE_FAILED,0.698,2,1,Desktop,0,0,0,0,0
RP_2573EEB2,CUST_7777,448.37,CUSTOMER_ABANDONED,0.763,2,19,Desktop,0,0,0,0,1
RP_8A13F09C,CUST_8570,485.08,CUSTOMER_ABANDONED,0.865,1,12,Mobile,0,0,0,1,0
RP_2F81B24F,CUST_8956,7940.57,CUSTOMER_ABANDONED,0.785,0,12,Mobile,0,0,0,0,1
RP_1CF085DE,CUST_6124,463.04,INSUFFICIENT_FUNDS,0.925,2,14,Mobile,0,0,0,1,0
RP_B7BE2973,CUST_6585,543.31,GATEWAY_TIMEOUT,0.576,1,14,Mobile,0,0,0,0,0
RP_868CAAB5,CUST_5777,247.54,CUSTOMER_ABANDONED,0.749,2,8,Desktop,0,0,0,0,0
RP_745EDE71,CUST_4900,1559.9,CUSTOMER_ABANDONED,0.903,0,17,Desktop,0,0,0,0,0
RP_D8919942,CUST_7677,1011.64,INSUFFICIENT_FUNDS,0.813,2,13,Desktop,0,0,0,0,0
RP_B6C8D6AC,CUST_7981,280.17,3D_SECURE_FAILED,0.641,0,22,Mobile,0,0,0,1,0
RP_9E8CEE95,CUST_7376,375.63,INSUFFICIENT_FUNDS,0.491,0,13,Desktop,0,0,0,0,0
RP_9D81278E,CUST_1523,6901.68,GATEWAY_TIMEOUT,0.827,0,3,Mobile,0,1,1,0,0
RP_05F1FAEC,CUST_3393,1140.53,3D_SECURE_FAILED,0.47,1,13,Mobile,0,1,0,0,0
RP_576482C4,CUST_3593,1238.95,CUSTOMER_ABANDONED,0.969,0,9,Desktop,0,0,0,0,0
RP_7BDC15CF,CUST_8240,1244.87,INSUFFICIENT_FUNDS,0.546,2,10,Mobile,0,0,0,0,0
RP_07E7224C,CUST_7937,5846.22,GATEWAY_TIMEOUT,0.466,0,21,Mobile,0,0,0,0,0
RP_EEBC853D,CUST_7190,312.86,GATEWAY_TIMEOUT,0.882,0,0,Mobile,0,1,1,0,0
RP_A21795F5,CUST_6240,681.52,CUSTOMER_ABANDONED,0.888,0,13,Mobile,0,0,0,0,1
RP_E48C52A1,CUST_7493,895.37,INSUFFICIENT_FUNDS,0.683,0,7,Mobile,0,0,0,0,0
RP_EF3BE8E0,CUST_3878,139.02,CUSTOMER_ABANDONED,0.884,0,5,Mobile,0,0,0,0,0
RP_B633DD74,CUST_5143,365.27,3D_SECURE_FAILED,0.635,0,10,Desktop,0,0,0,0,0
RP_6142A982,CUST_4644,3850.7,CUSTOMER_ABANDONED,0.899,0,13,Mobile,0,0,0,0,1
RP_FC097CF7,CUST_5432,2730.54,INSUFFICIENT_FUNDS,0.506,0,6,Mobile,0,0,0,0,1
RP_C5AEF471,CUST_2276,3376.11,CUSTOMER_ABANDONED,0.553,0,21,Mobile,0,0,0,0,1
RP_4A2DF20C,CUST_6811,540.82,INSUFFICIENT_FUNDS,0.809,1,6,Mobile,0,0,0,0,0
RP_715A1184,CUST_1302,627.14,GATEWAY_TIMEOUT,0.754,0,20,Mobile,0,0,0,0,0
RP_1DE3D511,CUST_1638,128.29,GATEWAY_TIMEOUT,0.709,0,18,Mobile,0,1,0,0,0
RP_80D05380,CUST_1055,3355.38,INSUFFICIENT_FUNDS,0.245,0,21,Mobile,0,0,0,0,0
RP_30F80CC2,CUST_9717,4088.7,3D_SECURE_FAILED,0.658,1,9,Mobile,0,0,0,0,0
RP_3D20C57E,CUST_9150,4026.71,GATEWAY_TIMEOUT,0.618,0,21,Desktop,0,1,1,0,0
RP_B46BE8EA,CUST_3125,7516.9,GATEWAY_TIMEOUT,0.694,0,8,Mobile,0,0,0,1,0
RP_6A73D790,CUST_1364,1819.89,RISK_BLOCKED,0.526,0,17,Desktop,0,0,0,0,0
RP_18BF7164,CUST_7809,7102.9,GATEWAY_TIMEOUT,0.34,2,16,Mobile,0,0,0,0,0
RP_F6F7C9CB,CUST_5621,862.15,CUSTOMER_ABANDONED,0.706,0,12,Mobile,0,0,0,1,1
RP_5DB601F3,CUST_6126,131.58,INSUFFICIENT_FUNDS,0.648,0,3,Desktop,0,0,0,0,1
RP_AA1213AC,CUST_6122,3080.57,GATEWAY_TIMEOUT,0.67,0,20,Mobile,0,0,1,0,0
RP_4488727D,CUST_2646,125.88,3D_SECURE_FAILED,0.562,2,6,Mobile,0,0,0,0,0
RP_2DB726C1,CUST_1918,1345.13,GATEWAY_TIMEOUT,0.745,0,7,Mobile,0,0,0,0,1
RP_1C35C929,CUST_3797,3450.89,CUSTOMER_ABANDONED,0.627,0,15,Desktop,0,0,0,0,1
RP_D929D62D,CUST_7506,1618.27,GATEWAY_TIMEOUT,0.747,0,11,Mobile,0,1,0,0,1
RP_6F59F082,CUST_6870,16880.12,GATEWAY_TIMEOUT,0.601,2,0,Mobile,0,0,0,0,0
RP_74FA371F,CUST_2531,103.64,GATEWAY_TIMEOUT,0.91,1,5,Mobile,0,1,0,0,0
RP_6FD0A54B,CUST_9172,992.84,GATEWAY_TIMEOUT,0.764,0,0,Mobile,0,1,0,0,0
RP_468FEBD4,CUST_4345,1119.85,GATEWAY_TIMEOUT,0.5,0,7,Desktop,0,0,0,0,0
RP_8013BF25,CUST_8673,218.56,CUSTOMER_ABANDONED,0.881,0,11,Mobile,0,0,0,0,1
RP_F18A364B,CUST_7949,274.66,INSUFFICIENT_FUNDS,0.688,0,15,Mobile,0,0,0,1,0
RP_68BEC8F1,CUST_7882,397.76,INSUFFICIENT_FUNDS,0.73,0,0,Mobile,0,0,0,0,0
RP_A5C84E55,CUST_2906,293.07,INSUFFICIENT_FUNDS,0.683,1,3,Mobile,0,0,1,0,0
RP_2A223B81,CUST_4086,963.34,3D_SECURE_FAILED,0.717,0,18,Mobile,0,0,0,1,0
RP_5D46A99E,CUST_9152,531.89,3D_SECURE_FAILED,0.805,0,17,Desktop,0,1,0,0,0
RP_1137B4C8,CUST_6750,1605.98,CUSTOMER_ABANDONED,0.516,2,7,Mobile,0,0,0,0,0
RP_5F1B063F,CUST_9905,2390.64,3D_SECURE_FAILED,0.666,0,5,Desktop,0,0,0,0,0
RP_71D64107,CUST_2062,2204.23,INSUFFICIENT_FUNDS,0.444,1,12,Mobile,0,0,1,1,0
RP_57DF9034,CUST_2976,670.38,INSUFFICIENT_FUNDS,0.902,0,19,Desktop,0,0,0,1,1
RP_BF90AC04,CUST_2296,1542.83,CUSTOMER_ABANDONED,0.555,2,2,Mobile,0,0,0,0,0
RP_28D472DC,CUST_7229,3797.71,CUSTOMER_ABANDONED,0.857,1,14,Desktop,0,0,0,0,0
RP_9729A33C,CUST_8641,1871.84,INSUFFICIENT_FUNDS,0.704,1,5,Mobile,0,1,0,0,0
RP_374ADDBA,CUST_1125,10206.43,INSUFFICIENT_FUNDS,0.814,0,5,Mobile,0,0,0,1,0
RP_CA79CCB6,CUST_5632,3563.91,RISK_BLOCKED,0.606,0,4,Desktop,0,0,0,0,0
RP_896D8AE9,CUST_7288,8622.14,CUSTOMER_ABANDONED,0.82,2,18,Desktop,0,0,1,0,0
RP_AEF14AA4,CUST_4596,100.0,INSUFFICIENT_FUNDS,0.669,0,9,Mobile,0,0,0,0,0
RP_0B8616E2,CUST_7168,1231.53,CUSTOMER_ABANDONED,0.864,1,8,Mobile,0,0,0,0,1
RP_CC06E5EC,CUST_8561,743.43,GATEWAY_TIMEOUT,0.598,0,13,Mobile,0,0,0,0,0
RP_93E4A4EE,CUST_9258,943.9,GATEWAY_TIMEOUT,0.677,0,21,Desktop,0,1,1,0,0
RP_0226A680,CUST_1232,417.4,INSUFFICIENT_FUNDS,0.79,0,4,Mobile,0,1,0,0,1
RP_2F7F3DA1,CUST_7371,1764.18,INSUFFICIENT_FUNDS,0.734,0,6,Mobile,0,0,0,0,1
RP_02059300,CUST_5206,125.21,GATEWAY_TIMEOUT,0.676,2,16,Desktop,0,0,0,0,0
RP_1A5A65F0,CUST_8943,1779.57,CUSTOMER_ABANDONED,0.424,1,22,Mobile,0,0,0,0,1
RP_8A92B99B,CUST_7891,434.39,INSUFFICIENT_FUNDS,0.801,0,16,Mobile,0,0,0,0,0
RP_119406AF,CUST_7738,601.57,CUSTOMER_ABANDONED,0.325,1,8,Mobile,0,0,0,0,0
RP_E8B372AC,CUST_3472,1856.04,GATEWAY_TIMEOUT,0.652,0,21,Mobile,0,1,1,0,0
RP_B4F10E35,CUST_3739,1205.36,GATEWAY_TIMEOUT,0.78,1,22,Mobile,0,0,0,0,0
RP_7BC5FF32,CUST_6401,3884.33,3D_SECURE_FAILED,0.911,1,6,Mobile,0,0,0,0,1
RP_1DD42F6A,CUST_2761,342.61,CUSTOMER_ABANDONED,0.716,0,0,Mobile,0,0,0,0,1
RP_33F08CBA,CUST_1876,995.41,RISK_BLOCKED,0.954,0,1,Mobile,0,0,0,1,0
RP_FC2BFB43,CUST_4812,3186.02,RISK_BLOCKED,0.833,0,9,Mobile,0,0,0,0,0
RP_2B91A4E0,CUST_2460,1691.62,INSUFFICIENT_FUNDS,0.655,2,18,Mobile,0,0,0,1,0
RP_B88D6642,CUST_2733,1827.52,GATEWAY_TIMEOUT,0.749,0,7,Mobile,0,1,1,0,0
RP_C6B3081B,CUST_2605,4144.97,3D_SECURE_FAILED,0.88,1,8,Mobile,0,0,0,0,0
RP_E07713D2,CUST_6622,673.51,RISK_BLOCKED,0.661,1,14,Mobile,0,0,0,0,1
RP_F7801F35,CUST_7767,523.12,CUSTOMER_ABANDONED,0.806,0,10,Mobile,0,0,0,1,1
RP_F05B18E0,CUST_7986,2188.75,CUSTOMER_ABANDONED,0.477,1,23,Mobile,0,0,0,1,0
RP_8CF47A52,CUST_4517,916.61,CUSTOMER_ABANDONED,0.585,0,11,Mobile,0,0,0,0,0
RP_74706969,CUST_4735,4216.01,INSUFFICIENT_FUNDS,0.79,0,21,Desktop,0,0,0,0,1
RP_810D71F0,CUST_9434,1709.11,CUSTOMER_ABANDONED,0.558,1,17,Mobile,0,0,0,0,0
RP_80AF9DE8,CUST_3590,519.04,CUSTOMER_ABANDONED,0.322,0,1,Mobile,0,0,0,0,1
RP_5CE6499C,CUST_2063,1645.93,CUSTOMER_ABANDONED,0.737,0,14,Mobile,0,0,0,0,0
RP_F8D94798,CUST_5324,371.21,GATEWAY_TIMEOUT,0.813,0,9,Mobile,0,1,1,0,0
RP_E6CB95C7,CUST_6342,3416.3,INSUFFICIENT_FUNDS,0.775,0,6,Mobile,0,0,1,0,0
RP_C727E538,CUST_1005,205.08,GATEWAY_TIMEOUT,0.858,2,8,Mobile,0,0,1,0,0
RP_A2EE5984,CUST_8489,4752.75,GATEWAY_TIMEOUT,0.803,2,21,Mobile,0,0,0,0,0
RP_96B2172B,CUST_9659,1611.71,3D_SECURE_FAILED,0.561,0,16,Desktop,0,0,0,0,0
RP_A1C7C3A3,CUST_9195,900.12,GATEWAY_TIMEOUT,0.91,0,13,Desktop,0,1,0,0,0
RP_2EDF820B,CUST_6966,2740.79,GATEWAY_TIMEOUT,0.907,1,8,Mobile,0,0,1,1,0
RP_4621490C,CUST_9837,2025.54,INSUFFICIENT_FUNDS,0.596,0,6,Mobile,0,0,0,1,0
RP_64FF65AF,CUST_1117,5412.45,CUSTOMER_ABANDONED,0.938,0,14,Desktop,0,0,0,0,1
RP_48AC0E57,CUST_3551,5352.26,INSUFFICIENT_FUNDS,0.527,1,2,Mobile,0,0,0,0,0
RP_46AE500F,CUST_6560,1673.63,GATEWAY_TIMEOUT,0.707,1,1,Mobile,0,1,0,0,0
RP_E2366DB7,CUST_5289,385.24,GATEWAY_TIMEOUT,0.569,0,2,Mobile,0,0,1,1,1
RP_FEBE62C3,CUST_1846,572.6,GATEWAY_TIMEOUT,0.584,1,1,Mobile,0,1,0,0,0
RP_455B883A,CUST_7316,1006.29,INSUFFICIENT_FUNDS,0.812,0,12,Mobile,0,0,1,0,0
RP_D435DEB1,CUST_7469,4016.1,GATEWAY_TIMEOUT,0.312,0,12,Mobile,0,1,0,0,0
RP_7FB18527,CUST_9915,634.18,3D_SECURE_FAILED,0.609,0,1,Mobile,0,0,0,0,1
RP_334646D6,CUST_1224,700.97,INSUFFICIENT_FUNDS,0.916,0,19,Desktop,0,1,0,1,1
RP_68A762EF,CUST_5208,10077.1,GATEWAY_TIMEOUT,0.579,0,21,Mobile,0,0,0,0,0
RP_F3E46EE2,CUST_7283,967.62,CUSTOMER_ABANDONED,0.807,1,18,Mobile,1,0,0,0,0
RP_877A9524,CUST_3048,512.0,INSUFFICIENT_FUNDS,0.769,2,8,Mobile,0,0,0,0,1
RP_AE6818CB,CUST_7233,2784.92,CUSTOMER_ABANDONED,0.842,0,4,Mobile,0,0,0,0,1
RP_A073A526,CUST_2828,1025.2,GATEWAY_TIMEOUT,0.661,2,20,Mobile,0,1,0,0,0
RP_E7B0D3D7,CUST_2917,206.95,CUSTOMER_ABANDONED,0.865,0,6,Mobile,0,0,0,1,1
RP_DB42CD9C,CUST_5234,3824.17,CUSTOMER_ABANDONED,0.808,0,12,Mobile,0,0,0,0,0
RP_4F8EAB14,CUST_7988,447.44,3D_SECURE_FAILED,0.854,0,0,Mobile,0,0,0,1,0
RP_A272DC98,CUST_3026,1155.52,GATEWAY_TIMEOUT,0.726,0,8,Desktop,0,1,0,0,0
RP_4407D28C,CUST_4744,1010.53,INSUFFICIENT_FUNDS,0.692,0,1,Mobile,0,0,0,1,0
RP_4F826798,CUST_1009,1445.37,INSUFFICIENT_FUNDS,0.793,2,2,Mobile,0,0,0,0,0
RP_8EB8072C,CUST_1260,100.0,3D_SECURE_FAILED,0.894,0,11,Desktop,0,0,0,1,1
RP_86F472CC,CUST_7038,733.54,3D_SECURE_FAILED,0.839,0,4,Mobile,0,0,0,0,1
RP_A4F38EA9,CUST_3219,4229.35,GATEWAY_TIMEOUT,0.831,1,11,Desktop,0,1,0,0,1
RP_DD0EB185,CUST_8041,5006.71,GATEWAY_TIMEOUT,0.657,0,3,Desktop,0,0,1,0,0
RP_01548BAB,CUST_3060,333.77,INSUFFICIENT_FUNDS,0.901,0,20,Mobile,0,0,1,1,0
RP_F9FE6D2F,CUST_6287,3310.05,GATEWAY_TIMEOUT,0.879,0,20,Mobile,0,1,1,0,0
RP_5DE92424,CUST_2619,439.78,INSUFFICIENT_FUNDS,0.471,0,11,Desktop,0,0,0,0,0
RP_855FBB08,CUST_9512,699.64,GATEWAY_TIMEOUT,0.747,1,4,Mobile,0,0,0,0,0
RP_4912B18D,CUST_2342,745.17,CUSTOMER_ABANDONED,0.351,0,13,Mobile,0,0,0,1,0
RP_68DDD0BD,CUST_3832,1249.58,3D_SECURE_FAILED,0.341,0,13,Mobile,0,0,0,0,0
RP_3E7E6F6E,CUST_3824,3646.93,RISK_BLOCKED,0.861,0,9,Mobile,0,0,0,0,0
RP_876C5FB2,CUST_2994,1506.44,INSUFFICIENT_FUNDS,0.597,0,9,Mobile,0,0,0,1,1
RP_400F350A,CUST_4490,942.6,CUSTOMER_ABANDONED,0.59,0,4,Mobile,0,0,0,0,0
RP_BC082452,CUST_8984,3500.89,3D_SECURE_FAILED,0.877,0,17,Mobile,0,0,0,0,1
RP_AD1B8820,CUST_2604,418.55,GATEWAY_TIMEOUT,0.398,0,16,Desktop,0,1,0,0,0
RP_FA65ACE1,CUST_1235,999.58,CUSTOMER_ABANDONED,0.779,0,9,Desktop,0,0,0,1,0
RP_E83CE284,CUST_2908,3622.56,INSUFFICIENT_FUNDS,0.963,0,10,Mobile,0,0,1,1,0
RP_CA7938E5,CUST_9567,2069.72,GATEWAY_TIMEOUT,0.741,2,14,Mobile,0,0,0,1,0
RP_0B2D1488,CUST_4530,626.68,INSUFFICIENT_FUNDS,0.667,2,23,Mobile,0,0,1,1,0
RP_6D1FBA2E,CUST_6256,178.48,GATEWAY_TIMEOUT,0.908,0,18,Mobile,0,1,0,1,0
RP_BC1EC1F0,CUST_3635,1592.45,CUSTOMER_ABANDONED,0.938,0,11,Mobile,0,0,0,0,0
RP_8A115FCC,CUST_9162,164.94,GATEWAY_TIMEOUT,0.25,0,15,Mobile,0,0,0,0,1
RP_4950A11F,CUST_3560,849.8,INSUFFICIENT_FUNDS,0.704,0,22,Mobile,0,0,0,0,0
RP_AA938F69,CUST_6415,4513.09,GATEWAY_TIMEOUT,0.905,0,23,Mobile,0,1,0,0,0
RP_A74AB568,CUST_4391,2244.21,3D_SECURE_FAILED,0.469,0,11,Mobile,0,0,0,1,0
RP_B2113C5C,CUST_6951,100.0,INSUFFICIENT_FUNDS,0.557,1,21,Desktop,0,0,0,0,0
RP_12A44E15,CUST_6468,1394.85,CUSTOMER_ABANDONED,0.768,0,21,Mobile,0,0,0,0,0
RP_51F78768,CUST_9007,747.7,CUSTOMER_ABANDONED,0.386,2,18,Mobile,0,0,0,0,0
RP_E6D5FE8D,CUST_7413,237.83,INSUFFICIENT_FUNDS,0.925,0,2,Desktop,0,0,0,1,0
RP_7D13EC1B,CUST_7941,1639.3,GATEWAY_TIMEOUT,0.627,0,12,Desktop,0,0,0,0,0
RP_71A07BFD,CUST_5820,607.84,CUSTOMER_ABANDONED,0.431,2,20,Mobile,0,0,0,0,0
RP_AE19A7E7,CUST_3898,612.38,GATEWAY_TIMEOUT,0.733,0,21,Mobile,0,1,1,0,1
RP_6612A831,CUST_8546,1272.65,GATEWAY_TIMEOUT,0.692,2,14,Mobile,0,1,0,0,0
RP_433E719C,CUST_1077,517.46,CUSTOMER_ABANDONED,0.705,0,16,Mobile,0,0,0,0,0
RP_F11018EB,CUST_8577,1230.14,GATEWAY_TIMEOUT,0.711,2,10,Mobile,0,0,1,0,0
RP_730559A7,CUST_5227,538.08,INSUFFICIENT_FUNDS,0.704,2,22,Mobile,0,0,0,1,0
RP_5DBF5528,CUST_1600,574.7,INSUFFICIENT_FUNDS,0.43,0,11,Mobile,0,0,1,0,0
RP_21010711,CUST_2065,3610.19,INSUFFICIENT_FUNDS,0.888,1,16,Mobile,0,0,0,0,0
RP_399727E1,CUST_3136,4079.0,CUSTOMER_ABANDONED,0.559,0,21,Mobile,0,0,0,1,1
RP_8FEAF3D5,CUST_7943,141.12,CUSTOMER_ABANDONED,0.977,0,22,Mobile,0,0,0,1,1
RP_54E921F7,CUST_8804,2687.82,CUSTOMER_ABANDONED,0.869,0,4,Mobile,0,0,0,0,1
RP_EA287B26,CUST_7565,5874.11,CUSTOMER_ABANDONED,0.751,0,4,Mobile,0,0,0,0,1
RP_9A1AABD6,CUST_6984,7107.12,GATEWAY_TIMEOUT,0.841,0,6,Mobile,0,1,0,0,0
RP_D7C93F50,CUST_6142,2047.67,INSUFFICIENT_FUNDS,0.738,0,2,Mobile,0,0,1,1,0
RP_CEA90CAC,CUST_5670,308.32,INSUFFICIENT_FUNDS,0.608,1,2,Mobile,0,0,1,0,0
RP_2633B7CD,CUST_3190,2335.49,INSUFFICIENT_FUNDS,0.71,0,16,Mobile,0,0,1,0,0
RP_4B466A42,CUST_3712,386.41,RISK_BLOCKED,0.551,2,23,Mobile,0,0,0,0,0
RP_C8340747,CUST_3192,726.65,CUSTOMER_ABANDONED,0.833,0,1,Mobile,0,0,0,0,1
RP_F355B356,CUST_2248,1736.62,GATEWAY_TIMEOUT,0.957,0,14,Mobile,0,0,1,0,0
RP_B2DB7CB5,CUST_5033,417.5,GATEWAY_TIMEOUT,0.624,1,18,Mobile,0,0,0,1,0
RP_C64759EE,CUST_2997,277.08,GATEWAY_TIMEOUT,0.806,1,22,Mobile,0,0,1,0,0
RP_376E96A8,CUST_4687,1917.79,GATEWAY_TIMEOUT,0.458,1,9,Mobile,0,0,0,0,0
RP_935A48D4,CUST_5018,10307.93,GATEWAY_TIMEOUT,0.743,0,10,Mobile,0,0,1,0,1
RP_B8326B1D,CUST_2970,4875.03,INSUFFICIENT_FUNDS,0.901,0,23,Mobile,0,0,1,1,0
RP_76BC0A9A,CUST_9389,2562.2,3D_SECURE_FAILED,0.797,0,8,Mobile,0,0,0,0,0
RP_94328FED,CUST_6765,3551.13,CUSTOMER_ABANDONED,0.897,0,13,Mobile,0,0,0,0,0
RP_118F6BF3,CUST_2202,2357.28,GATEWAY_TIMEOUT,0.477,0,23,Mobile,0,0,0,1,0
RP_2501F572,CUST_9135,1881.6,INSUFFICIENT_FUNDS,0.694,0,6,Mobile,0,0,1,0,0
RP_D92D4B90,CUST_6567,3223.88,INSUFFICIENT_FUNDS,0.43,0,9,Mobile,0,0,0,0,0
RP_AF0E0E8C,CUST_8667,212.29,CUSTOMER_ABANDONED,0.739,1,0,Desktop,0,0,0,0,1
RP_7422FBB2,CUST_6742,1393.23,CUSTOMER_ABANDONED,0.631,1,0,Mobile,0,0,0,0,1
RP_20EBC1EC,CUST_6788,995.12,3D_SECURE_FAILED,0.605,0,13,Mobile,0,0,0,1,0
RP_CCDA99DD,CUST_6408,1205.54,INSUFFICIENT_FUNDS,0.759,0,7,Desktop,0,0,0,0,1
RP_4461B768,CUST_9669,630.4,CUSTOMER_ABANDONED,0.765,0,13,Mobile,0,0,0,0,0
RP_0A8AFBAD,CUST_1922,2047.93,GATEWAY_TIMEOUT,0.866,0,6,Mobile,0,1,0,0,0
RP_08A71963,CUST_1419,410.96,CUSTOMER_ABANDONED,0.915,1,17,Mobile,0,0,0,0,1
RP_1248AB4E,CUST_3204,577.88,GATEWAY_TIMEOUT,0.932,0,22,Mobile,0,1,1,0,1
RP_6D2C7F66,CUST_2120,500.37,INSUFFICIENT_FUNDS,0.638,1,8,Mobile,0,0,0,1,0
RP_656C3F9B,CUST_1950,3092.5,CUSTOMER_ABANDONED,0.904,0,14,Mobile,0,0,0,0,1
RP_AC95755D,CUST_3336,1081.31,GATEWAY_TIMEOUT,0.648,2,0,Mobile,0,0,0,0,0
RP_F18A3379,CUST_6373,630.81,GATEWAY_TIMEOUT,0.545,0,10,Mobile,0,0,0,1,0
RP_8FAB6C05,CUST_3243,700.56,GATEWAY_TIMEOUT,0.408,1,18,Mobile,0,1,0,0,0
RP_EE11C74F,CUST_3645,1101.75,GATEWAY_TIMEOUT,0.856,0,9,Desktop,0,1,0,0,0
RP_83665399,CUST_5612,7681.81,GATEWAY_TIMEOUT,0.688,0,17,Mobile,0,1,0,0,1
RP_3568DFC4,CUST_2865,248.68,GATEWAY_TIMEOUT,0.569,0,21,Mobile,0,0,0,0,0
RP_D73EFADB,CUST_7028,2466.64,GATEWAY_TIMEOUT,0.947,0,3,Mobile,0,1,0,0,1
RP_1B904B82,CUST_8326,1931.85,GATEWAY_TIMEOUT,0.529,0,17,Mobile,0,1,0,0,0
RP_022332F1,CUST_7371,380.1,RISK_BLOCKED,0.313,2,17,Mobile,0,0,0,0,0
RP_EBB0D5E3,CUST_7359,6375.69,INSUFFICIENT_FUNDS,0.56,0,21,Mobile,1,0,0,0,0
RP_94609324,CUST_8863,2094.64,GATEWAY_TIMEOUT,0.897,0,21,Desktop,0,1,1,0,0
RP_427595A9,CUST_4228,596.29,INSUFFICIENT_FUNDS,0.807,1,19,Mobile,0,0,1,0,1
RP_CAF094DF,CUST_4719,117.77,3D_SECURE_FAILED,0.423,0,11,Mobile,0,0,0,0,0
RP_A4F03097,CUST_3371,1443.72,CUSTOMER_ABANDONED,0.695,0,8,Mobile,0,0,0,0,0
RP_E29EDF01,CUST_3891,1039.3,GATEWAY_TIMEOUT,0.738,2,17,Mobile,0,1,1,0,0
RP_9172A532,CUST_4756,318.35,CUSTOMER_ABANDONED,0.835,0,5,Desktop,0,0,0,1,0
RP_9E7D9D17,CUST_5225,313.46,CUSTOMER_ABANDONED,0.577,0,22,Desktop,0,0,0,0,1
RP_B7FDF164,CUST_1094,3109.48,CUSTOMER_ABANDONED,0.655,1,18,Desktop,0,0,0,0,0
RP_C4D7A172,CUST_3674,104.92,CUSTOMER_ABANDONED,0.81,0,19,Mobile,0,0,0,0,0
RP_BECB251C,CUST_7898,1599.01,3D_SECURE_FAILED,0.936,1,22,Mobile,0,0,0,1,1
RP_46C8F1BC,CUST_1793,875.75,3D_SECURE_FAILED,0.852,0,14,Mobile,0,0,0,0,0
RP_7C090254,CUST_3116,1991.39,CUSTOMER_ABANDONED,0.85,0,4,Desktop,0,0,0,0,1
RP_1458BAD1,CUST_6779,770.34,INSUFFICIENT_FUNDS,0.841,0,10,Mobile,0,0,1,1,1
RP_F93176BD,CUST_7166,1559.2,CUSTOMER_ABANDONED,0.688,2,12,Mobile,0,0,0,0,0
RP_0150B136,CUST_1814,449.74,CUSTOMER_ABANDONED,0.825,1,1,Desktop,0,0,0,0,1
RP_1BA0E8AC,CUST_1345,1033.76,GATEWAY_TIMEOUT,0.685,0,7,Mobile,0,0,1,0,0
RP_3F92A5C8,CUST_9554,1972.19,RISK_BLOCKED,0.794,0,10,Desktop,0,0,0,0,0
RP_E6FB05A9,CUST_3443,1314.28,GATEWAY_TIMEOUT,0.699,0,17,Mobile,0,1,1,0,0
RP_B1432D15,CUST_8783,1730.85,INSUFFICIENT_FUNDS,0.802,0,9,Desktop,0,0,1,1,0
RP_79750D69,CUST_1984,360.14,3D_SECURE_FAILED,0.669,1,0,Mobile,0,0,0,1,0
RP_D9962173,CUST_8790,539.8,GATEWAY_TIMEOUT,0.562,2,3,Mobile,0,0,0,0,0
RP_A2E8AD93,CUST_1827,551.14,INSUFFICIENT_FUNDS,0.559,1,16,Mobile,0,0,0,1,0
RP_E66FC998,CUST_4531,786.99,GATEWAY_TIMEOUT,0.376,0,16,Desktop,0,0,0,0,0
RP_E83FD1F4,CUST_8147,5598.75,INSUFFICIENT_FUNDS,0.65,0,4,Mobile,0,0,0,1,1
RP_C132E725,CUST_5451,716.94,GATEWAY_TIMEOUT,0.284,0,22,Mobile,0,0,0,0,0
RP_92AD2ABD,CUST_4876,278.03,INSUFFICIENT_FUNDS,0.732,0,2,Mobile,0,0,0,1,1
RP_1F262CD0,CUST_6959,2100.59,INSUFFICIENT_FUNDS,0.875,0,6,Mobile,0,0,0,0,0
RP_5A005CE6,CUST_1126,5519.11,RISK_BLOCKED,0.533,1,4,Mobile,0,0,0,0,0
RP_953D66C4,CUST_4177,241.42,RISK_BLOCKED,0.542,0,9,Mobile,0,0,0,0,0
RP_BC10BBC2,CUST_9795,11700.34,GATEWAY_TIMEOUT,0.858,0,23,Mobile,0,1,1,0,1
RP_62CA51CE,CUST_7024,1804.81,CUSTOMER_ABANDONED,0.947,0,6,Mobile,0,0,0,1,1
RP_82435BED,CUST_6109,3792.08,GATEWAY_TIMEOUT,0.767,2,16,Mobile,0,1,0,0,0
RP_D7B879BF,CUST_5146,6377.21,GATEWAY_TIMEOUT,0.772,1,16,Desktop,0,1,0,0,1
RP_5C1ADBA2,CUST_8196,3523.26,GATEWAY_TIMEOUT,0.631,0,6,Mobile,0,1,1,1,0
RP_338B918C,CUST_4368,960.41,RISK_BLOCKED,0.542,1,5,Mobile,0,0,0,0,0
RP_79C954B5,CUST_4797,4727.91,3D_SECURE_FAILED,0.368,0,8,Mobile,0,0,1,1,0
RP_9C2DF2CF,CUST_2792,1488.49,GATEWAY_TIMEOUT,0.925,0,7,Mobile,0,1,1,0,0
RP_659B03D1,CUST_6732,4058.55,GATEWAY_TIMEOUT,0.755,0,13,Mobile,0,0,0,0,0
RP_34EFD257,CUST_4476,4627.86,GATEWAY_TIMEOUT,0.775,0,21,Desktop,0,0,0,0,0
RP_178A5217,CUST_4417,296.17,INSUFFICIENT_FUNDS,0.726,0,5,Mobile,0,0,1,1,0
RP_8916DF22,CUST_2645,2844.55,CUSTOMER_ABANDONED,0.857,0,8,Mobile,0,0,0,0,1
RP_72D8A7AC,CUST_4030,881.59,GATEWAY_TIMEOUT,0.905,0,19,Mobile,0,1,0,0,0
RP_59477274,CUST_3872,1294.43,CUSTOMER_ABANDONED,0.771,0,10,Mobile,0,0,0,0,1
RP_1A4686E8,CUST_4072,1277.31,INSUFFICIENT_FUNDS,0.449,0,10,Mobile,0,0,0,0,0
RP_1476E883,CUST_2854,1217.27,3D_SECURE_FAILED,0.46,1,7,Desktop,0,0,0,0,0
RP_3741CDB6,CUST_5021,6824.2,CUSTOMER_ABANDONED,0.693,0,2,Mobile,0,0,0,0,1
RP_02389C2E,CUST_5662,212.78,INSUFFICIENT_FUNDS,0.932,0,10,Mobile,0,0,1,1,0
RP_336D78B2,CUST_7514,138.82,CUSTOMER_ABANDONED,0.859,0,3,Desktop,0,0,0,0,1
RP_C8636E84,CUST_6031,107.78,CUSTOMER_ABANDONED,0.753,0,22,Desktop,0,0,0,0,0
RP_A2232AC1,CUST_3708,3955.94,GATEWAY_TIMEOUT,0.768,0,2,Mobile,0,1,1,1,0
RP_5AA16E3E,CUST_8112,433.49,INSUFFICIENT_FUNDS,0.705,0,12,Mobile,1,0,0,1,0
RP_2749C8CD,CUST_9393,1285.14,3D_SECURE_FAILED,0.545,0,18,Mobile,0,0,0,1,1
RP_9082F9B6,CUST_4507,955.6,GATEWAY_TIMEOUT,0.563,1,7,Desktop,0,1,1,0,1
RP_9C7FF7A6,CUST_7456,378.55,GATEWAY_TIMEOUT,0.763,0,20,Mobile,0,0,0,0,1
RP_12400837,CUST_5212,3046.57,INSUFFICIENT_FUNDS,0.506,1,20,Mobile,0,0,0,1,0
RP_76964E7F,CUST_8970,941.1,CUSTOMER_ABANDONED,0.464,1,23,Mobile,0,0,0,0,0
RP_BA4FDAF4,CUST_9766,824.45,CUSTOMER_ABANDONED,0.655,0,21,Mobile,0,0,0,1,0
RP_68463B2A,CUST_1536,1450.18,3D_SECURE_FAILED,0.946,0,20,Mobile,0,0,1,1,0
RP_5D931026,CUST_2625,2604.32,INSUFFICIENT_FUNDS,0.541,0,0,Mobile,0,0,1,0,0
RP_D1D22F76,CUST_8973,346.97,GATEWAY_TIMEOUT,0.849,0,20,Mobile,0,1,0,0,0
RP_42C5EA37,CUST_9577,3125.98,CUSTOMER_ABANDONED,0.54,0,7,Desktop,0,0,0,1,0
RP_ECEA8528,CUST_9070,6246.8,CUSTOMER_ABANDONED,0.751,0,8,Mobile,0,0,0,0,1
RP_D8B72FF7,CUST_9666,198.08,GATEWAY_TIMEOUT,0.491,0,5,Mobile,0,0,0,1,1
RP_3F66CFF0,CUST_9609,1531.43,GATEWAY_TIMEOUT,0.801,0,10,Desktop,0,1,1,0,1
RP_4DD6EBAA,CUST_7490,760.59,GATEWAY_TIMEOUT,0.568,0,9,Mobile,0,0,1,0,0
RP_C0ADBC16,CUST_4600,2537.86,CUSTOMER_ABANDONED,0.705,0,2,Mobile,0,0,0,1,0
RP_8D83C5F7,CUST_7783,254.68,3D_SECURE_FAILED,0.802,0,7,Mobile,0,0,0,0,0
RP_6C859169,CUST_5971,7744.4,CUSTOMER_ABANDONED,0.723,1,4,Desktop,0,0,0,0,1
RP_207C0688,CUST_2205,159.26,RISK_BLOCKED,0.595,0,1,Desktop,0,0,0,0,0
RP_B74C6D6B,CUST_2990,818.0,GATEWAY_TIMEOUT,0.855,0,15,Mobile,0,1,0,0,0
RP_07CEE01D,CUST_6299,1846.7,3D_SECURE_FAILED,0.537,0,0,Mobile,0,0,0,0,0
RP_637DA42F,CUST_4572,481.25,CUSTOMER_ABANDONED,0.777,0,23,Desktop,0,0,0,0,0
RP_C5BABC4E,CUST_6975,398.58,INSUFFICIENT_FUNDS,0.49,0,1,Mobile,0,0,1,0,1
RP_C7648E92,CUST_7320,1431.79,RISK_BLOCKED,0.751,0,2,Mobile,0,0,0,0,0
RP_89A3EA01,CUST_5380,1203.89,GATEWAY_TIMEOUT,0.884,1,8,Mobile,0,1,0,0,0
RP_B5E7F19C,CUST_5757,1104.48,3D_SECURE_FAILED,0.825,0,16,Desktop,0,0,0,0,0
RP_B8B58F8E,CUST_3713,3073.05,3D_SECURE_FAILED,0.866,0,23,Desktop,0,0,0,0,0
RP_A1828BEC,CUST_6588,683.09,CUSTOMER_ABANDONED,0.767,0,11,Desktop,0,0,0,0,1
RP_6038B6E7,CUST_1966,1609.23,CUSTOMER_ABANDONED,0.734,0,1,Desktop,0,0,0,0,1
RP_32D772B1,CUST_5944,597.1,GATEWAY_TIMEOUT,0.493,0,23,Desktop,0,0,0,0,0
RP_3A9EBA20,CUST_4432,395.76,INSUFFICIENT_FUNDS,0.878,0,1,Mobile,0,0,1,1,0
RP_541960BC,CUST_1688,779.22,INSUFFICIENT_FUNDS,0.813,0,22,Mobile,0,0,0,0,0
RP_9FCEE911,CUST_5243,602.74,CUSTOMER_ABANDONED,0.929,0,18,Desktop,0,0,0,0,1
RP_88894D3B,CUST_4701,639.98,CUSTOMER_ABANDONED,0.298,0,19,Mobile,0,0,0,0,0
RP_1F22C9F8,CUST_9533,4439.93,3D_SECURE_FAILED,0.467,0,16,Desktop,0,0,0,1,0
RP_23647F85,CUST_6182,808.42,GATEWAY_TIMEOUT,0.77,1,16,Desktop,0,0,0,0,0
RP_911D8CAA,CUST_7704,494.98,CUSTOMER_ABANDONED,0.516,1,12,Mobile,0,0,0,0,0
RP_8D3FDEBA,CUST_5422,1134.21,3D_SECURE_FAILED,0.831,0,11,Mobile,0,0,0,0,0
RP_9F3C7AD7,CUST_2759,1242.74,CUSTOMER_ABANDONED,0.724,0,10,Mobile,0,0,0,0,0
RP_F939D7CF,CUST_3482,263.95,GATEWAY_TIMEOUT,0.873,0,10,Mobile,0,1,0,0,0
RP_0C6C2F7C,CUST_9058,766.56,GATEWAY_TIMEOUT,0.714,2,23,Mobile,0,1,0,0,1
RP_D162FBB0,CUST_1951,730.39,GATEWAY_TIMEOUT,0.574,0,7,Mobile,0,1,1,0,0
RP_942BFF73,CUST_9914,891.96,CUSTOMER_ABANDONED,0.955,0,17,Desktop,0,0,0,1,1
RP_3BE8B056,CUST_3079,2619.23,CUSTOMER_ABANDONED,0.78,0,3,Mobile,0,0,0,1,1
RP_63EB9333,CUST_3717,1292.08,RISK_BLOCKED,0.66,0,17,Desktop,0,0,0,0,0
RP_BD98B134,CUST_5524,4786.36,INSUFFICIENT_FUNDS,0.75,0,14,Mobile,0,0,0,0,0
RP_F240ED9E,CUST_9477,1081.4,INSUFFICIENT_FUNDS,0.411,0,23,Mobile,0,0,0,0,0
RP_B7684FF9,CUST_8311,9240.07,CUSTOMER_ABANDONED,0.782,0,6,Mobile,0,0,0,0,0
RP_AA471E4C,CUST_8186,630.85,CUSTOMER_ABANDONED,0.59,2,22,Mobile,0,0,0,0,1
RP_CB1CAD6B,CUST_3065,435.51,3D_SECURE_FAILED,0.86,2,14,Mobile,0,0,0,0,0
RP_4A4C79A4,CUST_1768,2114.9,CUSTOMER_ABANDONED,0.909,1,18,Desktop,0,0,0,0,1
RP_CA5917D9,CUST_6490,5635.82,INSUFFICIENT_FUNDS,0.786,0,20,Mobile,0,0,0,1,0
RP_2CD07111,CUST_7645,209.65,CUSTOMER_ABANDONED,0.973,1,16,Mobile,0,0,0,0,0
RP_A9C9AB85,CUST_6083,865.76,3D_SECURE_FAILED,0.408,1,9,Mobile,0,0,0,0,0
RP_7F4C6227,CUST_6232,526.93,INSUFFICIENT_FUNDS,0.809,2,10,Desktop,0,0,0,0,0
RP_F4BC9801,CUST_6797,1301.69,GATEWAY_TIMEOUT,0.628,0,13,Mobile,0,1,0,0,1
RP_7C17812C,CUST_5926,1109.9,GATEWAY_TIMEOUT,0.708,0,3,Mobile,0,1,0,1,0
RP_F3E7C79D,CUST_7016,5510.76,GATEWAY_TIMEOUT,0.563,0,3,Mobile,0,0,0,1,0
RP_1DBB846A,CUST_4335,962.87,CUSTOMER_ABANDONED,0.993,2,0,Mobile,0,0,0,1,0
RP_00AE613E,CUST_9038,5708.67,GATEWAY_TIMEOUT,0.789,0,11,Mobile,0,1,1,0,0
RP_099ADD47,CUST_5873,751.36,GATEWAY_TIMEOUT,0.854,0,6,Mobile,0,1,1,0,0
RP_90B39D84,CUST_2481,3333.5,GATEWAY_TIMEOUT,0.821,0,4,Mobile,0,0,1,0,0
RP_B4F4DF8D,CUST_7305,1442.88,CUSTOMER_ABANDONED,0.511,0,0,Mobile,0,0,0,0,1
RP_3619B0A4,CUST_4451,8741.72,INSUFFICIENT_FUNDS,0.833,2,20,Mobile,0,0,0,1,0
RP_5049A151,CUST_1054,186.34,CUSTOMER_ABANDONED,0.707,0,23,Mobile,0,0,0,0,0
RP_432B584A,CUST_8643,271.34,GATEWAY_TIMEOUT,0.768,0,7,Mobile,0,1,1,0,0
RP_0C165DDD,CUST_4462,9876.83,GATEWAY_TIMEOUT,0.791,2,17,Mobile,0,0,0,0,0
RP_709829BB,CUST_1832,454.9,INSUFFICIENT_FUNDS,0.664,0,12,Mobile,0,0,0,0,0
RP_BEB7591A,CUST_6954,490.9,INSUFFICIENT_FUNDS,0.631,1,16,Mobile,0,0,1,0,0
RP_17868366,CUST_9519,383.42,GATEWAY_TIMEOUT,0.758,0,1,Desktop,0,0,1,0,0
RP_4B98FECA,CUST_8221,4350.89,GATEWAY_TIMEOUT,0.614,0,5,Mobile,0,0,0,0,0
RP_1E7BD730,CUST_4310,243.68,3D_SECURE_FAILED,0.509,0,20,Desktop,0,1,0,0,0
RP_07B0FC32,CUST_4300,1126.58,CUSTOMER_ABANDONED,0.715,0,3,Mobile,0,0,0,0,1
RP_D5CA5DE0,CUST_7722,797.32,GATEWAY_TIMEOUT,0.543,0,7,Mobile,0,0,0,0,0
RP_D358F65E,CUST_8218,3804.04,GATEWAY_TIMEOUT,0.897,2,14,Mobile,0,1,1,0,0
RP_9584A1C1,CUST_8776,557.57,RISK_BLOCKED,0.618,0,4,Mobile,0,0,0,0,0
RP_44006FCF,CUST_4675,1805.02,CUSTOMER_ABANDONED,0.791,0,19,Mobile,0,0,0,0,0
RP_C492EC6A,CUST_4054,268.95,INSUFFICIENT_FUNDS,0.626,1,10,Mobile,0,0,1,0,0
RP_99B2982A,CUST_8970,16793.2,CUSTOMER_ABANDONED,0.265,0,7,Mobile,0,0,0,0,0
RP_4A31E800,CUST_3143,822.62,CUSTOMER_ABANDONED,0.619,0,16,Mobile,0,0,0,0,0
RP_C717B93A,CUST_6207,1108.23,CUSTOMER_ABANDONED,0.827,0,8,Mobile,0,0,0,0,0
RP_BBD75906,CUST_3538,7988.08,INSUFFICIENT_FUNDS,0.775,0,17,Mobile,0,0,0,0,0
RP_205C31D2,CUST_5547,542.39,INSUFFICIENT_FUNDS,0.917,0,13,Desktop,0,0,1,1,0
RP_C004BA88,CUST_6619,8110.05,GATEWAY_TIMEOUT,0.769,2,23,Mobile,0,0,0,0,0
RP_02D6FE73,CUST_9356,669.3,3D_SECURE_FAILED,0.434,0,8,Mobile,0,0,0,1,0
RP_AA1CB9DD,CUST_7612,2455.38,CUSTOMER_ABANDONED,0.852,0,9,Desktop,0,0,0,1,1
RP_884F5602,CUST_6005,551.58,GATEWAY_TIMEOUT,0.578,0,23,Mobile,0,1,1,0,0
RP_C78B2D15,CUST_1822,215.46,3D_SECURE_FAILED,0.785,0,19,Desktop,0,0,0,1,1
RP_EC48E339,CUST_1943,1803.55,3D_SECURE_FAILED,0.636,1,1,Mobile,0,0,0,0,0
RP_1B5B3ABE,CUST_7150,2363.47,RISK_BLOCKED,0.781,0,2,Mobile,0,0,0,0,0
RP_70216801,CUST_5425,226.09,3D_SECURE_FAILED,0.747,1,23,Mobile,0,0,0,1,0
RP_FF68ACE4,CUST_9966,758.64,RISK_BLOCKED,0.795,0,4,Mobile,0,0,0,0,0
RP_C512E31F,CUST_3198,4632.77,GATEWAY_TIMEOUT,0.806,0,3,Mobile,0,1,1,0,0
RP_DA7066F2,CUST_5242,2253.28,CUSTOMER_ABANDONED,0.806,1,2,Mobile,0,0,0,0,0
RP_57A65D99,CUST_4695,682.49,CUSTOMER_ABANDONED,0.85,0,18,Mobile,0,0,0,0,1
RP_DDCBFC79,CUST_4452,535.38,GATEWAY_TIMEOUT,0.744,0,9,Mobile,0,0,0,0,0
RP_BDE83CEE,CUST_2308,11360.45,GATEWAY_TIMEOUT,0.726,1,6,Mobile,0,1,0,0,1
RP_76987F36,CUST_5177,193.19,RISK_BLOCKED,0.77,0,11,Desktop,0,0,0,0,0
RP_094B8347,CUST_9705,1021.43,GATEWAY_TIMEOUT,0.701,0,7,Mobile,0,1,1,0,0
RP_00D22247,CUST_7852,189.12,3D_SECURE_FAILED,0.569,0,4,Desktop,0,0,0,0,0
RP_C19172D5,CUST_7035,5312.29,GATEWAY_TIMEOUT,0.764,1,23,Mobile,0,1,1,0,1
RP_93FCADAF,CUST_4594,1087.3,GATEWAY_TIMEOUT,0.905,0,12,Mobile,0,1,1,1,0
RP_55DDD9FF,CUST_5841,1358.06,INSUFFICIENT_FUNDS,0.919,2,8,Mobile,0,0,0,1,0
RP_DDA30B86,CUST_2409,30414.38,GATEWAY_TIMEOUT,0.442,0,3,Desktop,0,0,1,0,0
RP_78A60147,CUST_5566,537.99,CUSTOMER_ABANDONED,0.416,1,1,Desktop,0,0,0,0,0
RP_70D541FC,CUST_5491,8940.0,CUSTOMER_ABANDONED,0.613,0,4,Mobile,0,0,0,0,1
RP_CC492EA8,CUST_2555,686.17,GATEWAY_TIMEOUT,0.726,0,1,Mobile,0,1,1,1,0
RP_D2D4010A,CUST_1804,828.64,GATEWAY_TIMEOUT,0.222,0,17,Mobile,0,1,0,0,0
RP_DD536EA0,CUST_2279,25998.92,INSUFFICIENT_FUNDS,0.864,0,5,Mobile,0,0,0,1,0
RP_3CE50D60,CUST_8083,903.88,GATEWAY_TIMEOUT,0.725,0,10,Mobile,0,0,1,0,0
RP_93899361,CUST_6986,210.77,CUSTOMER_ABANDONED,0.768,0,9,Desktop,0,0,0,0,1
RP_BF77B750,CUST_6619,1538.1,INSUFFICIENT_FUNDS,0.706,1,0,Mobile,0,0,0,1,0
RP_80E66749,CUST_2387,891.33,GATEWAY_TIMEOUT,0.991,0,1,Desktop,0,1,0,0,0
RP_B5B8A8D8,CUST_3679,1703.63,INSUFFICIENT_FUNDS,0.919,2,20,Mobile,0,0,0,0,0
RP_A10B295F,CUST_3106,934.19,GATEWAY_TIMEOUT,0.638,0,9,Desktop,0,0,0,0,0
RP_A783EBAA,CUST_9173,15656.69,GATEWAY_TIMEOUT,0.837,0,4,Mobile,0,0,1,0,0
RP_B5D5C10F,CUST_5223,2138.98,GATEWAY_TIMEOUT,0.691,1,11,Mobile,0,1,0,0,1
RP_214E54D8,CUST_5831,301.88,3D_SECURE_FAILED,0.788,2,18,Mobile,0,0,0,0,0
RP_40E0FB83,CUST_3768,1273.41,3D_SECURE_FAILED,0.611,0,20,Mobile,0,0,0,0,0
RP_E899E876,CUST_4186,420.08,CUSTOMER_ABANDONED,0.815,0,1,Mobile,0,0,0,1,1
RP_D0C23E1E,CUST_3573,814.64,INSUFFICIENT_FUNDS,0.689,0,5,Desktop,0,0,0,0,0
RP_895558D3,CUST_3599,367.77,GATEWAY_TIMEOUT,0.881,0,14,Mobile,0,1,1,0,0
RP_0AEB9FCD,CUST_5033,13746.54,INSUFFICIENT_FUNDS,0.428,1,7,Mobile,0,0,1,1,0
RP_31D30E29,CUST_9428,478.35,CUSTOMER_ABANDONED,0.904,0,15,Mobile,1,0,0,1,1
RP_6264114E,CUST_2304,2502.58,RISK_BLOCKED,0.313,0,18,Desktop,0,0,0,0,0
RP_266865FC,CUST_8368,743.84,GATEWAY_TIMEOUT,0.452,0,17,Mobile,0,0,1,0,0
RP_65A20EA0,CUST_6877,273.12,GATEWAY_TIMEOUT,0.621,0,16,Desktop,0,1,1,0,0
RP_800FD1D9,CUST_2301,1390.17,CUSTOMER_ABANDONED,0.867,0,0,Mobile,0,0,0,0,0
RP_32097402,CUST_3541,1773.71,CUSTOMER_ABANDONED,0.889,1,10,Desktop,0,0,0,0,1
RP_6F7BC390,CUST_3051,2143.84,CUSTOMER_ABANDONED,0.655,0,3,Mobile,0,0,0,0,1
RP_B4956BE1,CUST_7809,100.0,CUSTOMER_ABANDONED,0.553,0,5,Mobile,0,0,0,0,0
RP_7BF5697F,CUST_9633,249.18,RISK_BLOCKED,0.598,1,6,Mobile,0,0,0,0,0
RP_1B5973EA,CUST_9996,3460.14,INSUFFICIENT_FUNDS,0.928,0,7,Mobile,0,0,0,0,0
RP_E8BBE81F,CUST_1074,362.01,3D_SECURE_FAILED,0.953,1,23,Mobile,0,0,0,1,1
RP_10E88B7D,CUST_7981,1399.03,RISK_BLOCKED,0.386,0,9,Mobile,0,0,0,0,0
RP_B8BEF1D5,CUST_6475,242.35,CUSTOMER_ABANDONED,0.698,0,16,Mobile,0,0,0,0,1
RP_730FFE95,CUST_9232,2638.38,INSUFFICIENT_FUNDS,0.365,0,11,Mobile,0,0,0,0,0
RP_A86FA70F,CUST_8184,3352.71,GATEWAY_TIMEOUT,0.66,2,7,Mobile,0,1,0,0,0
RP_0D15E559,CUST_6796,2639.36,INSUFFICIENT_FUNDS,0.495,2,11,Mobile,0,0,0,0,0
RP_BE3487D9,CUST_8141,3786.01,INSUFFICIENT_FUNDS,0.942,0,16,Desktop,0,0,0,0,0
RP_38275101,CUST_2622,7162.97,3D_SECURE_FAILED,0.721,0,2,Desktop,0,1,0,0,0
RP_C8774775,CUST_9041,268.03,GATEWAY_TIMEOUT,0.719,0,13,Mobile,0,1,0,0,0
RP_DAF98C66,CUST_1341,425.64,GATEWAY_TIMEOUT,0.65,0,11,Desktop,0,0,0,0,0
RP_5E30291D,CUST_3074,3219.73,CUSTOMER_ABANDONED,0.701,1,4,Mobile,0,0,0,0,0
RP_8399AD11,CUST_8992,4256.76,GATEWAY_TIMEOUT,0.666,0,12,Mobile,0,0,1,0,0
RP_D092CE53,CUST_1645,488.23,INSUFFICIENT_FUNDS,0.532,0,10,Mobile,0,0,0,1,0
RP_46FE5E10,CUST_5263,449.14,INSUFFICIENT_FUNDS,0.776,0,15,Mobile,0,0,0,1,0
RP_D71E9897,CUST_9801,501.37,CUSTOMER_ABANDONED,0.686,0,9,Mobile,0,0,0,1,0
RP_365325A7,CUST_7136,159.79,GATEWAY_TIMEOUT,0.519,1,23,Mobile,0,0,0,0,0
RP_7CB1C8E6,CUST_9646,238.49,3D_SECURE_FAILED,0.759,0,7,Mobile,0,0,0,0,0
RP_546EC076,CUST_3969,245.49,INSUFFICIENT_FUNDS,0.861,0,5,Mobile,0,0,0,1,0
RP_67221010,CUST_4028,770.53,3D_SECURE_FAILED,0.68,0,19,Mobile,0,0,0,0,0
RP_F39A16A2,CUST_8643,1517.78,INSUFFICIENT_FUNDS,0.472,0,19,Mobile,0,0,0,0,0
RP_66AD8373,CUST_3681,1844.88,GATEWAY_TIMEOUT,0.627,0,23,Mobile,0,1,0,0,1
RP_5C8CF466,CUST_4629,595.69,GATEWAY_TIMEOUT,0.875,2,2,Mobile,0,1,0,0,0
RP_7B96159A,CUST_5225,613.52,GATEWAY_TIMEOUT,0.86,0,23,Desktop,0,0,0,0,0
RP_7A2C7936,CUST_4067,1272.06,INSUFFICIENT_FUNDS,0.627,0,19,Mobile,0,0,0,1,0
RP_54AE9F63,CUST_6941,182.14,GATEWAY_TIMEOUT,0.935,1,9,Desktop,1,1,1,0,0
RP_8D087815,CUST_2386,3467.98,INSUFFICIENT_FUNDS,0.825,0,17,Mobile,0,0,0,0,0
RP_9B82BE21,CUST_3866,5127.96,CUSTOMER_ABANDONED,0.697,0,9,Mobile,0,0,0,0,0
RP_994BCCE3,CUST_5788,517.65,GATEWAY_TIMEOUT,0.625,0,12,Mobile,0,0,0,0,0
RP_49E1B235,CUST_6490,679.85,GATEWAY_TIMEOUT,0.471,0,13,Mobile,0,0,0,0,1
RP_0F98B795,CUST_5124,4875.48,CUSTOMER_ABANDONED,0.607,0,0,Desktop,0,0,0,1,1
RP_8D68BA1B,CUST_9340,946.09,3D_SECURE_FAILED,0.864,0,19,Mobile,0,0,0,1,0
RP_37CA7C07,CUST_4850,2221.4,GATEWAY_TIMEOUT,0.617,0,14,Mobile,0,0,1,0,0
RP_786F0985,CUST_6415,981.65,GATEWAY_TIMEOUT,0.887,0,11,Mobile,0,0,0,0,0
RP_7E61CE26,CUST_8679,7098.0,RISK_BLOCKED,0.653,0,15,Mobile,0,0,0,0,0
RP_29C1E153,CUST_7819,1974.55,GATEWAY_TIMEOUT,0.409,0,6,Desktop,0,1,0,0,0
RP_EED27C1B,CUST_9378,2115.8,RISK_BLOCKED,0.865,0,13,Mobile,0,0,0,0,0
RP_4EB0CAFD,CUST_2333,2163.68,GATEWAY_TIMEOUT,0.89,2,8,Mobile,0,0,1,0,0
RP_760D5AB5,CUST_5150,563.33,3D_SECURE_FAILED,0.663,2,8,Desktop,0,0,0,0,0
RP_AE1FF0BB,CUST_7766,628.99,INSUFFICIENT_FUNDS,0.689,0,9,Mobile,0,0,0,0,0
RP_4DCEBAFC,CUST_3711,2760.3,3D_SECURE_FAILED,0.464,1,8,Mobile,0,0,0,0,0
RP_2F1BBD3B,CUST_5853,1276.27,INSUFFICIENT_FUNDS,0.788,0,15,Mobile,0,0,0,0,0
RP_4708AFAE,CUST_7212,266.9,CUSTOMER_ABANDONED,0.764,1,22,Mobile,0,0,0,0,1
RP_7B70A43C,CUST_8479,10380.93,GATEWAY_TIMEOUT,0.273,0,7,Mobile,0,1,1,0,0
RP_453336DE,CUST_6408,3546.39,GATEWAY_TIMEOUT,0.628,0,1,Mobile,0,0,0,0,0
RP_E7255195,CUST_8715,1147.28,CUSTOMER_ABANDONED,0.681,1,17,Desktop,0,0,0,0,0
RP_2D8BDE2B,CUST_9942,789.82,INSUFFICIENT_FUNDS,0.47,1,23,Desktop,0,0,0,0,0
RP_C0585CBF,CUST_2762,1391.88,3D_SECURE_FAILED,0.597,0,17,Mobile,0,0,0,0,0
RP_CAE0EE30,CUST_8101,2040.65,INSUFFICIENT_FUNDS,0.699,1,11,Mobile,0,0,0,0,0
RP_EA35DB52,CUST_8674,100.0,3D_SECURE_FAILED,0.911,0,23,Mobile,0,0,0,1,0
RP_BAC41328,CUST_7122,13833.1,INSUFFICIENT_FUNDS,0.837,0,2,Mobile,0,0,0,1,0
RP_0BAF53B9,CUST_1481,425.02,RISK_BLOCKED,0.775,0,1,Mobile,0,0,0,0,1
RP_15443964,CUST_1153,1094.13,RISK_BLOCKED,0.436,0,5,Mobile,0,0,0,0,0
RP_45251592,CUST_8617,1143.49,INSUFFICIENT_FUNDS,0.738,1,5,Mobile,0,0,0,0,0
RP_E8712218,CUST_2524,12042.78,3D_SECURE_FAILED,0.83,2,16,Desktop,0,0,0,1,0
RP_7A4196F1,CUST_3120,986.59,CUSTOMER_ABANDONED,0.344,0,15,Mobile,0,0,0,1,0
RP_F61BCD16,CUST_3343,7377.64,GATEWAY_TIMEOUT,0.421,0,22,Mobile,0,1,0,0,0
RP_02865776,CUST_6136,1786.61,CUSTOMER_ABANDONED,0.951,1,12,Desktop,0,0,0,0,1
RP_61828707,CUST_6760,345.76,GATEWAY_TIMEOUT,0.437,0,11,Mobile,0,1,0,0,0
RP_15F5C979,CUST_2240,1289.03,CUSTOMER_ABANDONED,0.915,0,10,Desktop,0,0,0,0,1
RP_5FE31D15,CUST_1060,951.26,GATEWAY_TIMEOUT,0.77,0,14,Mobile,0,0,0,0,0
RP_513520AB,CUST_2639,298.6,GATEWAY_TIMEOUT,0.803,0,16,Mobile,0,1,1,1,1
RP_74546BA8,CUST_7185,1684.57,INSUFFICIENT_FUNDS,0.842,1,19,Desktop,0,0,0,0,0
RP_25EFF1F4,CUST_8970,1126.11,CUSTOMER_ABANDONED,0.823,0,21,Mobile,0,0,0,0,0
RP_6D2446DF,CUST_2252,2138.17,3D_SECURE_FAILED,0.876,0,23,Mobile,0,0,1,0,1
RP_AA9B64B0,CUST_5203,1383.02,RISK_BLOCKED,0.687,1,7,Mobile,0,0,0,0,0
RP_E8007DF7,CUST_9363,502.04,INSUFFICIENT_FUNDS,0.686,0,6,Mobile,0,0,1,0,0
RP_41843597,CUST_4549,2757.28,GATEWAY_TIMEOUT,0.606,0,10,Mobile,0,0,0,0,0
RP_5CBDB779,CUST_5197,518.39,CUSTOMER_ABANDONED,0.499,0,20,Desktop,0,0,1,1,1
RP_E8C26975,CUST_8009,100.0,CUSTOMER_ABANDONED,0.78,0,21,Mobile,0,0,0,0,1
RP_9363BF43,CUST_7667,1279.7,INSUFFICIENT_FUNDS,0.836,1,7,Mobile,0,0,0,0,0
RP_631478E9,CUST_3322,564.03,INSUFFICIENT_FUNDS,0.8,0,18,Mobile,0,0,0,0,1
RP_68D2AFF3,CUST_5090,1734.64,INSUFFICIENT_FUNDS,0.852,1,5,Mobile,0,0,1,0,0
RP_B5558DF9,CUST_7960,12072.03,INSUFFICIENT_FUNDS,0.792,0,19,Desktop,0,0,0,0,0
RP_266548C9,CUST_4004,12497.55,CUSTOMER_ABANDONED,0.871,0,18,Mobile,0,0,0,0,1
RP_2D7A461C,CUST_6136,899.51,INSUFFICIENT_FUNDS,0.502,0,18,Mobile,0,0,0,0,0
RP_6E749DA2,CUST_1329,406.74,3D_SECURE_FAILED,0.723,1,3,Mobile,0,0,0,1,0
RP_5622946C,CUST_4640,2211.93,INSUFFICIENT_FUNDS,0.814,0,21,Desktop,0,0,0,0,1
RP_7756A235,CUST_8982,703.26,GATEWAY_TIMEOUT,0.772,0,14,Mobile,0,1,1,0,0
RP_3FB5B4C9,CUST_5107,1754.84,3D_SECURE_FAILED,0.784,0,16,Mobile,0,0,0,1,0
RP_FC29FD60,CUST_2341,496.19,CUSTOMER_ABANDONED,0.378,0,17,Mobile,0,0,0,0,0
RP_3104AE17,CUST_9407,1481.53,GATEWAY_TIMEOUT,0.845,0,19,Mobile,0,0,1,0,0
RP_6EBD2AB7,CUST_1338,413.9,CUSTOMER_ABANDONED,0.932,0,11,Mobile,0,0,0,0,1
RP_5EB4EF0C,CUST_6895,4541.92,INSUFFICIENT_FUNDS,0.65,1,9,Mobile,0,0,0,0,0
RP_EA92D251,CUST_3708,540.25,CUSTOMER_ABANDONED,0.583,2,8,Mobile,0,0,0,0,0
RP_FA593F73,CUST_2750,2424.36,INSUFFICIENT_FUNDS,0.641,0,7,Mobile,0,0,1,0,0
RP_84CBA8C1,CUST_6604,240.39,CUSTOMER_ABANDONED,0.673,0,7,Mobile,0,0,0,0,0
RP_7A0F5588,CUST_3421,2800.1,GATEWAY_TIMEOUT,0.721,0,10,Mobile,0,1,0,0,0
RP_76FB69D8,CUST_8119,343.9,INSUFFICIENT_FUNDS,0.695,0,22,Mobile,0,0,0,0,0
RP_03C57627,CUST_9901,1500.29,RISK_BLOCKED,0.628,0,11,Mobile,0,0,0,0,0
RP_B0138718,CUST_6319,3743.74,CUSTOMER_ABANDONED,0.866,0,21,Mobile,0,0,0,0,1
RP_371C43F7,CUST_7609,862.66,GATEWAY_TIMEOUT,0.916,1,22,Mobile,0,0,0,0,0
RP_7DC2E2F8,CUST_6387,318.94,GATEWAY_TIMEOUT,0.892,0,5,Mobile,0,0,0,0,0
RP_BAEF89F5,CUST_4993,1990.57,INSUFFICIENT_FUNDS,0.796,0,2,Mobile,0,0,0,0,1
RP_D911B975,CUST_9680,399.74,CUSTOMER_ABANDONED,0.652,2,14,Mobile,0,0,0,1,1
RP_9907FEE5,CUST_9044,675.13,CUSTOMER_ABANDONED,0.706,2,5,Mobile,0,0,0,0,0
RP_D4BA0BC0,CUST_9238,1508.02,CUSTOMER_ABANDONED,0.768,0,6,Mobile,0,0,0,0,1
RP_81D8420E,CUST_5873,5612.84,INSUFFICIENT_FUNDS,0.496,0,5,Mobile,0,0,1,0,0
RP_037DE4D6,CUST_5806,1132.14,CUSTOMER_ABANDONED,0.949,0,1,Mobile,0,0,0,1,1
RP_1DA8D398,CUST_9592,1127.13,INSUFFICIENT_FUNDS,0.81,0,5,Mobile,0,1,1,1,1
RP_C7EDC011,CUST_6913,2657.17,GATEWAY_TIMEOUT,0.64,2,1,Desktop,1,0,0,0,0
RP_C5665EF3,CUST_8124,1164.96,CUSTOMER_ABANDONED,0.301,1,0,Mobile,0,0,0,0,0
RP_783009B8,CUST_4157,2351.09,RISK_BLOCKED,0.737,1,14,Mobile,0,0,0,0,0
RP_F1B5EC84,CUST_1390,4000.76,CUSTOMER_ABANDONED,0.507,0,9,Mobile,0,0,0,0,1
RP_72585073,CUST_5430,740.05,CUSTOMER_ABANDONED,0.589,0,9,Mobile,0,0,0,0,1
RP_0E7C8BA4,CUST_9820,100.0,CUSTOMER_ABANDONED,0.703,0,9,Mobile,0,0,0,0,0
RP_8B797826,CUST_8686,410.96,3D_SECURE_FAILED,0.834,0,4,Desktop,0,1,1,1,0
RP_AC205728,CUST_5232,4677.03,INSUFFICIENT_FUNDS,0.845,0,3,Mobile,0,0,0,0,0
RP_71FB0A8A,CUST_9007,1053.09,INSUFFICIENT_FUNDS,0.761,0,14,Mobile,0,0,0,1,0
RP_EF244647,CUST_2521,730.0,RISK_BLOCKED,0.712,0,8,Desktop,0,0,0,0,0
RP_16A365A6,CUST_2500,4447.7,3D_SECURE_FAILED,0.641,0,15,Mobile,0,0,0,1,0
RP_C98804D6,CUST_7737,971.08,INSUFFICIENT_FUNDS,0.784,0,8,Mobile,0,0,0,0,0
RP_C0E22F57,CUST_4294,100.0,INSUFFICIENT_FUNDS,0.842,0,18,Mobile,0,0,0,1,0
RP_936C9F17,CUST_6085,180.12,INSUFFICIENT_FUNDS,0.486,0,13,Mobile,0,0,1,1,0
RP_B351F2B2,CUST_3419,1812.35,GATEWAY_TIMEOUT,0.769,0,11,Desktop,0,0,0,0,0
RP_67626D78,CUST_4042,1012.05,RISK_BLOCKED,0.799,0,11,Mobile,0,0,0,0,0
RP_D1886970,CUST_5497,6282.91,INSUFFICIENT_FUNDS,0.96,2,2,Mobile,0,0,1,0,0
RP_B3427CE9,CUST_2466,454.9,3D_SECURE_FAILED,0.943,0,18,Desktop,0,0,0,0,0
RP_E40FECE1,CUST_4561,756.42,GATEWAY_TIMEOUT,0.933,1,10,Mobile,0,1,0,0,0
RP_E33E0C83,CUST_1614,379.4,INSUFFICIENT_FUNDS,0.849,2,4,Mobile,0,0,0,1,0
RP_FE6D29FD,CUST_6392,587.15,GATEWAY_TIMEOUT,0.766,0,5,Mobile,0,1,1,0,0
RP_8F5A14AD,CUST_8693,113.26,CUSTOMER_ABANDONED,0.888,0,5,Desktop,0,0,0,0,1
RP_3F8DF058,CUST_4223,690.34,CUSTOMER_ABANDONED,0.484,0,18,Mobile,0,0,0,0,0
RP_DA6296AB,CUST_8138,1030.46,CUSTOMER_ABANDONED,0.433,0,13,Mobile,0,0,0,0,0
RP_E407B033,CUST_3667,931.13,GATEWAY_TIMEOUT,0.484,0,15,Desktop,0,0,0,0,0
RP_38716758,CUST_8980,14464.66,GATEWAY_TIMEOUT,0.524,1,11,Mobile,0,1,0,0,0
RP_BDA2BE74,CUST_1130,9898.93,GATEWAY_TIMEOUT,0.858,0,17,Mobile,0,1,0,0,0
RP_336A2797,CUST_3983,445.38,GATEWAY_TIMEOUT,0.591,2,21,Mobile,0,0,1,0,0
RP_FBC65E65,CUST_5278,100.0,CUSTOMER_ABANDONED,0.589,1,12,Mobile,0,0,0,0,1
RP_0156BB53,CUST_8126,973.56,CUSTOMER_ABANDONED,0.595,0,19,Mobile,0,0,0,0,0
RP_292CADAA,CUST_9230,1722.98,CUSTOMER_ABANDONED,0.729,0,8,Desktop,0,0,0,0,0
RP_E57D070E,CUST_8694,390.5,INSUFFICIENT_FUNDS,0.827,0,17,Mobile,0,0,0,0,0
RP_164B6EAD,CUST_7640,414.4,GATEWAY_TIMEOUT,0.739,0,3,Mobile,0,1,0,0,0
RP_C13A28E7,CUST_6468,7325.13,GATEWAY_TIMEOUT,0.909,0,10,Mobile,0,1,1,0,0
RP_FD84BB3A,CUST_1920,805.08,GATEWAY_TIMEOUT,0.813,1,17,Desktop,0,1,0,0,0
RP_019DB68A,CUST_8564,2427.7,CUSTOMER_ABANDONED,0.551,0,20,Mobile,0,0,0,1,0
RP_1A3427E7,CUST_9684,359.11,CUSTOMER_ABANDONED,0.927,0,2,Mobile,0,0,0,1,1
RP_B56DF35D,CUST_9502,1024.2,GATEWAY_TIMEOUT,0.572,1,3,Mobile,0,0,1,0,1
RP_40E48486,CUST_9930,732.45,GATEWAY_TIMEOUT,0.948,0,8,Desktop,0,0,1,0,0
RP_E0ED34F7,CUST_4241,487.63,3D_SECURE_FAILED,0.908,0,12,Mobile,0,0,1,1,0
RP_73F175BB,CUST_1545,4386.82,CUSTOMER_ABANDONED,0.515,0,14,Mobile,0,0,0,0,1
RP_2C085C96,CUST_5346,207.13,CUSTOMER_ABANDONED,0.628,0,9,Mobile,0,0,0,0,0
RP_B8AB5FD4,CUST_4810,1571.94,INSUFFICIENT_FUNDS,0.62,1,20,Mobile,0,0,0,0,0
RP_8CE1ACAA,CUST_8206,716.12,GATEWAY_TIMEOUT,0.676,2,8,Mobile,0,1,1,0,0
RP_FEDF4F33,CUST_3032,1804.05,RISK_BLOCKED,0.606,0,15,Desktop,0,0,0,0,0
RP_8AFB21A6,CUST_9436,727.86,CUSTOMER_ABANDONED,0.62,0,15,Mobile,0,0,0,0,0
RP_EE30F16E,CUST_1271,3104.57,INSUFFICIENT_FUNDS,0.951,0,12,Mobile,1,0,0,1,0
RP_807D3930,CUST_4511,355.08,CUSTOMER_ABANDONED,0.798,1,4,Mobile,0,0,0,1,0
RP_FBB85D0C,CUST_2771,4398.7,CUSTOMER_ABANDONED,0.427,0,9,Mobile,0,0,0,0,0
RP_7E89A6DC,CUST_5361,1059.38,GATEWAY_TIMEOUT,0.717,0,23,Mobile,0,1,1,0,0
RP_286078B7,CUST_8069,222.69,INSUFFICIENT_FUNDS,0.839,0,0,Mobile,0,0,0,0,0
RP_9F366AB7,CUST_1920,2480.61,GATEWAY_TIMEOUT,0.838,2,2,Mobile,0,0,0,0,0
RP_16118ABF,CUST_9190,863.83,GATEWAY_TIMEOUT,0.713,0,20,Mobile,0,1,0,0,0
RP_8530F63F,CUST_4430,141.26,CUSTOMER_ABANDONED,0.791,0,2,Mobile,0,0,0,1,1
RP_76288A80,CUST_5435,1634.29,GATEWAY_TIMEOUT,0.519,1,9,Desktop,0,0,0,0,1
RP_24422EFD,CUST_4760,3669.88,CUSTOMER_ABANDONED,0.499,0,16,Mobile,0,0,0,0,0
RP_CCD07DFF,CUST_3050,5108.0,RISK_BLOCKED,0.716,0,17,Desktop,0,0,0,0,0
RP_09B3177E,CUST_2165,696.44,GATEWAY_TIMEOUT,0.812,0,12,Mobile,0,0,1,0,1
RP_5572F01B,CUST_9567,1305.55,INSUFFICIENT_FUNDS,0.746,2,1,Mobile,0,0,1,0,0
RP_317E1B9E,CUST_3033,1165.19,CUSTOMER_ABANDONED,0.738,0,15,Mobile,0,0,0,1,0
RP_6C1E3FBF,CUST_7467,6553.56,CUSTOMER_ABANDONED,0.713,0,3,Mobile,0,0,0,0,1
RP_764DA52C,CUST_1145,414.64,CUSTOMER_ABANDONED,0.893,0,21,Mobile,0,0,0,0,1
RP_FA539946,CUST_5388,627.92,INSUFFICIENT_FUNDS,0.392,1,17,Mobile,0,0,0,0,0
RP_BB47A9CE,CUST_8832,402.76,INSUFFICIENT_FUNDS,0.741,0,13,Mobile,0,0,0,0,0
RP_70C4D3CA,CUST_9623,192.68,CUSTOMER_ABANDONED,0.364,0,5,Mobile,0,0,0,0,0
RP_27C7D85A,CUST_9896,1476.37,RISK_BLOCKED,0.864,0,10,Mobile,0,0,0,0,0
RP_05326888,CUST_9173,7491.75,INSUFFICIENT_FUNDS,0.842,0,16,Mobile,0,0,0,0,1
RP_F19F6228,CUST_3632,864.21,3D_SECURE_FAILED,0.953,1,7,Mobile,0,0,0,0,1
RP_31004538,CUST_5494,380.59,GATEWAY_TIMEOUT,0.773,0,2,Desktop,0,0,0,0,1
RP_360AC7DC,CUST_9056,1372.28,RISK_BLOCKED,0.672,1,23,Mobile,0,0,0,0,0
RP_41768DCD,CUST_8511,2223.73,CUSTOMER_ABANDONED,0.302,1,2,Mobile,0,0,0,0,0
RP_7D211DF8,CUST_2828,909.02,INSUFFICIENT_FUNDS,0.738,2,16,Desktop,0,0,0,0,0
RP_A11A3846,CUST_5805,5909.06,CUSTOMER_ABANDONED,0.793,0,3,Mobile,0,0,0,1,1
RP_597108CA,CUST_1806,413.71,GATEWAY_TIMEOUT,0.629,0,18,Mobile,0,1,1,0,0
RP_1671BF5A,CUST_8486,777.15,GATEWAY_TIMEOUT,0.593,0,7,Desktop,0,0,0,0,0
RP_9ADD41B2,CUST_9202,1564.29,GATEWAY_TIMEOUT,0.884,2,16,Mobile,0,1,0,0,0
RP_8F520287,CUST_2868,1757.34,GATEWAY_TIMEOUT,0.448,1,21,Mobile,0,0,1,0,0
RP_37053BB3,CUST_8878,1160.58,INSUFFICIENT_FUNDS,0.805,0,4,Mobile,0,0,1,1,0
RP_DAFC04B5,CUST_6690,236.49,CUSTOMER_ABANDONED,0.703,2,10,Mobile,0,0,0,0,0
RP_4F70DD68,CUST_8827,18135.27,CUSTOMER_ABANDONED,0.943,1,11,Desktop,0,0,0,1,1
RP_A99809B9,CUST_6429,826.2,GATEWAY_TIMEOUT,0.833,2,20,Mobile,0,0,0,0,0
RP_5910F980,CUST_4564,1251.78,3D_SECURE_FAILED,0.653,0,14,Mobile,0,0,0,1,0
RP_FA82AAF7,CUST_2389,2298.73,CUSTOMER_ABANDONED,0.77,1,11,Mobile,0,0,0,1,0
RP_D724CD8C,CUST_8274,510.91,RISK_BLOCKED,0.902,1,21,Mobile,0,0,0,1,0
RP_7D942710,CUST_1824,1174.16,CUSTOMER_ABANDONED,0.566,0,6,Mobile,0,0,0,0,0
RP_76AF189F,CUST_3265,486.57,GATEWAY_TIMEOUT,0.616,2,23,Desktop,0,0,0,0,0
RP_3F0EBBA5,CUST_1936,1805.62,INSUFFICIENT_FUNDS,0.637,0,2,Desktop,0,0,0,1,0
RP_0946B117,CUST_7402,787.43,CUSTOMER_ABANDONED,0.929,0,9,Mobile,0,0,0,0,0
RP_96B522E1,CUST_4845,1513.93,GATEWAY_TIMEOUT,0.595,1,15,Mobile,0,0,1,0,0
RP_0513DFCD,CUST_2796,312.36,GATEWAY_TIMEOUT,0.889,0,0,Mobile,0,1,1,0,0
RP_7377FE52,CUST_9245,405.57,GATEWAY_TIMEOUT,0.736,1,20,Mobile,0,0,1,0,0
RP_21294078,CUST_8214,213.11,GATEWAY_TIMEOUT,0.627,0,10,Mobile,0,0,0,0,0
RP_EB044782,CUST_1726,467.48,INSUFFICIENT_FUNDS,0.732,0,16,Mobile,0,0,0,1,0
RP_9CCF9AEC,CUST_3736,100.0,INSUFFICIENT_FUNDS,0.319,0,13,Mobile,0,0,0,0,0
RP_FA8E8FFC,CUST_2913,758.6,GATEWAY_TIMEOUT,0.808,0,17,Mobile,0,1,1,0,0
RP_CE76AC4F,CUST_8657,577.62,CUSTOMER_ABANDONED,0.26,1,11,Mobile,0,0,0,0,0
RP_2CDFBD1A,CUST_3466,1314.34,CUSTOMER_ABANDONED,0.881,0,15,Desktop,0,0,0,0,1
RP_35E1E19E,CUST_8312,1156.93,GATEWAY_TIMEOUT,0.805,0,7,Mobile,0,1,0,0,0
RP_5392F28F,CUST_9194,4956.7,GATEWAY_TIMEOUT,0.781,0,2,Desktop,0,0,0,0,0
RP_FDE2FDD5,CUST_8906,24665.78,GATEWAY_TIMEOUT,0.966,1,10,Mobile,0,1,1,0,0
RP_E65B8C92,CUST_5876,4294.31,INSUFFICIENT_FUNDS,0.814,0,14,Desktop,0,0,0,1,0
RP_FA1F0AA2,CUST_8287,636.68,GATEWAY_TIMEOUT,0.736,1,3,Mobile,0,1,0,0,0
RP_9F8E9058,CUST_1892,606.64,INSUFFICIENT_FUNDS,0.484,0,15,Mobile,0,0,1,0,0
RP_6A91EFE7,CUST_5675,3110.05,CUSTOMER_ABANDONED,0.707,0,21,Mobile,0,0,0,0,0
RP_0646488F,CUST_2933,145.47,INSUFFICIENT_FUNDS,0.549,1,23,Mobile,0,0,0,0,0
RP_22AE07AE,CUST_2380,751.26,GATEWAY_TIMEOUT,0.469,0,16,Mobile,0,1,1,0,0
RP_6CA05DA2,CUST_2290,824.04,INSUFFICIENT_FUNDS,0.715,0,13,Mobile,0,0,0,1,0
RP_26BBB1D1,CUST_2640,2210.46,CUSTOMER_ABANDONED,0.565,1,1,Mobile,0,0,0,0,0
RP_5463B3A6,CUST_8490,2290.76,3D_SECURE_FAILED,0.726,0,21,Mobile,0,0,0,1,0
RP_347B3BF8,CUST_2218,448.78,CUSTOMER_ABANDONED,0.925,1,14,Mobile,0,0,0,0,0
RP_6C6954BC,CUST_6016,666.98,CUSTOMER_ABANDONED,0.681,1,23,Mobile,0,0,0,1,0
RP_1C81918E,CUST_7881,1870.81,INSUFFICIENT_FUNDS,0.963,0,7,Mobile,0,0,0,1,0
RP_B5916A71,CUST_1954,420.44,INSUFFICIENT_FUNDS,0.727,0,12,Mobile,0,0,0,0,0
RP_AA84C9B7,CUST_8291,4662.66,3D_SECURE_FAILED,0.85,0,2,Mobile,0,0,0,1,0
RP_2C4BB8D8,CUST_1974,2277.9,GATEWAY_TIMEOUT,0.616,2,3,Mobile,0,0,1,0,0
RP_E9A19DE3,CUST_5133,1347.24,RISK_BLOCKED,0.492,2,3,Mobile,0,0,0,0,0
RP_CAC3561F,CUST_6370,1753.08,CUSTOMER_ABANDONED,0.966,0,3,Mobile,0,0,0,1,1
RP_066DD86C,CUST_4972,626.24,CUSTOMER_ABANDONED,0.842,0,1,Desktop,0,0,0,1,0
RP_81275FC4,CUST_6295,517.21,GATEWAY_TIMEOUT,0.82,0,12,Desktop,0,1,1,0,0
RP_DA506AE0,CUST_9228,658.74,CUSTOMER_ABANDONED,0.527,0,21,Mobile,0,0,0,0,1
RP_85F3405B,CUST_4020,1998.12,INSUFFICIENT_FUNDS,0.54,0,7,Mobile,0,0,0,0,0
RP_CE8F18D0,CUST_9987,1395.79,GATEWAY_TIMEOUT,0.669,1,8,Mobile,0,0,1,0,1
RP_32597BDA,CUST_5036,660.33,GATEWAY_TIMEOUT,0.904,2,0,Desktop,0,1,0,1,0
RP_4844A4F8,CUST_6068,2695.93,3D_SECURE_FAILED,0.487,2,0,Mobile,0,0,0,0,0
RP_27693A6B,CUST_6233,890.04,INSUFFICIENT_FUNDS,0.432,0,8,Mobile,0,0,0,0,0
RP_EFB8685E,CUST_1317,477.24,INSUFFICIENT_FUNDS,0.695,2,10,Desktop,0,0,0,0,0
RP_CF4B51FB,CUST_3396,1488.03,GATEWAY_TIMEOUT,0.912,1,15,Desktop,0,1,0,0,0
RP_FC55FACC,CUST_3162,325.18,CUSTOMER_ABANDONED,0.86,0,3,Desktop,0,0,0,0,0
RP_F980825B,CUST_3745,144.8,CUSTOMER_ABANDONED,0.897,0,14,Desktop,0,0,0,0,0
RP_95D32530,CUST_2591,1089.94,CUSTOMER_ABANDONED,0.564,1,6,Desktop,0,0,0,0,1
RP_C639C972,CUST_7183,498.25,INSUFFICIENT_FUNDS,0.742,2,1,Desktop,0,0,0,0,0
RP_50BFDE21,CUST_4930,808.37,INSUFFICIENT_FUNDS,0.642,0,9,Mobile,0,0,1,0,1
RP_F2489B71,CUST_2312,343.75,CUSTOMER_ABANDONED,0.861,0,16,Desktop,0,0,0,0,0
RP_84B4036D,CUST_5311,4678.43,GATEWAY_TIMEOUT,0.9,0,10,Mobile,0,1,0,0,0
RP_01036C9D,CUST_8314,495.82,3D_SECURE_FAILED,0.857,2,22,Mobile,0,0,1,1,0
RP_09D899A7,CUST_3383,653.02,CUSTOMER_ABANDONED,0.862,2,21,Mobile,0,0,0,0,1
RP_91C910B8,CUST_4239,1725.82,INSUFFICIENT_FUNDS,0.888,0,18,Mobile,0,0,0,0,1
RP_BFA13388,CUST_3139,210.2,INSUFFICIENT_FUNDS,0.644,0,9,Mobile,0,0,1,0,0
RP_FB703EF6,CUST_2704,192.35,CUSTOMER_ABANDONED,0.806,2,3,Desktop,1,0,0,1,0
RP_46F71CC4,CUST_7924,1732.19,GATEWAY_TIMEOUT,0.591,1,12,Mobile,0,1,1,0,0
RP_66630328,CUST_1362,642.95,GATEWAY_TIMEOUT,0.722,2,0,Desktop,0,1,0,0,0
RP_FF470403,CUST_3604,371.74,CUSTOMER_ABANDONED,0.804,1,6,Mobile,0,0,0,0,0
RP_D15AB3E6,CUST_5286,2262.1,INSUFFICIENT_FUNDS,0.693,0,8,Mobile,0,0,0,0,0
RP_FBB97951,CUST_4738,413.93,CUSTOMER_ABANDONED,0.779,1,0,Desktop,0,0,0,0,0
RP_CDC51CC4,CUST_3469,788.86,GATEWAY_TIMEOUT,0.614,0,17,Mobile,0,0,1,0,0
RP_74FAD648,CUST_5795,374.15,CUSTOMER_ABANDONED,0.69,1,17,Desktop,0,0,0,0,0
RP_87F59A56,CUST_7150,1578.33,GATEWAY_TIMEOUT,0.639,0,15,Mobile,0,1,0,0,0
RP_0C55D2AC,CUST_1556,5423.47,GATEWAY_TIMEOUT,0.654,2,21,Desktop,0,1,0,0,0
RP_37D375D6,CUST_3808,117.54,3D_SECURE_FAILED,0.479,2,15,Mobile,0,0,0,1,0
RP_AA20C7ED,CUST_6150,1255.37,CUSTOMER_ABANDONED,0.684,0,4,Mobile,0,0,0,1,0
RP_3E2341FB,CUST_8561,3065.32,INSUFFICIENT_FUNDS,0.762,0,13,Desktop,0,0,0,0,1
RP_C4675E05,CUST_3719,661.31,GATEWAY_TIMEOUT,0.413,0,21,Mobile,0,0,0,0,0
RP_583F9AA7,CUST_7506,282.24,CUSTOMER_ABANDONED,0.93,1,0,Desktop,0,0,0,1,1
RP_980118FB,CUST_4741,1817.39,INSUFFICIENT_FUNDS,0.902,1,5,Desktop,0,0,0,1,1
RP_C123851C,CUST_4998,3648.18,RISK_BLOCKED,0.896,2,5,Mobile,0,0,0,1,0
RP_2F05948C,CUST_3403,3192.71,RISK_BLOCKED,0.892,0,22,Mobile,0,0,0,0,0
RP_DAF4B12B,CUST_9780,1701.2,CUSTOMER_ABANDONED,0.611,0,11,Mobile,0,0,0,0,1
RP_8118B313,CUST_1294,1233.36,INSUFFICIENT_FUNDS,0.62,0,17,Mobile,0,0,1,0,0
RP_5309DB4F,CUST_6343,372.85,INSUFFICIENT_FUNDS,0.55,0,21,Mobile,0,0,0,1,1
RP_51911530,CUST_2136,3097.32,CUSTOMER_ABANDONED,0.799,0,8,Mobile,0,0,0,1,1
RP_2391B35C,CUST_3064,2898.5,GATEWAY_TIMEOUT,0.899,2,15,Desktop,0,1,1,0,0
RP_B44C321B,CUST_8009,279.87,INSUFFICIENT_FUNDS,0.519,0,14,Mobile,0,0,0,0,0
RP_DFE57EFC,CUST_5543,1698.29,GATEWAY_TIMEOUT,0.821,1,1,Mobile,0,1,0,0,0
RP_BE0A21AB,CUST_2007,2400.4,GATEWAY_TIMEOUT,0.755,0,4,Mobile,0,0,1,1,0
RP_5A88FCB4,CUST_6445,3160.66,GATEWAY_TIMEOUT,0.488,0,22,Mobile,0,0,1,0,0
RP_C820C05C,CUST_6352,1002.26,INSUFFICIENT_FUNDS,0.778,0,20,Mobile,0,0,1,0,1
RP_FC865C96,CUST_2435,391.87,CUSTOMER_ABANDONED,0.894,0,12,Mobile,0,0,0,0,0
RP_A5C6198B,CUST_1571,600.32,INSUFFICIENT_FUNDS,0.924,2,18,Desktop,0,0,0,1,1
RP_7A6A261B,CUST_3382,327.44,INSUFFICIENT_FUNDS,0.818,0,0,Mobile,0,0,1,1,1
RP_60E37FCE,CUST_6084,1031.46,GATEWAY_TIMEOUT,0.283,0,15,Mobile,0,1,0,0,0
RP_ED6C1BA0,CUST_1277,815.45,CUSTOMER_ABANDONED,0.699,1,6,Mobile,0,0,0,0,1
RP_53035FCF,CUST_8059,14386.47,GATEWAY_TIMEOUT,0.824,2,12,Desktop,0,0,0,0,1
RP_D67D2776,CUST_2887,3208.67,CUSTOMER_ABANDONED,0.917,0,23,Desktop,0,0,0,1,1
RP_87F3ABBF,CUST_2265,3510.3,RISK_BLOCKED,0.833,0,21,Mobile,0,0,0,0,0
RP_74EDBEC1,CUST_8491,1930.67,GATEWAY_TIMEOUT,0.754,0,15,Mobile,0,0,1,0,0
RP_FFF80893,CUST_2040,705.72,GATEWAY_TIMEOUT,0.599,0,11,Mobile,0,1,0,0,0
RP_6575F7B5,CUST_9073,788.03,INSUFFICIENT_FUNDS,0.485,0,6,Mobile,0,0,0,0,0
RP_07672754,CUST_3752,879.5,RISK_BLOCKED,0.647,2,13,Mobile,0,0,0,0,0
RP_4EF458A9,CUST_9213,1374.55,CUSTOMER_ABANDONED,0.673,0,17,Desktop,0,0,0,0,1
RP_29489A7A,CUST_5569,1749.36,3D_SECURE_FAILED,0.706,0,20,Mobile,0,0,0,0,0
RP_671C6841,CUST_7353,1097.57,INSUFFICIENT_FUNDS,0.861,0,18,Mobile,0,0,1,0,0
RP_1C6BF092,CUST_3353,773.78,RISK_BLOCKED,0.757,1,12,Mobile,0,0,0,0,0
RP_D7B1D589,CUST_8437,537.57,GATEWAY_TIMEOUT,0.694,0,1,Mobile,0,0,0,0,0
RP_D55BE708,CUST_5799,206.19,GATEWAY_TIMEOUT,0.651,0,18,Mobile,0,1,0,0,0
RP_27428862,CUST_1686,5115.63,3D_SECURE_FAILED,0.84,0,3,Desktop,0,0,0,1,0
RP_E555DDA7,CUST_9476,15469.65,3D_SECURE_FAILED,0.749,0,13,Desktop,0,0,0,1,0
RP_9DD3DEDF,CUST_5811,4624.87,GATEWAY_TIMEOUT,0.611,0,1,Mobile,0,0,0,0,0
RP_3A582690,CUST_9954,242.04,GATEWAY_TIMEOUT,0.767,0,17,Mobile,0,0,1,0,1
RP_03DC4313,CUST_6346,2819.8,GATEWAY_TIMEOUT,0.926,0,23,Desktop,0,1,0,0,0
RP_E0F4A343,CUST_6043,3746.33,GATEWAY_TIMEOUT,0.907,0,18,Mobile,0,1,1,0,0
RP_BC21F501,CUST_3428,675.78,GATEWAY_TIMEOUT,0.398,0,18,Mobile,0,0,0,1,0
RP_3F352B6D,CUST_6126,1971.82,RISK_BLOCKED,0.55,2,3,Mobile,0,0,0,0,0
RP_7A67A096,CUST_9220,634.25,CUSTOMER_ABANDONED,0.667,0,20,Mobile,0,0,0,0,1
RP_63529C85,CUST_8813,6868.59,CUSTOMER_ABANDONED,0.565,1,18,Desktop,0,0,0,0,0
RP_3CE0DF77,CUST_4356,1700.1,CUSTOMER_ABANDONED,0.374,0,21,Desktop,0,1,0,0,1
RP_715FE0C8,CUST_9707,364.82,INSUFFICIENT_FUNDS,0.519,1,2,Mobile,0,0,0,0,0
RP_8CD71C3A,CUST_8266,2449.82,CUSTOMER_ABANDONED,0.898,0,7,Mobile,0,0,0,1,1
RP_158F8AD4,CUST_7540,3907.05,CUSTOMER_ABANDONED,0.478,0,3,Mobile,0,0,0,0,1
RP_34F736EB,CUST_1038,1390.97,INSUFFICIENT_FUNDS,0.778,1,20,Mobile,0,0,0,1,0
RP_1F52CD1F,CUST_4342,1949.5,CUSTOMER_ABANDONED,0.953,1,2,Desktop,0,0,0,0,1
RP_054AC8C1,CUST_3844,1008.58,INSUFFICIENT_FUNDS,0.635,2,4,Mobile,0,0,0,0,0
RP_214A8D5F,CUST_2098,281.14,CUSTOMER_ABANDONED,0.95,1,10,Mobile,0,0,0,1,0
RP_4A8277AD,CUST_8027,914.08,RISK_BLOCKED,0.725,0,22,Mobile,0,0,0,0,0
RP_A5E4EA37,CUST_2823,2054.21,INSUFFICIENT_FUNDS,0.682,0,18,Mobile,0,0,0,0,0
RP_DD8370C8,CUST_4155,940.46,CUSTOMER_ABANDONED,0.36,0,18,Mobile,0,0,0,0,1
RP_8997BEAF,CUST_4093,2866.7,GATEWAY_TIMEOUT,0.978,0,16,Mobile,0,1,0,0,0
RP_6C286364,CUST_6658,684.97,CUSTOMER_ABANDONED,0.705,1,1,Desktop,0,0,0,0,0
RP_9F653B17,CUST_4778,741.07,INSUFFICIENT_FUNDS,0.764,0,19,Mobile,0,0,1,1,0
RP_EA420CF1,CUST_3896,2973.05,GATEWAY_TIMEOUT,0.831,2,8,Mobile,0,1,0,0,0
RP_218CDD5A,CUST_1988,1431.13,INSUFFICIENT_FUNDS,0.72,0,2,Desktop,0,0,0,0,1
RP_98411053,CUST_5116,669.1,CUSTOMER_ABANDONED,0.725,0,9,Desktop,0,0,0,0,0
RP_4BB77978,CUST_7446,3791.69,GATEWAY_TIMEOUT,0.814,0,20,Mobile,0,1,0,0,0
RP_B04EFCD5,CUST_5179,479.87,3D_SECURE_FAILED,0.691,0,8,Mobile,0,0,0,1,0
RP_AF5884CF,CUST_2682,458.36,GATEWAY_TIMEOUT,0.554,1,19,Mobile,0,0,0,0,0
RP_5983E2CC,CUST_6626,100.0,3D_SECURE_FAILED,0.797,2,3,Mobile,0,0,0,1,0
RP_8A073F19,CUST_8424,564.1,CUSTOMER_ABANDONED,0.786,0,21,Desktop,0,0,0,0,0
RP_B277771D,CUST_1933,5273.56,INSUFFICIENT_FUNDS,0.6,1,6,Mobile,0,0,0,0,0
RP_809BC532,CUST_4598,100.0,INSUFFICIENT_FUNDS,0.269,0,11,Desktop,0,0,1,1,0
RP_8B31AD6C,CUST_2980,349.92,CUSTOMER_ABANDONED,0.62,2,10,Mobile,0,0,0,1,1
RP_9F1CD486,CUST_4056,1857.31,CUSTOMER_ABANDONED,0.775,0,21,Mobile,0,0,0,0,1
RP_E11EC95C,CUST_9984,100.0,CUSTOMER_ABANDONED,0.768,0,14,Mobile,0,0,0,0,0
RP_1DCB49DC,CUST_1791,594.17,INSUFFICIENT_FUNDS,0.75,0,19,Mobile,0,0,0,0,0
RP_79EBA41E,CUST_6390,4311.48,INSUFFICIENT_FUNDS,0.88,0,13,Mobile,0,0,0,1,0
RP_447887C9,CUST_7635,12728.91,RISK_BLOCKED,0.917,0,6,Mobile,0,0,0,1,0
RP_416C10F1,CUST_3255,1553.55,GATEWAY_TIMEOUT,0.826,0,14,Desktop,0,1,1,0,0
RP_9D8931A6,CUST_4610,360.77,INSUFFICIENT_FUNDS,0.455,0,13,Mobile,0,0,0,1,0
RP_C3DCE635,CUST_2607,346.49,GATEWAY_TIMEOUT,0.476,0,10,Mobile,0,0,1,0,0
RP_8224BAEE,CUST_6179,1304.91,CUSTOMER_ABANDONED,0.891,1,9,Mobile,0,0,0,0,1
RP_4D7F8C21,CUST_7573,1536.34,CUSTOMER_ABANDONED,0.784,1,18,Mobile,0,0,0,1,1
RP_778EA3C7,CUST_1984,10193.59,GATEWAY_TIMEOUT,0.656,1,2,Mobile,0,1,1,0,0
RP_BD1A20C2,CUST_6776,3515.6,GATEWAY_TIMEOUT,0.931,0,11,Mobile,0,1,0,0,0
RP_098F02D9,CUST_4676,1213.09,GATEWAY_TIMEOUT,0.959,0,12,Mobile,0,0,1,1,0
RP_984254E2,CUST_4380,733.44,INSUFFICIENT_FUNDS,0.652,0,6,Desktop,0,0,0,0,0
RP_A4745799,CUST_9711,40849.67,INSUFFICIENT_FUNDS,0.641,0,11,Desktop,0,0,1,0,0
RP_DC892601,CUST_9782,2326.02,RISK_BLOCKED,0.384,0,21,Desktop,0,0,0,0,0
RP_DEB4074E,CUST_2050,491.52,INSUFFICIENT_FUNDS,0.879,0,1,Mobile,0,0,0,1,1
RP_36128555,CUST_4633,837.53,GATEWAY_TIMEOUT,0.663,0,0,Desktop,0,0,0,0,0
RP_BA0B04D2,CUST_7342,382.62,3D_SECURE_FAILED,0.886,0,5,Mobile,0,0,0,0,0
RP_3583DFFC,CUST_1959,100.0,INSUFFICIENT_FUNDS,0.627,0,18,Mobile,0,0,0,0,0
RP_33DB6023,CUST_7059,1595.88,CUSTOMER_ABANDONED,0.387,2,5,Mobile,0,0,0,0,0
RP_8A27E321,CUST_9884,9310.94,GATEWAY_TIMEOUT,0.831,2,12,Mobile,0,1,0,0,0
RP_8C1CEFE5,CUST_6655,154.99,INSUFFICIENT_FUNDS,0.558,0,3,Desktop,0,0,0,0,0
RP_C60B5FFB,CUST_5473,1171.82,3D_SECURE_FAILED,0.828,0,13,Mobile,0,0,0,0,0
RP_3E6F4CBD,CUST_3946,469.52,CUSTOMER_ABANDONED,0.636,2,15,Mobile,0,0,0,1,0
RP_BBF31340,CUST_8725,2050.43,INSUFFICIENT_FUNDS,0.771,2,1,Mobile,0,0,0,0,0
RP_95F5EC50,CUST_1526,891.77,CUSTOMER_ABANDONED,0.551,1,8,Mobile,1,0,0,0,0
RP_B2A97BE5,CUST_4224,214.42,3D_SECURE_FAILED,0.674,0,12,Mobile,0,0,0,0,0
RP_0A9748E5,CUST_2875,337.87,GATEWAY_TIMEOUT,0.824,0,20,Mobile,0,1,1,0,1
RP_90D7CA18,CUST_2763,404.9,INSUFFICIENT_FUNDS,0.961,0,13,Desktop,0,0,1,1,1
RP_96E77D7B,CUST_9712,5503.73,RISK_BLOCKED,0.734,1,13,Mobile,0,0,0,0,0
RP_E4E1CEBB,CUST_6797,5176.64,GATEWAY_TIMEOUT,0.62,1,4,Mobile,0,1,0,0,0
RP_58473CA4,CUST_8099,754.75,CUSTOMER_ABANDONED,0.737,0,1,Mobile,0,0,0,0,0
RP_8BDB455F,CUST_6109,4785.59,CUSTOMER_ABANDONED,0.484,0,4,Mobile,0,0,1,0,1
RP_AE20A405,CUST_7644,890.85,CUSTOMER_ABANDONED,0.695,0,5,Mobile,0,0,0,0,1
RP_5A9D7697,CUST_1116,741.0,INSUFFICIENT_FUNDS,0.676,1,1,Desktop,0,0,0,0,0
RP_D2B5D2A4,CUST_3433,1174.43,INSUFFICIENT_FUNDS,0.709,1,0,Mobile,0,0,0,0,0
RP_9216A817,CUST_6463,1543.47,CUSTOMER_ABANDONED,0.694,0,15,Mobile,0,0,0,0,1
RP_FC3CB2F0,CUST_1583,563.11,GATEWAY_TIMEOUT,0.728,0,21,Mobile,0,1,1,0,0
RP_10BE73D1,CUST_9586,1125.79,INSUFFICIENT_FUNDS,0.755,0,8,Mobile,0,0,0,0,0
RP_18FEEF5A,CUST_4788,2820.83,GATEWAY_TIMEOUT,0.897,1,13,Mobile,0,0,0,0,0
RP_D2CE16D3,CUST_5167,1281.07,GATEWAY_TIMEOUT,0.777,1,8,Desktop,0,1,1,1,0
RP_939DC496,CUST_9465,1154.4,RISK_BLOCKED,0.722,0,4,Mobile,0,0,0,0,0
RP_CA03EBFD,CUST_2389,1984.29,INSUFFICIENT_FUNDS,0.841,0,14,Mobile,0,1,0,1,0
RP_CED9E2D4,CUST_9357,2440.72,RISK_BLOCKED,0.739,0,9,Mobile,0,0,0,0,0
RP_B6C69CD6,CUST_7154,1017.25,GATEWAY_TIMEOUT,0.924,0,14,Mobile,0,1,1,0,1
RP_71FD6E55,CUST_6420,620.78,CUSTOMER_ABANDONED,0.571,0,16,Mobile,0,0,0,0,0
RP_83C31488,CUST_9920,1376.15,GATEWAY_TIMEOUT,0.585,0,2,Mobile,0,1,0,0,0
RP_6E0A6313,CUST_3043,161.94,CUSTOMER_ABANDONED,0.537,1,7,Desktop,0,0,0,0,0
RP_3F0A0B76,CUST_5197,852.02,CUSTOMER_ABANDONED,0.553,1,3,Mobile,0,0,0,0,1
RP_1CDE4F50,CUST_4496,100.0,GATEWAY_TIMEOUT,0.791,0,10,Mobile,0,0,1,0,0
RP_C8B617D7,CUST_1778,146.8,3D_SECURE_FAILED,0.833,0,18,Mobile,0,0,0,0,0
RP_3E906D06,CUST_1213,122.56,GATEWAY_TIMEOUT,0.575,0,13,Mobile,0,0,1,0,0
RP_338F353E,CUST_4762,3853.83,CUSTOMER_ABANDONED,0.662,1,17,Mobile,0,0,0,1,0
RP_00620BD0,CUST_7731,1115.19,RISK_BLOCKED,0.745,1,20,Mobile,0,0,0,0,0
RP_8D1CADCB,CUST_4117,241.18,3D_SECURE_FAILED,0.914,0,1,Mobile,0,0,0,1,0
RP_22DA16BD,CUST_6791,1976.89,RISK_BLOCKED,0.917,0,8,Desktop,0,0,0,0,0
RP_F151A131,CUST_9783,3591.72,INSUFFICIENT_FUNDS,0.887,0,9,Desktop,0,1,0,1,0
RP_F695C794,CUST_3720,2018.65,GATEWAY_TIMEOUT,0.33,0,12,Mobile,0,1,1,0,0
RP_DE4AC3A9,CUST_9905,874.41,GATEWAY_TIMEOUT,0.797,0,18,Desktop,0,1,0,1,0
RP_1701A0D9,CUST_7047,1449.51,INSUFFICIENT_FUNDS,0.627,0,3,Mobile,0,0,0,0,0
RP_3F0698D3,CUST_9032,3235.04,CUSTOMER_ABANDONED,0.438,0,15,Mobile,0,0,0,0,1
RP_36B2BBAD,CUST_1001,624.47,GATEWAY_TIMEOUT,0.429,0,11,Mobile,0,1,0,0,0
RP_134D138B,CUST_7368,1136.65,CUSTOMER_ABANDONED,0.69,1,15,Mobile,0,0,0,0,1
RP_EFA52630,CUST_2949,805.42,INSUFFICIENT_FUNDS,0.401,0,16,Mobile,0,0,0,0,0
RP_0E860BC4,CUST_7732,158.21,INSUFFICIENT_FUNDS,0.674,2,15,Mobile,0,0,0,0,0
RP_CFE6FCEE,CUST_8833,3294.08,CUSTOMER_ABANDONED,0.927,0,6,Desktop,0,0,0,0,1
RP_D26B2ECE,CUST_1917,12948.38,INSUFFICIENT_FUNDS,0.671,0,1,Mobile,0,0,1,1,0
RP_2EC097ED,CUST_4174,384.31,CUSTOMER_ABANDONED,0.57,0,8,Mobile,0,0,0,1,0
RP_CFA780A1,CUST_8014,3481.49,GATEWAY_TIMEOUT,0.92,0,11,Desktop,0,1,1,0,0
RP_C71BE64B,CUST_1089,399.26,CUSTOMER_ABANDONED,0.746,0,12,Mobile,0,0,0,0,0
RP_6BF79086,CUST_2709,1286.07,GATEWAY_TIMEOUT,0.885,0,13,Mobile,0,1,1,1,0
RP_EF89B2BE,CUST_4041,6698.34,GATEWAY_TIMEOUT,0.866,0,11,Mobile,0,1,0,0,1
RP_A252A017,CUST_1105,587.26,CUSTOMER_ABANDONED,0.633,1,2,Desktop,0,0,0,0,1
RP_25980037,CUST_9619,1077.48,3D_SECURE_FAILED,0.821,0,21,Mobile,0,0,0,1,1
RP_064CFE52,CUST_2895,126.24,GATEWAY_TIMEOUT,0.521,0,20,Mobile,0,0,0,0,0
RP_0A107673,CUST_7090,494.21,INSUFFICIENT_FUNDS,0.914,2,15,Mobile,0,0,1,0,0
RP_2C62654D,CUST_9508,111.33,INSUFFICIENT_FUNDS,0.912,1,17,Mobile,0,0,0,0,1
RP_1E1D3130,CUST_7082,1835.39,GATEWAY_TIMEOUT,0.443,0,2,Desktop,0,0,0,0,0
RP_D297E549,CUST_1634,2974.9,CUSTOMER_ABANDONED,0.642,0,21,Mobile,0,0,0,0,0
RP_D6C5A34B,CUST_2925,840.53,CUSTOMER_ABANDONED,0.621,0,8,Desktop,0,0,0,0,0
RP_744658A6,CUST_3056,1545.44,GATEWAY_TIMEOUT,0.961,0,14,Mobile,0,0,1,0,0
RP_7987A510,CUST_7917,741.83,INSUFFICIENT_FUNDS,0.72,0,7,Mobile,0,0,0,0,0
RP_B4C47CA8,CUST_4144,2666.85,CUSTOMER_ABANDONED,0.545,0,9,Desktop,0,0,0,0,1
RP_80117ECA,CUST_1552,1280.95,INSUFFICIENT_FUNDS,0.72,1,20,Mobile,0,0,0,0,0
RP_443B2CD1,CUST_9907,101.21,CUSTOMER_ABANDONED,0.826,0,21,Desktop,0,0,0,1,1
RP_05724CB9,CUST_6383,3387.94,GATEWAY_TIMEOUT,0.69,0,2,Mobile,0,1,0,0,0
RP_2516ED42,CUST_4911,687.15,CUSTOMER_ABANDONED,0.615,0,4,Desktop,0,0,0,0,1
RP_3E728297,CUST_4389,238.78,GATEWAY_TIMEOUT,0.696,0,5,Desktop,0,1,1,1,1
RP_F15F3B60,CUST_9442,647.6,CUSTOMER_ABANDONED,0.978,0,13,Desktop,0,0,0,0,0
RP_011C1F48,CUST_3430,111.89,INSUFFICIENT_FUNDS,0.778,0,18,Desktop,0,0,0,0,1
RP_1C91DB92,CUST_1458,244.72,GATEWAY_TIMEOUT,0.759,0,17,Mobile,0,0,1,0,0
RP_4FB8190E,CUST_1207,1301.85,CUSTOMER_ABANDONED,0.969,2,6,Mobile,0,0,0,1,1
RP_F9C466C7,CUST_1899,1439.5,GATEWAY_TIMEOUT,0.921,0,3,Desktop,0,1,0,0,0
RP_9B373191,CUST_1021,1584.03,INSUFFICIENT_FUNDS,0.791,0,2,Mobile,1,0,0,1,0
RP_D23DE40B,CUST_9601,1100.87,INSUFFICIENT_FUNDS,0.89,2,12,Mobile,0,0,0,0,0
RP_AD549AD8,CUST_1894,477.5,GATEWAY_TIMEOUT,0.805,2,3,Mobile,0,0,1,0,0
RP_D85E40CB,CUST_1514,1027.26,3D_SECURE_FAILED,0.651,0,8,Mobile,0,0,0,1,0
RP_9E0D6F5A,CUST_8294,648.95,CUSTOMER_ABANDONED,0.338,2,5,Mobile,0,0,0,0,0
RP_0DCF9D99,CUST_5904,155.88,GATEWAY_TIMEOUT,0.895,0,10,Desktop,0,1,0,1,0
RP_718B6AB7,CUST_8867,434.02,CUSTOMER_ABANDONED,0.711,0,8,Mobile,0,0,0,0,1
RP_124B9939,CUST_5109,3188.96,INSUFFICIENT_FUNDS,0.743,0,8,Mobile,0,0,0,0,1
RP_A1B52E5D,CUST_8179,7375.75,3D_SECURE_FAILED,0.715,0,21,Mobile,0,1,0,1,0
RP_CF957199,CUST_2560,2395.94,INSUFFICIENT_FUNDS,0.378,0,20,Desktop,0,0,1,0,0
RP_34846D44,CUST_2266,6991.41,CUSTOMER_ABANDONED,0.459,0,18,Mobile,0,0,0,0,1
RP_4FC09A94,CUST_4638,1214.96,INSUFFICIENT_FUNDS,0.752,1,0,Desktop,0,0,0,1,0
RP_FCACEFA5,CUST_9941,8873.74,INSUFFICIENT_FUNDS,0.562,0,3,Mobile,0,0,0,0,0
RP_5F92C679,CUST_4427,12905.21,INSUFFICIENT_FUNDS,0.698,0,0,Desktop,0,0,0,0,0
RP_BED8A7EA,CUST_5780,136.98,GATEWAY_TIMEOUT,0.854,0,12,Desktop,0,0,0,0,0
RP_9E4E2269,CUST_2927,1430.52,CUSTOMER_ABANDONED,0.795,2,15,Desktop,0,0,0,0,0
RP_B29847CC,CUST_3356,1216.48,INSUFFICIENT_FUNDS,0.807,1,11,Desktop,0,0,0,0,0
RP_7665F276,CUST_5790,659.23,RISK_BLOCKED,0.918,0,0,Mobile,0,0,0,0,0
RP_5A8A0A4C,CUST_1306,1978.9,GATEWAY_TIMEOUT,0.975,1,14,Desktop,0,1,0,0,0
RP_991AC04D,CUST_8979,1152.11,CUSTOMER_ABANDONED,0.892,1,21,Mobile,0,0,0,0,0
RP_7ECE2D16,CUST_4665,453.71,3D_SECURE_FAILED,0.579,2,4,Mobile,0,0,0,0,0
RP_FE5F6744,CUST_8057,1062.17,CUSTOMER_ABANDONED,0.665,0,22,Mobile,0,0,0,1,0
RP_2E55E073,CUST_1661,4654.14,3D_SECURE_FAILED,0.708,0,0,Mobile,0,0,1,1,0
RP_457EB4C8,CUST_5644,1365.19,CUSTOMER_ABANDONED,0.621,0,16,Desktop,0,0,0,0,1
RP_17ACA16B,CUST_9503,2327.02,INSUFFICIENT_FUNDS,0.903,2,7,Mobile,0,0,0,0,0
RP_84F5E287,CUST_3920,786.46,CUSTOMER_ABANDONED,0.627,2,21,Mobile,0,0,0,0,0
RP_2C84A09A,CUST_9946,1886.5,GATEWAY_TIMEOUT,0.846,1,7,Mobile,0,1,0,1,0
RP_A5FF2339,CUST_7236,256.97,INSUFFICIENT_FUNDS,0.802,0,21,Mobile,0,0,0,0,0
RP_F46CE516,CUST_7078,602.05,GATEWAY_TIMEOUT,0.342,0,21,Mobile,0,0,0,0,0
RP_E1A72847,CUST_1352,969.52,CUSTOMER_ABANDONED,0.751,0,14,Mobile,0,0,0,0,0
RP_D181521F,CUST_8005,237.08,INSUFFICIENT_FUNDS,0.837,0,22,Desktop,0,0,1,0,0
RP_C5144AD9,CUST_1158,404.94,INSUFFICIENT_FUNDS,0.813,0,11,Desktop,0,0,0,0,0
RP_EB4CF438,CUST_1956,1596.76,GATEWAY_TIMEOUT,0.868,0,15,Mobile,0,1,0,0,1
RP_FAA3CFF8,CUST_3071,1281.52,RISK_BLOCKED,0.701,2,17,Mobile,0,0,0,0,0
RP_ABBA4A81,CUST_9595,2886.03,GATEWAY_TIMEOUT,0.699,0,2,Mobile,0,0,1,0,0
RP_1CD19F98,CUST_4453,533.46,GATEWAY_TIMEOUT,0.671,2,3,Mobile,0,0,0,0,0
RP_78B129B6,CUST_7675,1175.12,GATEWAY_TIMEOUT,0.714,1,14,Desktop,0,0,0,0,0
RP_8A9BF9DD,CUST_1955,489.68,RISK_BLOCKED,0.658,0,13,Mobile,0,0,0,0,0
RP_6B814CBA,CUST_7295,2558.96,RISK_BLOCKED,0.799,0,0,Mobile,0,0,0,0,0
RP_1DF0C992,CUST_2712,4577.44,CUSTOMER_ABANDONED,0.832,2,19,Mobile,0,0,0,0,1
RP_5BDD33E7,CUST_5703,1958.61,3D_SECURE_FAILED,0.836,1,16,Mobile,0,0,0,0,0
RP_EBB22EDF,CUST_7563,3918.38,GATEWAY_TIMEOUT,0.398,0,16,Mobile,0,0,0,0,1
RP_0F6BDD62,CUST_6631,1140.25,RISK_BLOCKED,0.67,0,21,Mobile,0,0,0,0,0
RP_50B69FC2,CUST_2394,2883.36,GATEWAY_TIMEOUT,0.908,0,17,Mobile,0,1,1,0,1
RP_2B28944D,CUST_5732,1200.51,GATEWAY_TIMEOUT,0.294,0,0,Mobile,0,1,0,0,0
RP_98F06111,CUST_4714,320.57,GATEWAY_TIMEOUT,0.708,0,1,Desktop,0,1,1,0,0
RP_23F21D37,CUST_1529,1474.49,CUSTOMER_ABANDONED,0.822,1,22,Mobile,0,0,0,0,0
RP_928CD865,CUST_3958,332.17,CUSTOMER_ABANDONED,0.945,0,15,Desktop,0,0,0,0,1
RP_D3A0F88C,CUST_8904,18159.6,INSUFFICIENT_FUNDS,0.747,0,13,Desktop,0,0,0,0,0
RP_2F8B5BE2,CUST_4591,734.43,RISK_BLOCKED,0.849,2,19,Mobile,0,0,0,0,0
RP_1C63D1A6,CUST_7895,2378.07,INSUFFICIENT_FUNDS,0.939,0,22,Mobile,0,0,1,1,0
RP_DE1AC0A2,CUST_1525,1080.42,GATEWAY_TIMEOUT,0.682,1,22,Mobile,0,0,0,0,0
RP_DCA37B3E,CUST_7477,249.55,INSUFFICIENT_FUNDS,0.71,0,19,Mobile,0,0,0,0,0
RP_770177F0,CUST_1001,112.37,CUSTOMER_ABANDONED,0.912,0,17,Mobile,0,0,0,0,1
RP_E333F71B,CUST_1374,2694.09,CUSTOMER_ABANDONED,0.677,0,8,Mobile,0,0,0,1,0
RP_CF2C69D1,CUST_5648,7038.91,INSUFFICIENT_FUNDS,0.914,0,13,Mobile,0,0,0,0,0
RP_C6287291,CUST_3365,454.06,CUSTOMER_ABANDONED,0.54,2,12,Mobile,0,0,0,0,1
RP_B81BA369,CUST_2525,150.2,GATEWAY_TIMEOUT,0.692,2,13,Mobile,0,0,1,0,0
RP_9315FF76,CUST_2646,742.34,CUSTOMER_ABANDONED,0.828,1,18,Mobile,0,0,0,1,0
RP_31D9B43D,CUST_1013,356.19,RISK_BLOCKED,0.69,0,16,Mobile,0,0,0,1,0
RP_EC61B476,CUST_5599,502.51,GATEWAY_TIMEOUT,0.815,1,7,Desktop,0,1,0,0,0
RP_6C321928,CUST_3278,2281.18,3D_SECURE_FAILED,0.796,0,3,Mobile,0,0,0,0,0
RP_7AD0EE3F,CUST_4155,1032.2,CUSTOMER_ABANDONED,0.465,0,8,Desktop,0,0,0,0,0
RP_09199EDD,CUST_9321,405.29,GATEWAY_TIMEOUT,0.878,0,23,Mobile,0,1,0,0,0
RP_D44828ED,CUST_4814,2222.08,RISK_BLOCKED,0.728,0,10,Mobile,0,0,0,0,0
RP_DC2F6E78,CUST_4216,2441.2,INSUFFICIENT_FUNDS,0.879,0,6,Mobile,0,0,1,0,0
RP_B3BF107B,CUST_9219,731.82,INSUFFICIENT_FUNDS,0.779,0,14,Mobile,0,1,1,1,1
RP_3A33EC4A,CUST_3113,1294.01,GATEWAY_TIMEOUT,0.688,0,17,Mobile,0,1,0,1,1
RP_51C9BBC2,CUST_5356,2047.97,GATEWAY_TIMEOUT,0.622,0,19,Mobile,0,0,0,0,0
RP_F898626B,CUST_6543,1828.63,CUSTOMER_ABANDONED,0.896,0,4,Desktop,0,0,0,0,1
RP_5DC459F5,CUST_5555,1151.4,CUSTOMER_ABANDONED,0.958,1,15,Mobile,0,0,0,0,1
RP_2E56AA98,CUST_8062,6118.69,3D_SECURE_FAILED,0.718,0,20,Desktop,0,0,0,0,0
RP_5E42B749,CUST_4374,2206.62,GATEWAY_TIMEOUT,0.579,0,11,Mobile,0,1,0,0,0
RP_7E8A37EF,CUST_7430,638.54,GATEWAY_TIMEOUT,0.507,1,16,Mobile,0,0,0,0,0
RP_3371CF15,CUST_4466,643.16,GATEWAY_TIMEOUT,0.382,0,14,Mobile,0,0,0,0,0
RP_9469568C,CUST_4081,561.32,INSUFFICIENT_FUNDS,0.896,0,20,Desktop,0,0,1,0,0
RP_223605E4,CUST_1629,2341.5,RISK_BLOCKED,0.878,1,18,Mobile,0,0,0,0,0
RP_B3FA5735,CUST_1269,519.41,CUSTOMER_ABANDONED,0.498,0,23,Mobile,0,0,0,0,0
RP_1897CADD,CUST_6724,658.6,INSUFFICIENT_FUNDS,0.779,1,6,Mobile,0,0,0,0,0
RP_15B9C9F2,CUST_6897,3903.49,3D_SECURE_FAILED,0.972,0,20,Mobile,0,0,0,0,0
RP_FB775AE4,CUST_4432,1380.17,CUSTOMER_ABANDONED,0.855,0,11,Mobile,0,0,0,0,0
RP_151310E2,CUST_7276,4620.41,GATEWAY_TIMEOUT,0.79,0,16,Mobile,0,1,0,0,0
RP_9CED6E2E,CUST_6895,2857.41,CUSTOMER_ABANDONED,0.799,0,6,Mobile,0,0,0,1,1
RP_41F62836,CUST_8115,267.2,INSUFFICIENT_FUNDS,0.902,0,10,Mobile,0,0,1,0,1
RP_C087B730,CUST_7656,970.14,GATEWAY_TIMEOUT,0.866,0,0,Desktop,0,1,1,0,0
RP_EC5B0B91,CUST_1575,3597.3,GATEWAY_TIMEOUT,0.67,0,16,Desktop,0,0,1,1,0
RP_D1FA15BF,CUST_8029,253.0,INSUFFICIENT_FUNDS,0.819,1,21,Mobile,0,0,0,1,1
RP_AD5F8244,CUST_7099,1814.66,INSUFFICIENT_FUNDS,0.853,1,6,Mobile,0,0,0,1,0
RP_23CF0111,CUST_4192,1046.2,GATEWAY_TIMEOUT,0.747,1,1,Mobile,0,0,1,0,0
RP_B122D042,CUST_4178,133.52,GATEWAY_TIMEOUT,0.709,0,10,Mobile,0,1,0,0,0
RP_4297BECB,CUST_7052,1265.97,CUSTOMER_ABANDONED,0.744,0,15,Mobile,0,0,0,0,0
RP_767D7210,CUST_3734,401.43,RISK_BLOCKED,0.549,0,14,Mobile,0,0,0,1,0
RP_2A26EB02,CUST_7116,270.11,CUSTOMER_ABANDONED,0.637,0,7,Desktop,0,0,0,0,0
RP_4F0FE88A,CUST_4568,1108.73,GATEWAY_TIMEOUT,0.499,1,14,Desktop,0,0,0,0,1
RP_971A0E5E,CUST_3203,108.09,GATEWAY_TIMEOUT,0.772,0,6,Mobile,0,0,0,0,1
RP_7DAF4A30,CUST_2390,488.26,GATEWAY_TIMEOUT,0.905,2,4,Mobile,0,1,0,0,1
RP_9688BD0A,CUST_2742,23421.49,GATEWAY_TIMEOUT,0.512,1,7,Mobile,0,1,0,0,0
RP_EC5FF5C4,CUST_2925,2392.91,CUSTOMER_ABANDONED,0.879,1,1,Mobile,0,0,0,0,0
RP_F206FDC8,CUST_1619,380.81,CUSTOMER_ABANDONED,0.663,0,5,Desktop,0,0,0,1,0
RP_A621A020,CUST_2274,5913.54,CUSTOMER_ABANDONED,0.758,1,3,Mobile,0,0,0,0,1
RP_DCA3FCD7,CUST_1956,333.47,CUSTOMER_ABANDONED,0.717,2,6,Mobile,0,0,0,0,0
RP_55D47BC6,CUST_2939,564.29,GATEWAY_TIMEOUT,0.906,1,5,Mobile,0,1,0,1,0
RP_3CE37855,CUST_4953,276.27,INSUFFICIENT_FUNDS,0.661,0,21,Desktop,0,0,1,0,0
RP_C5F66F2F,CUST_1968,1491.14,CUSTOMER_ABANDONED,0.771,0,4,Desktop,0,0,0,0,0
RP_F972C5D5,CUST_1281,5666.66,INSUFFICIENT_FUNDS,0.877,0,4,Mobile,0,0,1,0,0
RP_9036494D,CUST_7262,330.69,GATEWAY_TIMEOUT,0.893,2,17,Desktop,0,1,0,0,1
RP_F1D9A833,CUST_2058,100.0,INSUFFICIENT_FUNDS,0.592,2,10,Desktop,0,0,0,1,1
RP_3DB0F722,CUST_5293,4060.9,GATEWAY_TIMEOUT,0.8,0,22,Mobile,0,1,1,0,0
RP_6787B2D1,CUST_6178,7076.68,GATEWAY_TIMEOUT,0.52,1,22,Mobile,0,1,0,0,0
RP_79105136,CUST_7980,100.07,CUSTOMER_ABANDONED,0.571,2,7,Mobile,0,0,0,0,0
RP_CB5C3672,CUST_2229,1904.67,3D_SECURE_FAILED,0.962,0,19,Mobile,0,1,0,0,0
RP_8B255D5F,CUST_5585,1439.15,GATEWAY_TIMEOUT,0.72,0,10,Mobile,0,1,0,0,0
RP_8EC52B90,CUST_9467,426.25,GATEWAY_TIMEOUT,0.713,0,18,Desktop,0,0,0,0,0
RP_5886E0DA,CUST_3740,205.77,CUSTOMER_ABANDONED,0.617,1,18,Desktop,0,0,0,1,0
RP_8CC01EC1,CUST_3289,3605.08,GATEWAY_TIMEOUT,0.853,0,1,Mobile,0,0,1,0,0
RP_2BA9058D,CUST_2239,1359.52,INSUFFICIENT_FUNDS,0.876,1,9,Desktop,0,0,0,0,0
RP_7BB7B5D9,CUST_6370,1488.18,GATEWAY_TIMEOUT,0.426,0,6,Desktop,0,0,0,0,0
RP_413D3AB1,CUST_1125,520.02,GATEWAY_TIMEOUT,0.613,0,11,Mobile,0,0,1,0,1
RP_CD545AA1,CUST_8473,418.93,CUSTOMER_ABANDONED,0.843,0,1,Mobile,0,0,0,0,1
RP_B85D7B18,CUST_6342,100.0,CUSTOMER_ABANDONED,0.743,0,6,Mobile,0,0,0,0,0
RP_1694E743,CUST_8351,834.11,GATEWAY_TIMEOUT,0.687,0,18,Mobile,0,1,1,0,0
RP_BB3A8045,CUST_7638,6164.68,INSUFFICIENT_FUNDS,0.686,0,0,Mobile,0,0,0,0,0
RP_E6237E81,CUST_7570,376.79,GATEWAY_TIMEOUT,0.857,0,10,Mobile,0,1,0,0,0
RP_5CF078B2,CUST_4249,176.46,GATEWAY_TIMEOUT,0.681,0,7,Desktop,0,1,0,0,1
RP_76EDC9B5,CUST_8595,1849.73,RISK_BLOCKED,0.82,0,7,Mobile,0,0,0,0,0
RP_03916E0B,CUST_7294,2307.91,CUSTOMER_ABANDONED,0.869,0,13,Mobile,0,0,0,0,1
RP_C03E9796,CUST_7527,542.89,INSUFFICIENT_FUNDS,0.599,0,12,Desktop,0,0,0,0,1
RP_5FEDCE1E,CUST_6757,721.61,CUSTOMER_ABANDONED,0.389,0,9,Desktop,0,0,0,0,0
RP_6A48F08B,CUST_2969,1505.2,CUSTOMER_ABANDONED,0.79,1,16,Desktop,0,0,0,0,0
RP_399B546F,CUST_1891,909.91,CUSTOMER_ABANDONED,0.705,0,5,Mobile,0,0,0,0,1
RP_9E2BD9CE,CUST_5470,3641.52,GATEWAY_TIMEOUT,0.759,0,19,Mobile,0,1,1,0,0
RP_225EB23E,CUST_8175,20428.6,GATEWAY_TIMEOUT,0.703,2,20,Mobile,0,1,0,1,0
RP_627731F5,CUST_9320,141.03,CUSTOMER_ABANDONED,0.732,1,13,Mobile,0,0,0,0,1
RP_E47C115F,CUST_7812,4796.81,INSUFFICIENT_FUNDS,0.655,0,23,Mobile,0,0,1,1,0
RP_C6AB81C4,CUST_8519,1244.28,RISK_BLOCKED,0.713,0,7,Mobile,0,0,0,0,0
RP_90E54FE5,CUST_5612,5801.32,CUSTOMER_ABANDONED,0.599,1,6,Desktop,0,0,0,0,1
RP_29C7325D,CUST_2198,2615.54,RISK_BLOCKED,0.709,1,4,Mobile,0,0,0,0,1
RP_EE68651D,CUST_6238,1180.14,GATEWAY_TIMEOUT,0.816,0,5,Mobile,0,1,0,0,0
RP_961510E1,CUST_7089,2729.92,3D_SECURE_FAILED,0.864,0,7,Mobile,0,0,0,0,0
RP_248A626A,CUST_7257,683.35,INSUFFICIENT_FUNDS,0.636,0,20,Mobile,0,0,0,0,1
RP_619DF223,CUST_8705,433.04,RISK_BLOCKED,0.877,0,2,Mobile,0,0,0,0,0
RP_D0E14263,CUST_4719,2901.65,GATEWAY_TIMEOUT,0.923,2,8,Desktop,0,1,0,0,0
RP_CF3B2D79,CUST_1302,398.14,INSUFFICIENT_FUNDS,0.964,0,9,Mobile,0,0,0,0,1
RP_BA3F6F0E,CUST_1986,2370.48,CUSTOMER_ABANDONED,0.804,0,0,Mobile,0,0,0,0,1
RP_21EFDC9E,CUST_5440,1137.85,INSUFFICIENT_FUNDS,0.851,2,6,Mobile,0,0,0,0,0
RP_EFBE0D81,CUST_5909,100.0,INSUFFICIENT_FUNDS,0.712,0,19,Desktop,0,0,0,1,0
RP_56BD5249,CUST_4072,550.45,RISK_BLOCKED,0.744,0,5,Desktop,0,0,0,0,0
RP_7D48911C,CUST_4124,1638.94,INSUFFICIENT_FUNDS,0.746,0,12,Mobile,0,0,0,0,0
RP_EAB9E6D3,CUST_9125,673.71,CUSTOMER_ABANDONED,0.632,0,6,Mobile,0,0,0,0,1
RP_893220B3,CUST_4291,100.0,GATEWAY_TIMEOUT,0.756,1,7,Mobile,0,1,1,0,0
RP_6F86CDD6,CUST_5033,5350.26,CUSTOMER_ABANDONED,0.588,0,20,Desktop,0,0,0,0,1
RP_33B54CDF,CUST_6105,1343.79,CUSTOMER_ABANDONED,0.582,0,4,Mobile,0,0,0,1,0
RP_1E0C6620,CUST_1703,1867.75,INSUFFICIENT_FUNDS,0.893,0,11,Desktop,0,0,0,0,0
RP_58A7C7BD,CUST_9133,621.46,GATEWAY_TIMEOUT,0.729,1,5,Desktop,0,0,0,0,0
RP_2A1B858D,CUST_1574,2075.15,CUSTOMER_ABANDONED,0.587,0,22,Mobile,0,0,0,0,0
RP_1BDF17DE,CUST_6704,9914.8,GATEWAY_TIMEOUT,0.969,0,14,Mobile,0,1,1,0,0
RP_C8E33757,CUST_8848,453.92,GATEWAY_TIMEOUT,0.771,1,20,Mobile,0,0,1,0,0
RP_7A20C4A2,CUST_6208,8106.45,CUSTOMER_ABANDONED,0.896,2,20,Mobile,0,0,0,1,1
RP_5C6D6594,CUST_7924,1769.19,GATEWAY_TIMEOUT,0.503,1,3,Desktop,0,0,0,0,0
RP_F3D54184,CUST_4828,386.33,GATEWAY_TIMEOUT,0.851,0,16,Mobile,0,1,0,0,0
RP_5F5C1AFD,CUST_4230,15597.54,CUSTOMER_ABANDONED,0.742,0,13,Mobile,0,0,0,0,1
RP_2961301B,CUST_1488,1754.55,GATEWAY_TIMEOUT,0.722,0,6,Mobile,0,0,1,0,0
RP_506158B4,CUST_8114,2469.51,INSUFFICIENT_FUNDS,0.565,1,22,Mobile,0,0,0,0,0
RP_272E73C5,CUST_4173,793.76,GATEWAY_TIMEOUT,0.51,1,12,Mobile,0,1,0,0,0
RP_26AD39A3,CUST_2667,421.75,CUSTOMER_ABANDONED,0.504,2,21,Mobile,0,0,0,0,0
RP_F17C9FF5,CUST_5114,1341.27,CUSTOMER_ABANDONED,0.857,1,9,Mobile,0,0,0,1,0
RP_93368079,CUST_4553,7315.54,CUSTOMER_ABANDONED,0.532,0,17,Mobile,0,0,0,1,0
RP_9C1DE8F0,CUST_8761,756.28,GATEWAY_TIMEOUT,0.571,1,1,Mobile,0,0,0,0,0
RP_7B7CFE19,CUST_2000,1061.99,GATEWAY_TIMEOUT,0.818,1,21,Desktop,0,1,0,0,0
RP_D1ED3BC8,CUST_2388,6295.52,GATEWAY_TIMEOUT,0.565,1,11,Desktop,0,1,0,0,1
RP_56650B45,CUST_6450,764.79,INSUFFICIENT_FUNDS,0.887,2,12,Mobile,0,0,0,0,0
RP_8CB10311,CUST_4712,2022.99,3D_SECURE_FAILED,0.323,0,20,Desktop,0,0,0,0,0
RP_CF18F5FA,CUST_2367,3142.65,GATEWAY_TIMEOUT,0.754,0,6,Mobile,0,0,0,0,0
RP_8320E8B8,CUST_9189,865.98,GATEWAY_TIMEOUT,0.531,0,17,Mobile,0,0,0,0,0
RP_822FB252,CUST_1454,1590.5,GATEWAY_TIMEOUT,0.728,0,21,Mobile,0,0,0,0,0
RP_EB048209,CUST_3772,2424.36,CUSTOMER_ABANDONED,0.676,0,10,Mobile,0,0,0,0,0
RP_4580B32E,CUST_4726,677.83,CUSTOMER_ABANDONED,0.856,2,21,Mobile,0,0,0,0,0
RP_2C427963,CUST_8232,2918.77,CUSTOMER_ABANDONED,0.135,2,9,Mobile,0,0,0,0,0
RP_BF5A9096,CUST_5806,568.85,3D_SECURE_FAILED,0.768,1,21,Mobile,0,0,0,1,0
RP_83F44CD4,CUST_3190,487.79,INSUFFICIENT_FUNDS,0.483,0,5,Mobile,0,0,0,0,0
RP_EBBA68EA,CUST_3875,175.48,GATEWAY_TIMEOUT,0.796,0,13,Desktop,0,1,0,0,1
RP_028E4699,CUST_6592,599.35,GATEWAY_TIMEOUT,0.506,0,19,Mobile,0,0,0,1,1
RP_1C29A6FD,CUST_2440,412.15,CUSTOMER_ABANDONED,0.596,0,4,Mobile,0,0,0,0,0
RP_CA7BF725,CUST_9927,677.87,CUSTOMER_ABANDONED,0.79,0,19,Desktop,0,0,0,0,1
RP_8FF054B5,CUST_7059,2285.62,INSUFFICIENT_FUNDS,0.768,1,5,Mobile,0,0,0,1,1
RP_B05B391B,CUST_8010,138.27,CUSTOMER_ABANDONED,0.637,0,8,Desktop,0,0,0,1,0
RP_D4D8E617,CUST_8117,102.55,CUSTOMER_ABANDONED,0.794,0,4,Desktop,0,0,0,0,1
RP_94EE3E7E,CUST_3989,446.35,3D_SECURE_FAILED,0.88,0,4,Mobile,0,0,0,1,1
RP_10B2882E,CUST_7228,1907.36,CUSTOMER_ABANDONED,0.518,2,18,Mobile,0,0,0,1,0
RP_ECEB4A7F,CUST_7471,1550.97,CUSTOMER_ABANDONED,0.476,1,12,Desktop,0,0,0,0,1
RP_029EFB80,CUST_3863,437.87,GATEWAY_TIMEOUT,0.304,2,22,Mobile,0,1,0,0,0
RP_4B0BC8A3,CUST_2177,4461.72,CUSTOMER_ABANDONED,0.548,1,4,Mobile,0,0,0,0,0
RP_07D59408,CUST_5760,497.66,3D_SECURE_FAILED,0.468,0,13,Desktop,0,0,0,0,0
RP_A5B25452,CUST_1011,1910.16,INSUFFICIENT_FUNDS,0.668,2,1,Mobile,0,0,0,0,0
RP_98C1E5C7,CUST_6252,709.57,CUSTOMER_ABANDONED,0.874,0,4,Mobile,0,0,0,0,0
RP_17612CC8,CUST_5399,386.63,CUSTOMER_ABANDONED,0.525,0,22,Desktop,0,0,0,0,0
RP_2168507A,CUST_9234,530.55,GATEWAY_TIMEOUT,0.787,0,22,Mobile,0,1,0,1,1
RP_F18208CC,CUST_6445,2645.99,CUSTOMER_ABANDONED,0.747,1,11,Mobile,0,0,0,0,1
RP_0C37099F,CUST_7570,1691.26,GATEWAY_TIMEOUT,0.947,2,23,Mobile,0,1,0,0,0
RP_9B258EF3,CUST_9212,3504.22,RISK_BLOCKED,0.606,0,19,Desktop,0,0,0,0,0
RP_65966507,CUST_1406,1691.18,CUSTOMER_ABANDONED,0.687,0,6,Mobile,0,0,0,0,0
RP_1E8A50B3,CUST_5431,158.63,GATEWAY_TIMEOUT,0.734,1,2,Mobile,0,1,1,1,0
RP_6F4A829D,CUST_6243,13867.42,GATEWAY_TIMEOUT,0.81,0,8,Mobile,0,1,1,1,0
RP_EBE400E1,CUST_7542,1720.21,CUSTOMER_ABANDONED,0.934,1,14,Mobile,0,0,0,0,1
RP_F094AD9E,CUST_7936,2033.69,INSUFFICIENT_FUNDS,0.814,0,14,Mobile,0,0,0,0,0
RP_C10A23BF,CUST_9906,697.7,GATEWAY_TIMEOUT,0.557,0,7,Mobile,0,0,0,0,1
RP_1A954A91,CUST_5146,4170.59,INSUFFICIENT_FUNDS,0.719,0,15,Desktop,0,0,0,0,0
RP_6A628492,CUST_1140,295.38,INSUFFICIENT_FUNDS,0.64,0,1,Mobile,0,0,0,0,0
RP_71C9C5DD,CUST_5882,2279.69,GATEWAY_TIMEOUT,0.769,1,19,Mobile,0,1,0,1,0
RP_D70A8B31,CUST_7012,100.0,CUSTOMER_ABANDONED,0.672,2,0,Mobile,0,0,0,0,0
RP_97688F82,CUST_1963,2471.67,3D_SECURE_FAILED,0.777,0,23,Desktop,0,0,0,0,0
RP_5D6437C7,CUST_8151,300.23,CUSTOMER_ABANDONED,0.869,1,3,Mobile,0,0,0,0,1
RP_216CB2CD,CUST_9564,1529.04,CUSTOMER_ABANDONED,0.607,1,3,Mobile,0,0,0,0,0
RP_BC6111F3,CUST_4610,5590.41,GATEWAY_TIMEOUT,0.884,0,22,Mobile,0,1,0,0,0
RP_1D8DFE8C,CUST_7894,2943.22,GATEWAY_TIMEOUT,0.783,0,5,Mobile,1,1,0,1,0
RP_6EAB9C1E,CUST_8311,4765.98,GATEWAY_TIMEOUT,0.702,0,2,Mobile,0,0,0,0,0
RP_9FAC019D,CUST_1105,4209.16,CUSTOMER_ABANDONED,0.332,0,7,Mobile,0,0,0,0,0
RP_CFF453ED,CUST_6539,584.56,3D_SECURE_FAILED,0.668,0,1,Mobile,0,0,0,0,0
RP_45ABE1B7,CUST_7787,2248.45,CUSTOMER_ABANDONED,0.645,2,16,Mobile,0,0,0,0,1
RP_09252F8C,CUST_3137,138.39,3D_SECURE_FAILED,0.764,0,11,Mobile,0,0,0,1,1
RP_8FC18A98,CUST_5445,480.91,CUSTOMER_ABANDONED,0.478,0,11,Mobile,0,0,0,0,0
RP_1D31FF58,CUST_4530,5832.41,INSUFFICIENT_FUNDS,0.83,0,14,Mobile,0,0,0,1,0
RP_BE9129BE,CUST_2286,690.87,INSUFFICIENT_FUNDS,0.802,0,17,Mobile,0,0,0,1,0
RP_683465DD,CUST_8052,116.56,GATEWAY_TIMEOUT,0.282,0,8,Mobile,0,0,0,0,0
RP_8A929B1D,CUST_4654,12288.74,GATEWAY_TIMEOUT,0.829,0,20,Mobile,0,1,1,0,0
RP_C6A8268F,CUST_8102,2153.18,CUSTOMER_ABANDONED,0.69,0,4,Mobile,0,0,0,1,1
RP_8C5ADE4E,CUST_3359,2744.55,INSUFFICIENT_FUNDS,0.488,0,21,Mobile,0,0,0,0,0
RP_A5C7433F,CUST_9105,338.13,CUSTOMER_ABANDONED,0.822,0,2,Mobile,0,0,0,0,0
RP_C5788AEB,CUST_9636,1542.05,CUSTOMER_ABANDONED,0.786,0,16,Mobile,0,0,0,0,0
RP_A2E5CCF3,CUST_7441,1493.82,GATEWAY_TIMEOUT,0.656,0,23,Mobile,0,1,0,1,0
RP_E935E03D,CUST_6047,409.21,INSUFFICIENT_FUNDS,0.758,0,22,Mobile,0,0,0,0,0
RP_2C44F9B3,CUST_9227,894.46,INSUFFICIENT_FUNDS,0.79,0,11,Mobile,0,0,1,0,0
RP_2D02D447,CUST_6203,181.17,INSUFFICIENT_FUNDS,0.841,0,13,Mobile,0,0,1,1,0
RP_A595A578,CUST_2798,723.39,CUSTOMER_ABANDONED,0.956,0,7,Mobile,0,0,0,0,0
RP_BE8313DB,CUST_6291,3528.46,INSUFFICIENT_FUNDS,0.908,0,8,Mobile,0,1,0,1,0
RP_4C76CDC2,CUST_6495,447.55,CUSTOMER_ABANDONED,0.797,0,1,Desktop,0,0,0,1,1
RP_F7F256DD,CUST_7284,10815.74,3D_SECURE_FAILED,0.504,1,20,Mobile,0,0,0,0,0
RP_45B38AF6,CUST_8285,195.72,3D_SECURE_FAILED,0.633,0,1,Mobile,0,0,0,0,0
RP_4AD8422B,CUST_2300,802.55,3D_SECURE_FAILED,0.806,0,23,Mobile,0,0,0,0,0
RP_03F941B5,CUST_7869,498.84,GATEWAY_TIMEOUT,0.523,0,15,Mobile,0,1,0,0,1
RP_9D96969E,CUST_4097,883.4,GATEWAY_TIMEOUT,0.398,2,19,Mobile,0,0,0,0,0
RP_ED15CB94,CUST_5616,5686.04,GATEWAY_TIMEOUT,0.366,2,10,Mobile,0,0,0,0,0
RP_6EB75F3D,CUST_1009,336.52,GATEWAY_TIMEOUT,0.823,0,19,Mobile,0,1,0,0,0
RP_1B62D866,CUST_6752,638.09,3D_SECURE_FAILED,0.437,0,9,Desktop,0,0,0,0,1
RP_060BB8EA,CUST_7295,2405.24,CUSTOMER_ABANDONED,0.653,0,7,Mobile,0,0,0,0,0
RP_93B0A22A,CUST_5815,1226.34,GATEWAY_TIMEOUT,0.497,0,6,Mobile,0,0,0,0,0
RP_A0E3CD6D,CUST_2072,1353.18,GATEWAY_TIMEOUT,0.694,0,0,Mobile,0,1,1,0,0
RP_AA886242,CUST_4225,344.35,GATEWAY_TIMEOUT,0.678,0,22,Mobile,0,1,1,0,0
RP_A460E8E4,CUST_2316,1006.36,CUSTOMER_ABANDONED,0.749,0,9,Desktop,0,0,0,0,1
RP_CD082139,CUST_6699,4263.71,CUSTOMER_ABANDONED,0.74,0,18,Mobile,0,0,0,0,1
RP_1BFA81EF,CUST_7807,158.95,3D_SECURE_FAILED,0.531,0,4,Mobile,0,0,0,1,0
RP_9DDACAFF,CUST_7674,474.96,3D_SECURE_FAILED,0.715,2,23,Mobile,1,1,0,0,0
RP_CA27F5D6,CUST_4683,124.13,GATEWAY_TIMEOUT,0.883,0,21,Mobile,0,1,1,0,0
RP_5A29055B,CUST_8227,2088.85,INSUFFICIENT_FUNDS,0.626,1,7,Desktop,0,0,1,0,0
RP_16AE978B,CUST_4273,4772.21,GATEWAY_TIMEOUT,0.731,0,20,Mobile,0,0,1,0,0
RP_823B1E2C,CUST_8000,879.99,INSUFFICIENT_FUNDS,0.879,0,8,Mobile,0,0,0,1,0
RP_C3799929,CUST_1145,328.12,3D_SECURE_FAILED,0.889,1,12,Mobile,0,0,0,0,0
RP_123EEE12,CUST_6010,339.85,CUSTOMER_ABANDONED,0.658,0,13,Mobile,0,0,0,1,0
RP_A467C4B2,CUST_4040,767.8,CUSTOMER_ABANDONED,0.385,0,5,Mobile,0,0,0,1,0
RP_4DB89DA6,CUST_1482,764.29,INSUFFICIENT_FUNDS,0.577,0,10,Desktop,0,0,1,0,0
RP_B1BBAEA0,CUST_4179,3275.41,GATEWAY_TIMEOUT,0.87,0,8,Mobile,0,1,0,0,0
RP_86C9A7CB,CUST_2249,491.44,GATEWAY_TIMEOUT,0.748,0,12,Mobile,0,1,0,0,0
RP_25A7A003,CUST_1630,1848.43,INSUFFICIENT_FUNDS,0.565,0,3,Mobile,0,0,0,0,0
RP_B10C0655,CUST_9853,760.09,CUSTOMER_ABANDONED,0.781,0,1,Mobile,0,0,0,0,0
RP_34365861,CUST_3852,448.67,GATEWAY_TIMEOUT,0.829,0,23,Mobile,0,1,0,0,0
RP_A135EBFE,CUST_1987,737.71,CUSTOMER_ABANDONED,0.751,0,20,Mobile,0,0,0,1,1
RP_53EF7AA1,CUST_8622,1642.29,CUSTOMER_ABANDONED,0.504,0,1,Mobile,0,0,0,0,0
RP_E719CE4A,CUST_8327,3287.62,INSUFFICIENT_FUNDS,0.772,1,21,Desktop,0,1,1,0,1
RP_B5023517,CUST_9841,810.48,CUSTOMER_ABANDONED,0.742,0,12,Mobile,0,0,0,0,0
RP_5CCDB439,CUST_2100,258.6,INSUFFICIENT_FUNDS,0.736,0,18,Desktop,0,0,0,0,0
RP_BC750FDA,CUST_7652,3639.7,CUSTOMER_ABANDONED,0.959,2,0,Mobile,0,0,0,0,1
RP_5CDB1801,CUST_9632,373.23,CUSTOMER_ABANDONED,0.876,0,5,Mobile,0,0,0,0,1
RP_F7CC62C7,CUST_8421,1499.65,RISK_BLOCKED,0.539,0,7,Mobile,0,0,0,0,0
RP_A568CF03,CUST_6016,1064.44,INSUFFICIENT_FUNDS,0.501,0,16,Mobile,0,0,0,0,0
RP_2BC2FACA,CUST_1769,906.61,INSUFFICIENT_FUNDS,0.876,0,2,Mobile,0,0,1,0,0
RP_2B3F99A5,CUST_2343,611.32,GATEWAY_TIMEOUT,0.93,0,5,Mobile,0,0,1,0,0
RP_BE4BE530,CUST_5358,2308.1,GATEWAY_TIMEOUT,0.805,0,18,Mobile,0,0,0,0,1
RP_AD130E62,CUST_7780,100.0,CUSTOMER_ABANDONED,0.781,0,6,Mobile,0,0,0,0,0
RP_252A53E8,CUST_7602,4288.81,3D_SECURE_FAILED,0.456,0,14,Desktop,0,0,0,0,0
RP_E1CAEAA6,CUST_3349,366.86,INSUFFICIENT_FUNDS,0.529,1,5,Mobile,0,0,0,0,0
RP_1224D172,CUST_6699,1789.24,GATEWAY_TIMEOUT,0.907,0,21,Mobile,0,1,1,0,0
RP_B8C279FF,CUST_2241,1679.13,GATEWAY_TIMEOUT,0.739,1,22,Mobile,0,1,0,0,1
RP_ADE13B6F,CUST_2125,5064.31,INSUFFICIENT_FUNDS,0.747,1,17,Mobile,0,0,1,0,1
RP_19825776,CUST_7764,1390.33,GATEWAY_TIMEOUT,0.595,0,9,Desktop,0,1,0,1,0
RP_0E528012,CUST_6101,405.48,GATEWAY_TIMEOUT,0.713,0,3,Desktop,0,0,0,0,0
RP_CC8247F9,CUST_8843,159.86,CUSTOMER_ABANDONED,0.949,0,4,Mobile,0,0,0,0,1
RP_86B2CCA7,CUST_1072,721.57,GATEWAY_TIMEOUT,0.844,0,17,Mobile,0,0,0,0,0
RP_37E32DA4,CUST_6472,104.6,INSUFFICIENT_FUNDS,0.784,1,9,Mobile,0,0,0,0,0
RP_3FBB67A5,CUST_6189,515.85,CUSTOMER_ABANDONED,0.52,0,9,Mobile,0,0,0,0,0
RP_7CB27F6A,CUST_3472,771.89,GATEWAY_TIMEOUT,0.841,0,9,Mobile,0,0,1,1,0
RP_B9CD1817,CUST_1707,479.19,CUSTOMER_ABANDONED,0.78,0,6,Mobile,0,0,0,1,0
RP_57DCFEC6,CUST_2804,1153.01,CUSTOMER_ABANDONED,0.752,0,19,Mobile,0,0,0,0,1
RP_6DE36DFD,CUST_7704,826.07,CUSTOMER_ABANDONED,0.638,0,13,Desktop,0,0,0,0,0
RP_DBF46F59,CUST_4713,740.09,INSUFFICIENT_FUNDS,0.645,0,7,Mobile,0,0,1,0,0
RP_DF34C00A,CUST_6051,100.0,INSUFFICIENT_FUNDS,0.338,0,8,Mobile,0,0,0,1,0
RP_F5EE1F88,CUST_3475,231.91,CUSTOMER_ABANDONED,0.25,0,23,Mobile,0,0,0,0,0
RP_EB6B6BEE,CUST_4610,2371.29,CUSTOMER_ABANDONED,0.961,0,4,Mobile,0,0,0,1,1
RP_81AA6179,CUST_5255,2878.74,INSUFFICIENT_FUNDS,0.644,0,20,Desktop,0,0,0,0,0
RP_241D0C6E,CUST_8397,120.72,GATEWAY_TIMEOUT,0.752,0,7,Mobile,0,1,1,0,0
RP_BFECB9C0,CUST_2735,412.54,GATEWAY_TIMEOUT,0.659,0,19,Mobile,0,0,0,0,0
RP_18C5B0C4,CUST_9258,3969.35,GATEWAY_TIMEOUT,0.797,0,4,Desktop,0,0,0,0,0
RP_2F03CC01,CUST_8979,463.29,CUSTOMER_ABANDONED,0.856,0,19,Mobile,0,0,0,0,0
RP_A74762D8,CUST_3428,959.31,GATEWAY_TIMEOUT,0.895,0,17,Mobile,0,0,1,0,0
RP_40FEA4C1,CUST_8426,6186.76,INSUFFICIENT_FUNDS,0.768,0,3,Mobile,0,0,1,0,1
RP_7E2287CC,CUST_9533,710.6,CUSTOMER_ABANDONED,0.47,0,10,Mobile,0,0,1,1,1
RP_B2B533B8,CUST_6249,598.45,GATEWAY_TIMEOUT,0.587,0,20,Mobile,0,1,1,0,0
RP_704BA206,CUST_6291,908.28,CUSTOMER_ABANDONED,0.509,0,21,Mobile,0,0,0,0,1
RP_090A7838,CUST_3817,10138.48,CUSTOMER_ABANDONED,0.932,0,19,Mobile,0,0,0,1,1
RP_8D344010,CUST_4874,1873.27,GATEWAY_TIMEOUT,0.326,0,10,Mobile,0,0,1,0,0
RP_2386C612,CUST_5211,1122.03,CUSTOMER_ABANDONED,0.745,0,13,Mobile,0,0,0,0,0
RP_ACB7935B,CUST_1661,584.51,CUSTOMER_ABANDONED,0.777,1,12,Mobile,0,0,0,1,0
RP_80CBAA71,CUST_4374,2093.47,INSUFFICIENT_FUNDS,0.4,0,3,Mobile,0,0,0,0,0
RP_D09A88C8,CUST_1207,2420.28,GATEWAY_TIMEOUT,0.554,0,15,Desktop,0,0,0,0,1
RP_C6BFAD8D,CUST_3665,302.53,INSUFFICIENT_FUNDS,0.793,0,5,Mobile,0,0,0,0,0
RP_C7891E01,CUST_3493,2499.77,3D_SECURE_FAILED,0.626,0,22,Mobile,0,0,0,0,1
RP_1DAEAF9D,CUST_7813,914.72,CUSTOMER_ABANDONED,0.781,0,12,Desktop,0,0,0,0,1
RP_4200B848,CUST_1632,1129.76,GATEWAY_TIMEOUT,0.595,0,22,Mobile,0,1,1,0,1
RP_501DF3D6,CUST_4083,379.5,CUSTOMER_ABANDONED,0.91,0,19,Desktop,1,0,0,0,0
RP_D273B844,CUST_4719,678.59,INSUFFICIENT_FUNDS,0.872,1,4,Mobile,0,0,0,1,0
RP_6759514A,CUST_8123,318.57,CUSTOMER_ABANDONED,0.779,0,18,Mobile,0,0,0,0,1
RP_8202F78F,CUST_2679,300.71,CUSTOMER_ABANDONED,0.795,2,20,Mobile,0,0,0,0,0
RP_5EE9F0C8,CUST_1236,1724.18,INSUFFICIENT_FUNDS,0.45,1,9,Desktop,0,0,0,0,0
RP_26ED4420,CUST_8446,716.13,CUSTOMER_ABANDONED,0.911,1,4,Desktop,0,0,0,1,0
RP_8CE5C73F,CUST_5443,230.54,CUSTOMER_ABANDONED,0.405,1,13,Mobile,0,0,0,0,0
RP_BAD38D07,CUST_7770,14949.95,CUSTOMER_ABANDONED,0.823,0,3,Mobile,0,0,0,0,1
RP_01CE00DF,CUST_7099,284.41,GATEWAY_TIMEOUT,0.739,0,5,Mobile,0,0,0,0,0
RP_E1E607E5,CUST_9555,4066.44,CUSTOMER_ABANDONED,0.412,0,4,Mobile,0,0,0,0,1
RP_20444BD9,CUST_3368,186.47,3D_SECURE_FAILED,0.921,0,23,Mobile,0,0,0,1,0
RP_60A5DA4D,CUST_1285,1896.57,GATEWAY_TIMEOUT,0.46,0,1,Desktop,0,0,0,0,0
RP_5DECB6F3,CUST_1148,811.86,INSUFFICIENT_FUNDS,0.639,1,5,Mobile,0,0,1,1,1
RP_99EA5B5A,CUST_5037,515.5,GATEWAY_TIMEOUT,0.679,0,1,Mobile,0,0,1,0,0
RP_9FDE4E14,CUST_7549,1388.65,CUSTOMER_ABANDONED,0.717,0,11,Mobile,0,0,0,1,1
RP_AC2A6E92,CUST_8121,1181.7,CUSTOMER_ABANDONED,0.67,0,21,Mobile,0,0,0,0,0
RP_6C6C789E,CUST_5895,413.66,GATEWAY_TIMEOUT,0.89,0,3,Mobile,0,0,1,0,0
RP_02F666AE,CUST_6280,391.79,3D_SECURE_FAILED,0.673,0,12,Mobile,0,0,1,0,0
RP_77E55423,CUST_2012,165.89,GATEWAY_TIMEOUT,0.78,0,16,Mobile,0,0,1,0,0
RP_1DBDA652,CUST_3785,1582.37,CUSTOMER_ABANDONED,0.593,1,5,Desktop,0,0,0,1,0
RP_67787DB1,CUST_4725,243.58,INSUFFICIENT_FUNDS,0.635,0,2,Mobile,0,0,1,1,1
RP_A5315DDA,CUST_5576,1101.88,INSUFFICIENT_FUNDS,0.556,0,12,Mobile,0,0,0,1,0
RP_3AE6736E,CUST_6782,2232.71,GATEWAY_TIMEOUT,0.685,0,22,Mobile,0,1,0,0,1
RP_B408A445,CUST_7257,1407.63,GATEWAY_TIMEOUT,0.874,2,2,Mobile,0,1,0,1,0
RP_DBB7ADE6,CUST_3408,460.47,CUSTOMER_ABANDONED,0.771,0,19,Mobile,0,0,0,0,0
RP_6C7A47AC,CUST_1340,3263.56,CUSTOMER_ABANDONED,0.553,1,8,Mobile,0,0,0,0,1
RP_435A8534,CUST_3817,672.12,GATEWAY_TIMEOUT,0.827,2,22,Desktop,0,0,0,0,0
RP_FF578212,CUST_3496,221.19,GATEWAY_TIMEOUT,0.463,0,3,Mobile,0,0,1,0,0
RP_184A402F,CUST_6962,780.18,GATEWAY_TIMEOUT,0.707,0,1,Mobile,0,0,1,0,0
RP_326CBEBE,CUST_6299,2217.55,CUSTOMER_ABANDONED,0.819,0,4,Mobile,0,0,0,0,1
RP_1B1E68F1,CUST_8574,488.19,CUSTOMER_ABANDONED,0.358,0,7,Desktop,0,0,0,0,0
RP_F43A4EB0,CUST_2689,3145.79,GATEWAY_TIMEOUT,0.9,1,1,Mobile,0,0,1,0,0
RP_25314A51,CUST_4267,435.11,CUSTOMER_ABANDONED,0.527,0,4,Desktop,0,0,0,0,0
RP_092DE49B,CUST_5406,512.32,GATEWAY_TIMEOUT,0.767,2,5,Mobile,0,0,1,0,0
RP_4499D044,CUST_9453,312.53,3D_SECURE_FAILED,0.739,0,6,Mobile,0,0,0,1,0
RP_AB2A5688,CUST_2442,2491.03,3D_SECURE_FAILED,0.927,0,12,Mobile,0,0,0,0,0
RP_17BB9DAB,CUST_9597,1028.76,CUSTOMER_ABANDONED,0.889,0,8,Mobile,0,0,0,1,1
RP_D14B4E9A,CUST_5437,338.42,3D_SECURE_FAILED,0.508,0,6,Mobile,0,0,0,0,0
RP_C69BD0BA,CUST_6435,681.67,CUSTOMER_ABANDONED,0.874,0,3,Mobile,0,0,0,1,1
RP_487779A2,CUST_9435,100.0,CUSTOMER_ABANDONED,0.814,0,4,Mobile,0,0,0,0,0
RP_607EC799,CUST_5107,2789.36,CUSTOMER_ABANDONED,0.864,0,2,Desktop,0,0,0,0,1
RP_F8D25A5A,CUST_1560,893.46,INSUFFICIENT_FUNDS,0.479,2,16,Mobile,0,0,0,0,0
RP_1D618932,CUST_9785,100.0,GATEWAY_TIMEOUT,0.756,0,18,Mobile,0,0,0,1,0
RP_E0EE94F2,CUST_6548,190.94,INSUFFICIENT_FUNDS,0.915,0,12,Mobile,0,0,1,0,0
RP_A16785F5,CUST_2826,661.22,CUSTOMER_ABANDONED,0.895,0,0,Mobile,0,0,0,1,1
RP_92B93BE6,CUST_8629,226.56,GATEWAY_TIMEOUT,0.765,1,4,Desktop,0,0,0,0,1
RP_5C7D901E,CUST_9325,2841.31,GATEWAY_TIMEOUT,0.939,0,22,Desktop,0,1,0,1,0
RP_3D65DF32,CUST_4138,1812.18,INSUFFICIENT_FUNDS,0.727,0,8,Mobile,0,0,0,0,0
RP_03F49A14,CUST_8693,1688.24,GATEWAY_TIMEOUT,0.789,2,3,Desktop,0,0,1,0,0
RP_20E2B80E,CUST_9264,100.0,CUSTOMER_ABANDONED,0.742,1,9,Mobile,0,0,0,0,1
RP_35B03BBE,CUST_8842,583.74,3D_SECURE_FAILED,0.494,0,13,Mobile,0,0,0,0,0
RP_BE0CDB5D,CUST_7721,474.78,CUSTOMER_ABANDONED,0.825,2,9,Mobile,0,0,0,0,0
RP_B6A5553B,CUST_8002,349.02,CUSTOMER_ABANDONED,0.649,0,0,Mobile,0,0,0,0,0
RP_D8EDD16F,CUST_5225,666.33,CUSTOMER_ABANDONED,0.647,1,22,Desktop,0,0,0,1,0
RP_38AB0F0F,CUST_3978,283.87,INSUFFICIENT_FUNDS,0.751,0,18,Mobile,0,0,0,0,0
RP_E30D7676,CUST_8373,1419.79,GATEWAY_TIMEOUT,0.677,0,16,Mobile,0,0,1,0,0
RP_93331723,CUST_6907,2751.39,3D_SECURE_FAILED,0.875,2,19,Desktop,0,0,0,1,0
RP_9930E865,CUST_7097,2481.11,GATEWAY_TIMEOUT,0.717,0,14,Mobile,0,0,1,0,0
RP_394A09FA,CUST_6656,929.37,GATEWAY_TIMEOUT,0.653,0,21,Mobile,0,0,1,0,0
RP_A86F16C5,CUST_9984,12077.36,CUSTOMER_ABANDONED,0.783,0,5,Mobile,1,0,0,0,1
RP_8B9F0E1D,CUST_5259,4306.88,GATEWAY_TIMEOUT,0.92,0,6,Desktop,0,1,1,0,0
RP_8EDEF355,CUST_9286,970.81,INSUFFICIENT_FUNDS,0.731,0,0,Desktop,0,0,0,0,0
RP_96FD5834,CUST_6901,614.79,GATEWAY_TIMEOUT,0.884,0,4,Mobile,0,1,0,0,0
RP_B95E59CA,CUST_5917,5462.34,GATEWAY_TIMEOUT,0.721,2,19,Desktop,0,0,1,0,0
RP_70E5A45A,CUST_9429,3674.22,GATEWAY_TIMEOUT,0.557,0,19,Desktop,0,0,0,0,0
RP_2735A7F0,CUST_3530,201.84,GATEWAY_TIMEOUT,0.473,1,6,Mobile,0,0,0,0,0
RP_1D9F1D70,CUST_2960,4035.9,CUSTOMER_ABANDONED,0.274,0,1,Mobile,0,0,0,0,1
RP_E5A06349,CUST_8045,911.19,CUSTOMER_ABANDONED,0.986,0,20,Mobile,0,0,0,1,0
RP_13BE82CD,CUST_2048,390.3,INSUFFICIENT_FUNDS,0.756,0,22,Mobile,0,0,0,1,0
RP_01E0F7E6,CUST_6772,102.0,3D_SECURE_FAILED,0.405,1,2,Desktop,0,0,0,0,0
RP_BBC13859,CUST_3529,794.17,GATEWAY_TIMEOUT,0.567,0,1,Desktop,0,0,1,0,0
RP_840CDDB1,CUST_3964,1080.66,INSUFFICIENT_FUNDS,0.57,0,15,Mobile,0,0,0,0,0
RP_2C960193,CUST_8137,7367.2,GATEWAY_TIMEOUT,0.766,0,16,Desktop,0,1,0,0,0
RP_29FF00B2,CUST_1963,3458.81,CUSTOMER_ABANDONED,0.827,2,20,Mobile,0,0,0,0,0
RP_3A0E1DFC,CUST_1536,544.86,INSUFFICIENT_FUNDS,0.688,0,11,Mobile,0,0,0,0,0
RP_83464087,CUST_8340,1749.72,CUSTOMER_ABANDONED,0.717,0,4,Mobile,0,0,0,0,1
RP_3A224778,CUST_8179,2955.73,CUSTOMER_ABANDONED,0.749,1,3,Desktop,0,0,0,0,0
RP_C4A067AF,CUST_8967,1215.79,INSUFFICIENT_FUNDS,0.918,0,23,Desktop,0,0,1,0,0
RP_86B6372F,CUST_9734,542.08,CUSTOMER_ABANDONED,0.824,2,15,Mobile,0,0,0,0,0
RP_DA2BDC17,CUST_1845,579.05,3D_SECURE_FAILED,0.374,2,17,Desktop,0,0,0,0,0
RP_AD2113B4,CUST_6777,1741.61,GATEWAY_TIMEOUT,0.848,0,12,Mobile,0,1,0,0,1
RP_138685BD,CUST_4036,1800.06,INSUFFICIENT_FUNDS,0.795,0,19,Mobile,0,0,0,1,0
RP_CD475DC6,CUST_6947,771.59,CUSTOMER_ABANDONED,0.831,0,20,Mobile,0,0,0,0,0
RP_225EF9D6,CUST_3494,100.0,CUSTOMER_ABANDONED,0.68,2,8,Desktop,0,0,0,0,0
RP_A7C2FE5D,CUST_3719,233.08,GATEWAY_TIMEOUT,0.934,0,15,Mobile,0,1,1,0,0
RP_D5EEC5DE,CUST_2884,2306.82,INSUFFICIENT_FUNDS,0.75,1,2,Mobile,0,0,1,1,0
RP_A9153945,CUST_5349,100.0,INSUFFICIENT_FUNDS,0.655,0,16,Mobile,0,0,0,0,0
RP_F3A67AD0,CUST_6179,4541.52,INSUFFICIENT_FUNDS,0.677,0,19,Desktop,0,0,0,0,0
RP_A9F993BB,CUST_7610,3802.4,GATEWAY_TIMEOUT,0.771,0,9,Desktop,0,0,1,0,0
RP_7E1C5A27,CUST_7430,1152.07,3D_SECURE_FAILED,0.861,0,21,Mobile,0,0,0,1,0
RP_18CFDF93,CUST_8154,2247.37,CUSTOMER_ABANDONED,0.734,0,22,Desktop,0,0,0,0,1
RP_2A5C2FE0,CUST_7488,2068.4,INSUFFICIENT_FUNDS,0.615,0,19,Mobile,0,0,0,1,0
RP_72C9AEAB,CUST_5737,953.13,CUSTOMER_ABANDONED,0.791,0,3,Mobile,0,0,0,0,1
RP_C85043F8,CUST_7525,210.89,3D_SECURE_FAILED,0.72,0,21,Desktop,0,0,0,1,0
RP_6F75CE91,CUST_4850,3500.73,GATEWAY_TIMEOUT,0.759,0,0,Mobile,0,1,1,0,1
RP_194D6DC3,CUST_1689,5935.32,GATEWAY_TIMEOUT,0.543,0,20,Mobile,0,0,0,0,0
RP_3361C78F,CUST_6175,257.16,INSUFFICIENT_FUNDS,0.755,0,15,Mobile,0,0,0,0,0
RP_92B55399,CUST_9648,201.64,CUSTOMER_ABANDONED,0.832,0,10,Mobile,0,0,0,1,0
RP_263AE8B6,CUST_6078,930.61,GATEWAY_TIMEOUT,0.934,1,18,Mobile,0,1,1,0,0
RP_1E6AB8DF,CUST_6448,517.25,RISK_BLOCKED,0.441,0,7,Mobile,0,0,0,0,0
RP_8B5C3DFF,CUST_2179,1304.97,INSUFFICIENT_FUNDS,0.566,2,4,Mobile,0,0,1,0,0
RP_9CE60565,CUST_7406,4673.17,INSUFFICIENT_FUNDS,0.838,0,22,Mobile,0,0,0,0,1
RP_DE39B75F,CUST_9591,100.0,GATEWAY_TIMEOUT,0.797,1,23,Mobile,0,0,0,1,0
RP_5DA036CB,CUST_7907,7313.86,GATEWAY_TIMEOUT,0.819,0,7,Mobile,0,0,1,0,1
RP_8809DA59,CUST_9800,673.17,CUSTOMER_ABANDONED,0.67,0,17,Desktop,0,0,0,0,0
RP_D6A22BA3,CUST_2638,2026.64,RISK_BLOCKED,0.766,0,14,Mobile,0,1,0,0,0
RP_1CFE37EE,CUST_6671,2304.16,INSUFFICIENT_FUNDS,0.479,0,17,Mobile,0,0,0,0,0
RP_7B8274FA,CUST_7928,2650.25,RISK_BLOCKED,0.8,0,12,Desktop,0,0,0,0,0
RP_7E1B632B,CUST_2382,1181.2,CUSTOMER_ABANDONED,0.575,0,14,Mobile,0,0,0,1,1
RP_8C356ACC,CUST_2403,1563.49,INSUFFICIENT_FUNDS,0.835,0,20,Mobile,0,0,0,0,1
RP_398FD578,CUST_4292,1551.27,CUSTOMER_ABANDONED,0.509,0,12,Mobile,0,0,0,0,0
RP_458B321F,CUST_1419,514.74,INSUFFICIENT_FUNDS,0.675,1,2,Mobile,0,0,1,0,0
RP_36C2C967,CUST_5517,133.0,CUSTOMER_ABANDONED,0.689,0,11,Mobile,0,0,0,0,0
RP_F69DAFC1,CUST_4302,253.91,GATEWAY_TIMEOUT,0.994,0,11,Mobile,0,1,1,0,0
RP_9A705FD0,CUST_8857,967.69,CUSTOMER_ABANDONED,0.995,0,9,Mobile,0,0,0,1,0
RP_693B7E6E,CUST_8870,426.59,GATEWAY_TIMEOUT,0.479,0,0,Mobile,0,0,0,0,0
RP_B2858D12,CUST_6693,427.78,CUSTOMER_ABANDONED,0.762,0,23,Mobile,0,0,0,0,0
RP_7479BB7D,CUST_1767,9500.51,CUSTOMER_ABANDONED,0.698,0,5,Desktop,0,0,0,1,1
RP_0AE22F1E,CUST_3044,3073.81,GATEWAY_TIMEOUT,0.424,0,18,Mobile,0,0,0,0,0
RP_35A0DC6B,CUST_2549,810.38,INSUFFICIENT_FUNDS,0.88,0,23,Mobile,0,0,0,0,1
RP_E87472F3,CUST_7140,2456.37,INSUFFICIENT_FUNDS,0.828,0,12,Mobile,0,0,0,0,0
RP_F41566FE,CUST_4716,662.27,CUSTOMER_ABANDONED,0.636,2,0,Mobile,0,0,0,0,0
RP_5E99CD81,CUST_5481,1252.46,GATEWAY_TIMEOUT,0.614,2,18,Desktop,0,0,0,0,1
RP_008A6172,CUST_8898,1863.02,CUSTOMER_ABANDONED,0.883,0,5,Mobile,0,0,0,1,0
RP_084426D1,CUST_7548,664.39,GATEWAY_TIMEOUT,0.757,0,0,Mobile,0,0,0,0,0
RP_3E95EF2F,CUST_3293,481.88,GATEWAY_TIMEOUT,0.775,0,22,Mobile,0,1,0,0,0
RP_83B9B664,CUST_5837,4763.41,GATEWAY_TIMEOUT,0.81,0,16,Desktop,0,0,1,0,0
RP_4672E73B,CUST_8758,2291.44,GATEWAY_TIMEOUT,0.911,0,16,Mobile,0,0,1,0,0
RP_784A6584,CUST_7793,100.0,CUSTOMER_ABANDONED,0.876,0,20,Mobile,0,0,0,0,1
RP_3A1F9479,CUST_8638,491.88,RISK_BLOCKED,0.427,0,10,Mobile,0,0,0,0,1
RP_77B41DE4,CUST_8993,429.44,INSUFFICIENT_FUNDS,0.656,1,19,Mobile,0,0,0,0,0
RP_29C694FA,CUST_7007,520.42,INSUFFICIENT_FUNDS,0.618,1,11,Mobile,0,0,0,1,0
RP_05B55917,CUST_6542,3086.78,GATEWAY_TIMEOUT,0.887,2,23,Mobile,0,0,1,1,0
RP_C4BC4E48,CUST_7356,1122.2,CUSTOMER_ABANDONED,0.527,0,12,Mobile,0,0,0,0,1
RP_6E827FF7,CUST_9433,206.94,GATEWAY_TIMEOUT,0.688,1,17,Mobile,0,1,1,0,0
RP_B487A452,CUST_8380,692.39,CUSTOMER_ABANDONED,0.906,0,21,Mobile,0,0,0,1,0
RP_B2CA14C8,CUST_3385,2100.82,3D_SECURE_FAILED,0.399,0,23,Mobile,0,0,0,0,0
RP_B862B7AF,CUST_5268,842.54,GATEWAY_TIMEOUT,0.772,1,0,Mobile,0,1,1,0,0
RP_6B8E7213,CUST_1671,505.93,CUSTOMER_ABANDONED,0.701,2,2,Desktop,0,0,0,0,0
RP_D9170AA1,CUST_1163,1631.84,GATEWAY_TIMEOUT,0.809,1,16,Mobile,0,1,0,0,0
RP_EF35D4D6,CUST_9656,7645.18,INSUFFICIENT_FUNDS,0.809,0,6,Mobile,0,0,0,0,0
RP_E73F5CCF,CUST_5592,1907.81,GATEWAY_TIMEOUT,0.471,0,16,Mobile,0,0,0,0,0
RP_0E2A1BCD,CUST_5795,5224.58,INSUFFICIENT_FUNDS,0.89,0,15,Mobile,0,0,1,0,0
RP_255E1FEF,CUST_5798,548.32,GATEWAY_TIMEOUT,0.831,1,11,Mobile,0,1,1,0,0
RP_E174F7E4,CUST_7036,1085.68,INSUFFICIENT_FUNDS,0.568,0,7,Mobile,0,0,1,0,0
RP_F8411D99,CUST_3355,1059.7,INSUFFICIENT_FUNDS,0.539,0,10,Desktop,0,0,0,1,0
RP_7D53B00D,CUST_6887,1264.48,INSUFFICIENT_FUNDS,0.319,0,2,Desktop,0,0,0,0,0
RP_D1CE83ED,CUST_8961,1860.54,CUSTOMER_ABANDONED,0.607,0,11,Mobile,0,0,0,0,0
RP_E59D1508,CUST_6827,364.03,3D_SECURE_FAILED,0.747,2,3,Mobile,0,0,0,0,0
RP_277BECB1,CUST_9737,2384.63,INSUFFICIENT_FUNDS,0.935,0,8,Mobile,0,0,0,1,0
RP_15D9B50A,CUST_5719,155.48,GATEWAY_TIMEOUT,0.692,0,21,Mobile,0,1,1,0,0
RP_33EC869B,CUST_1593,220.76,GATEWAY_TIMEOUT,0.66,1,20,Desktop,0,1,0,0,0
RP_E9A8E962,CUST_5839,14224.93,3D_SECURE_FAILED,0.559,0,20,Mobile,0,0,0,0,0
RP_1AEAC1B6,CUST_8394,594.58,CUSTOMER_ABANDONED,0.827,1,16,Mobile,1,0,0,0,0
RP_97501B08,CUST_4493,2631.8,INSUFFICIENT_FUNDS,0.852,1,15,Mobile,0,0,1,0,0
RP_4D33C2CB,CUST_7164,8416.49,GATEWAY_TIMEOUT,0.806,0,11,Mobile,0,1,1,0,0
RP_6558BF17,CUST_3672,100.0,INSUFFICIENT_FUNDS,0.381,0,14,Mobile,0,0,0,0,0
RP_57BAA895,CUST_5200,4236.51,GATEWAY_TIMEOUT,0.868,0,14,Mobile,0,0,1,0,0
RP_1325A403,CUST_1016,2389.24,3D_SECURE_FAILED,0.829,0,0,Mobile,0,1,0,1,1
RP_A69CFE4D,CUST_4191,7851.63,3D_SECURE_FAILED,0.955,0,2,Mobile,0,0,0,1,0
RP_CAAE2AE5,CUST_1392,265.65,GATEWAY_TIMEOUT,0.73,0,1,Desktop,1,1,0,0,1
RP_3DF7CC65,CUST_9616,6257.31,INSUFFICIENT_FUNDS,0.873,0,16,Mobile,0,0,1,1,0
RP_CEFDDFB3,CUST_7272,451.56,GATEWAY_TIMEOUT,0.748,0,11,Desktop,0,0,1,0,0
RP_9DADD388,CUST_1571,3888.32,INSUFFICIENT_FUNDS,0.769,0,4,Mobile,0,1,0,1,0
RP_F1133F3B,CUST_4631,1050.24,3D_SECURE_FAILED,0.771,0,10,Mobile,0,0,0,0,0
RP_46628AFE,CUST_7172,2765.35,INSUFFICIENT_FUNDS,0.581,0,18,Mobile,0,0,1,0,0
RP_5229A383,CUST_8177,1162.87,INSUFFICIENT_FUNDS,0.6,0,14,Mobile,0,0,0,0,0
RP_03F53BCC,CUST_9433,120.63,GATEWAY_TIMEOUT,0.664,0,6,Mobile,0,1,1,0,0
RP_BBAE838F,CUST_4897,100.0,CUSTOMER_ABANDONED,0.937,1,7,Desktop,0,0,0,0,1
RP_4835609A,CUST_9123,1410.78,CUSTOMER_ABANDONED,0.817,0,9,Desktop,0,0,0,1,1
RP_B1578B3C,CUST_3279,799.13,INSUFFICIENT_FUNDS,0.687,2,5,Mobile,0,0,0,0,0
RP_18606E4B,CUST_9980,1768.46,GATEWAY_TIMEOUT,0.65,0,20,Mobile,0,1,1,0,0
RP_9F97BBB4,CUST_8451,810.31,INSUFFICIENT_FUNDS,0.415,0,14,Desktop,0,0,0,0,1
RP_3CC4B54D,CUST_9906,12353.48,RISK_BLOCKED,0.938,1,9,Desktop,0,0,0,0,0
RP_81B0A60C,CUST_1775,1446.13,INSUFFICIENT_FUNDS,0.71,0,20,Desktop,0,0,1,0,0
RP_DC79BB3D,CUST_7869,641.41,INSUFFICIENT_FUNDS,0.708,0,16,Mobile,0,0,1,0,0
RP_BE5FDE82,CUST_3247,1643.91,INSUFFICIENT_FUNDS,0.903,0,21,Desktop,0,0,0,0,0
RP_D2E57717,CUST_8088,655.63,CUSTOMER_ABANDONED,0.955,0,5,Mobile,0,0,0,0,0
RP_2482AFA5,CUST_1078,1226.01,INSUFFICIENT_FUNDS,0.695,0,18,Mobile,0,0,1,1,0
RP_046BA4E8,CUST_9080,254.43,GATEWAY_TIMEOUT,0.337,0,19,Mobile,0,0,1,0,0
RP_BB5FD674,CUST_8099,1085.39,CUSTOMER_ABANDONED,0.491,0,19,Mobile,0,0,0,0,0
RP_816179E1,CUST_4926,618.05,CUSTOMER_ABANDONED,0.774,1,5,Mobile,0,0,0,0,1
RP_54CB3411,CUST_8340,285.06,CUSTOMER_ABANDONED,0.358,1,13,Mobile,0,0,0,0,0
RP_E44494D1,CUST_8083,11741.48,3D_SECURE_FAILED,0.932,0,23,Mobile,0,0,1,1,0
RP_6087DA70,CUST_7230,298.72,INSUFFICIENT_FUNDS,0.673,1,12,Mobile,0,0,1,0,0
RP_0C7FB2FB,CUST_5940,1105.84,GATEWAY_TIMEOUT,0.619,0,12,Mobile,0,1,0,0,0
RP_DEDF8EA4,CUST_4271,418.48,RISK_BLOCKED,0.912,0,8,Mobile,0,0,0,0,0
RP_417D91C8,CUST_4456,1566.26,INSUFFICIENT_FUNDS,0.835,1,8,Mobile,0,0,0,1,0
RP_5D016D89,CUST_8788,237.64,CUSTOMER_ABANDONED,0.854,0,20,Mobile,0,0,0,0,1
RP_DD68E4CC,CUST_9599,3006.19,CUSTOMER_ABANDONED,0.848,0,23,Mobile,0,0,0,1,1
RP_AE9E6B81,CUST_8650,12624.41,INSUFFICIENT_FUNDS,0.782,0,7,Mobile,0,0,1,0,0
RP_C10CACD8,CUST_3711,400.44,GATEWAY_TIMEOUT,0.909,0,9,Mobile,0,1,1,1,0
RP_AA53DB7E,CUST_2668,4723.77,CUSTOMER_ABANDONED,0.934,0,19,Mobile,0,0,0,0,1
RP_003CB3B9,CUST_1147,693.5,CUSTOMER_ABANDONED,0.952,1,3,Mobile,0,0,0,0,1
RP_1748A729,CUST_7420,6680.51,CUSTOMER_ABANDONED,0.515,0,2,Mobile,0,0,0,0,1
RP_002E247F,CUST_1365,15156.71,INSUFFICIENT_FUNDS,0.464,0,12,Desktop,0,0,0,1,0
RP_47DA57BE,CUST_5531,828.45,GATEWAY_TIMEOUT,0.74,0,20,Mobile,0,1,0,1,1
RP_4BB53B96,CUST_6330,176.92,GATEWAY_TIMEOUT,0.641,1,7,Desktop,0,0,0,0,0
RP_135BF251,CUST_6510,3421.04,INSUFFICIENT_FUNDS,0.252,0,23,Mobile,0,0,0,0,0
RP_6B4B6D48,CUST_9754,1435.55,INSUFFICIENT_FUNDS,0.811,0,8,Mobile,0,0,1,1,1
RP_3BA9A47D,CUST_9964,2002.5,RISK_BLOCKED,0.863,1,13,Mobile,0,0,0,0,0
RP_0683E20A,CUST_7493,729.37,CUSTOMER_ABANDONED,0.66,0,0,Mobile,0,0,0,1,1
RP_17B5E75F,CUST_6439,379.41,CUSTOMER_ABANDONED,0.896,0,13,Mobile,0,0,0,1,1
RP_2EDFCDE1,CUST_7511,4413.48,INSUFFICIENT_FUNDS,0.521,0,11,Desktop,0,0,0,1,0
RP_6E48211F,CUST_8504,1609.61,GATEWAY_TIMEOUT,0.561,0,3,Desktop,0,1,1,1,0
RP_20B63AF5,CUST_2246,193.98,RISK_BLOCKED,0.758,0,21,Desktop,0,0,0,0,0
RP_D85344E9,CUST_4839,2500.51,INSUFFICIENT_FUNDS,0.8,0,20,Desktop,0,0,0,0,0
RP_AD7C02FA,CUST_9551,1965.3,GATEWAY_TIMEOUT,0.606,0,3,Mobile,0,0,0,0,0
RP_685CFCC0,CUST_3376,742.22,INSUFFICIENT_FUNDS,0.744,2,12,Mobile,0,0,0,0,0
RP_6B4D2CA8,CUST_4009,7660.07,3D_SECURE_FAILED,0.579,0,15,Desktop,0,0,0,0,0
RP_37AB2AB7,CUST_2827,522.27,3D_SECURE_FAILED,0.971,0,10,Mobile,0,1,0,1,0
RP_F4A6C352,CUST_7979,895.35,GATEWAY_TIMEOUT,0.697,1,2,Mobile,0,0,0,0,0
RP_84C3D62E,CUST_9569,2758.32,3D_SECURE_FAILED,0.477,0,1,Mobile,0,0,0,0,0
RP_930F6208,CUST_5285,1202.45,GATEWAY_TIMEOUT,0.957,0,2,Mobile,0,1,1,0,0
RP_BCC4507D,CUST_7910,208.24,GATEWAY_TIMEOUT,0.653,0,19,Mobile,0,1,1,0,1
RP_AD9A56DC,CUST_9561,1367.25,CUSTOMER_ABANDONED,0.803,0,16,Desktop,0,0,0,0,0
RP_BA7F362D,CUST_3196,666.96,3D_SECURE_FAILED,0.38,0,0,Mobile,0,0,0,0,0
RP_EB210A55,CUST_4747,3066.82,CUSTOMER_ABANDONED,0.899,0,10,Desktop,0,0,0,0,0
RP_04F0E002,CUST_9843,1314.83,CUSTOMER_ABANDONED,0.667,1,15,Desktop,0,0,0,0,0
RP_B3456689,CUST_6978,1228.33,CUSTOMER_ABANDONED,0.674,0,19,Mobile,0,0,0,0,0
RP_7E56C596,CUST_6607,311.72,CUSTOMER_ABANDONED,0.753,0,9,Mobile,0,0,0,0,1
RP_A110A610,CUST_1769,832.11,3D_SECURE_FAILED,0.853,0,19,Mobile,0,0,0,1,0
RP_B26FD92C,CUST_1780,3512.63,CUSTOMER_ABANDONED,0.788,1,5,Desktop,0,0,0,0,1
RP_5FD9A387,CUST_7303,431.88,RISK_BLOCKED,0.567,0,1,Mobile,0,0,0,0,0
RP_441BF897,CUST_4983,1054.62,RISK_BLOCKED,0.613,1,21,Mobile,0,0,0,0,0
RP_A8AB997D,CUST_9714,356.48,GATEWAY_TIMEOUT,0.654,0,6,Mobile,0,0,0,0,0
RP_D6E43870,CUST_1521,264.91,CUSTOMER_ABANDONED,0.423,0,16,Mobile,0,0,0,0,0
RP_5AEDB953,CUST_8569,990.46,INSUFFICIENT_FUNDS,0.639,0,7,Mobile,0,1,0,0,0
RP_950EA56F,CUST_6784,1350.95,INSUFFICIENT_FUNDS,0.663,0,12,Mobile,0,0,1,0,0
RP_9472F154,CUST_5583,11999.68,CUSTOMER_ABANDONED,0.442,0,21,Mobile,0,0,0,0,0
RP_45B28F87,CUST_6946,634.89,GATEWAY_TIMEOUT,0.323,0,3,Mobile,0,0,0,0,0
RP_46A26696,CUST_5941,1032.56,INSUFFICIENT_FUNDS,0.648,1,10,Mobile,0,0,0,1,0
RP_D54E9876,CUST_7267,244.67,3D_SECURE_FAILED,0.894,1,1,Desktop,0,1,0,0,0
RP_F78DC47A,CUST_8128,2286.3,GATEWAY_TIMEOUT,0.9,0,7,Mobile,0,0,1,1,0
RP_DD668031,CUST_3461,1768.19,INSUFFICIENT_FUNDS,0.858,1,17,Mobile,0,0,0,1,0
RP_296D0D96,CUST_1685,6542.49,3D_SECURE_FAILED,0.835,0,7,Desktop,0,0,0,1,0
RP_6A52F46D,CUST_3160,4162.81,INSUFFICIENT_FUNDS,0.767,0,10,Mobile,0,0,1,1,1
RP_AA894EF1,CUST_8031,1671.85,INSUFFICIENT_FUNDS,0.568,0,23,Mobile,0,0,1,1,0
RP_5E2233F5,CUST_6341,623.85,INSUFFICIENT_FUNDS,0.637,0,4,Desktop,0,0,0,1,0
RP_C20FBF20,CUST_1038,1401.93,INSUFFICIENT_FUNDS,0.862,0,6,Mobile,0,0,1,1,1
RP_F9439BCD,CUST_5875,959.86,CUSTOMER_ABANDONED,0.871,0,22,Mobile,0,0,0,0,0
RP_050A25A7,CUST_2256,3442.93,CUSTOMER_ABANDONED,0.922,2,3,Mobile,0,0,0,0,1
RP_C02C967E,CUST_8697,2955.66,INSUFFICIENT_FUNDS,0.767,0,21,Mobile,0,0,1,0,1
RP_A9D77D44,CUST_3196,768.39,CUSTOMER_ABANDONED,0.722,1,9,Mobile,0,0,0,0,0
RP_88325AFB,CUST_8165,189.73,INSUFFICIENT_FUNDS,0.685,0,5,Mobile,0,0,1,1,0
RP_A1828B25,CUST_1301,5432.01,INSUFFICIENT_FUNDS,0.711,0,12,Mobile,0,0,0,1,0
RP_C44E7F8D,CUST_8527,2204.48,CUSTOMER_ABANDONED,0.818,1,15,Mobile,0,0,0,0,1
RP_A41D1919,CUST_7381,747.41,CUSTOMER_ABANDONED,0.958,0,21,Mobile,0,0,0,0,1
RP_85084D0B,CUST_1646,2103.69,CUSTOMER_ABANDONED,0.665,1,1,Mobile,0,0,0,0,0
RP_C3A0FA95,CUST_9789,1199.71,GATEWAY_TIMEOUT,0.371,0,23,Mobile,0,0,0,0,0
RP_73B400A7,CUST_9853,5336.59,GATEWAY_TIMEOUT,0.68,2,14,Mobile,0,0,0,1,0
RP_E6A8B482,CUST_5330,108.23,GATEWAY_TIMEOUT,0.716,0,7,Mobile,0,1,1,0,0
RP_7756543C,CUST_8003,680.87,GATEWAY_TIMEOUT,0.9,0,16,Mobile,0,0,0,0,0
RP_AA2739A7,CUST_4537,7471.61,CUSTOMER_ABANDONED,0.854,0,13,Mobile,0,0,0,0,0
RP_19D3C5AA,CUST_5558,2155.63,GATEWAY_TIMEOUT,0.456,1,17,Desktop,0,1,1,0,0
RP_95D277AB,CUST_7579,9201.56,CUSTOMER_ABANDONED,0.671,0,13,Mobile,0,0,0,1,1
RP_6258AB6C,CUST_9474,253.11,GATEWAY_TIMEOUT,0.477,2,3,Mobile,0,0,1,0,0
RP_53DEB3A2,CUST_5082,3970.46,INSUFFICIENT_FUNDS,0.764,0,20,Mobile,0,0,0,0,0
RP_6D6ACC9E,CUST_5183,3694.75,INSUFFICIENT_FUNDS,0.853,0,20,Mobile,0,0,0,1,0
RP_B3241C2E,CUST_9652,145.75,GATEWAY_TIMEOUT,0.76,0,21,Mobile,0,1,1,0,0
RP_789EF841,CUST_4754,769.24,3D_SECURE_FAILED,0.589,0,22,Mobile,0,0,0,0,0
RP_1E4E9495,CUST_2724,965.04,GATEWAY_TIMEOUT,0.818,0,0,Mobile,0,1,0,1,0
RP_264FA003,CUST_2376,157.05,INSUFFICIENT_FUNDS,0.732,0,22,Mobile,0,0,0,0,0
RP_73B88940,CUST_9706,788.77,CUSTOMER_ABANDONED,0.69,1,5,Desktop,0,0,0,0,0
RP_6B569174,CUST_9894,3126.97,CUSTOMER_ABANDONED,0.886,0,4,Desktop,0,0,0,0,1
RP_BDABEA07,CUST_2653,686.01,GATEWAY_TIMEOUT,0.701,0,14,Mobile,0,0,1,0,0
RP_7D9BD176,CUST_3066,1466.39,INSUFFICIENT_FUNDS,0.423,0,15,Mobile,0,0,0,0,0
RP_80B4BE2F,CUST_1022,1479.18,CUSTOMER_ABANDONED,0.575,2,21,Mobile,0,0,0,0,1
RP_EAF4E2BC,CUST_3460,1080.77,RISK_BLOCKED,0.974,0,7,Mobile,0,0,0,0,0
RP_22D7E30D,CUST_6926,470.49,3D_SECURE_FAILED,0.907,0,5,Mobile,0,1,0,1,0
RP_169B3403,CUST_7251,2417.71,INSUFFICIENT_FUNDS,0.734,0,4,Mobile,0,0,1,1,0
RP_26413812,CUST_8295,163.3,RISK_BLOCKED,0.658,1,5,Desktop,0,0,0,0,0
RP_AB1746D7,CUST_4300,1107.99,GATEWAY_TIMEOUT,0.787,2,0,Mobile,0,0,1,0,0
RP_7671DCF2,CUST_7279,5782.45,GATEWAY_TIMEOUT,0.831,2,13,Desktop,0,1,1,0,0
RP_1055AEF9,CUST_9553,641.08,CUSTOMER_ABANDONED,0.575,2,18,Desktop,0,0,0,0,0
RP_16D89EE9,CUST_8353,458.16,GATEWAY_TIMEOUT,0.696,0,18,Mobile,0,1,1,0,0
RP_11BE873C,CUST_4727,2619.19,GATEWAY_TIMEOUT,0.785,0,14,Mobile,0,1,1,0,0
RP_94EBD511,CUST_7272,1334.24,GATEWAY_TIMEOUT,0.686,0,18,Desktop,0,1,1,0,0
RP_FC000BA3,CUST_6995,2682.59,INSUFFICIENT_FUNDS,0.803,0,5,Mobile,0,0,0,0,0
RP_3CA62BA1,CUST_1514,1148.48,CUSTOMER_ABANDONED,0.904,0,4,Mobile,0,0,0,0,0
RP_3E52C632,CUST_1448,100.0,CUSTOMER_ABANDONED,0.718,0,15,Desktop,0,0,0,1,1
RP_E4D6F78E,CUST_7019,4518.32,GATEWAY_TIMEOUT,0.525,0,8,Mobile,0,1,1,0,0
RP_3F064E78,CUST_6343,13148.09,INSUFFICIENT_FUNDS,0.522,0,14,Mobile,0,0,1,0,0
RP_160B6F03,CUST_9033,5119.69,3D_SECURE_FAILED,0.815,0,21,Mobile,0,0,0,0,0
RP_BC66C685,CUST_3520,100.0,CUSTOMER_ABANDONED,0.694,0,7,Desktop,0,0,0,0,0
RP_140B7FFC,CUST_4081,1884.29,INSUFFICIENT_FUNDS,0.834,1,7,Desktop,0,0,1,1,1
RP_AB9F3F1A,CUST_2428,626.35,RISK_BLOCKED,0.781,0,3,Mobile,0,0,0,1,0
RP_291802FF,CUST_4967,298.54,CUSTOMER_ABANDONED,0.855,2,23,Mobile,0,0,0,1,0
RP_AFC7BED2,CUST_7445,1270.64,GATEWAY_TIMEOUT,0.853,0,1,Desktop,0,1,0,1,0
RP_E4C222E0,CUST_3159,917.14,GATEWAY_TIMEOUT,0.773,0,15,Mobile,0,1,0,0,0
RP_BA206693,CUST_6132,2019.06,GATEWAY_TIMEOUT,0.6,0,2,Desktop,0,1,0,0,0
RP_448B27FF,CUST_3547,1173.68,CUSTOMER_ABANDONED,0.454,0,8,Mobile,0,0,0,0,1
RP_7B22AC00,CUST_3979,285.72,GATEWAY_TIMEOUT,0.602,1,3,Desktop,0,1,0,0,0
RP_FD2971E5,CUST_3649,548.99,INSUFFICIENT_FUNDS,0.805,0,1,Mobile,0,0,0,0,0
RP_F324ED84,CUST_9505,452.35,GATEWAY_TIMEOUT,0.908,1,18,Mobile,0,1,1,0,0
RP_D05873BC,CUST_4083,139.8,3D_SECURE_FAILED,0.984,0,22,Mobile,0,0,0,0,1
RP_F9E8500A,CUST_2037,211.46,INSUFFICIENT_FUNDS,0.719,0,14,Mobile,0,0,0,0,1
RP_074AE4E6,CUST_4489,851.26,3D_SECURE_FAILED,0.591,0,6,Desktop,0,0,0,0,0
RP_B8AFEFCB,CUST_8604,6054.18,3D_SECURE_FAILED,0.587,0,7,Mobile,0,0,0,1,0
RP_AA9F5861,CUST_8544,576.71,GATEWAY_TIMEOUT,0.561,0,2,Mobile,0,0,0,0,0
RP_E85079F5,CUST_3634,441.9,INSUFFICIENT_FUNDS,0.697,0,22,Mobile,0,0,1,0,0
RP_49064D53,CUST_4983,265.72,GATEWAY_TIMEOUT,0.919,1,14,Mobile,0,1,1,1,0
RP_B8E4C207,CUST_2778,1137.56,3D_SECURE_FAILED,0.957,0,0,Mobile,0,0,0,0,0
RP_F100E87A,CUST_8902,4514.78,INSUFFICIENT_FUNDS,0.906,0,15,Mobile,0,0,1,0,1
RP_F4D01AD2,CUST_6110,12127.36,GATEWAY_TIMEOUT,0.866,2,21,Desktop,0,1,0,0,0
RP_9E9E7BA0,CUST_6189,1544.54,GATEWAY_TIMEOUT,0.758,0,2,Mobile,0,0,0,0,1
RP_30014CEA,CUST_8378,1297.24,INSUFFICIENT_FUNDS,0.642,0,1,Desktop,0,0,0,0,1
RP_03DF63F2,CUST_2124,571.25,3D_SECURE_FAILED,0.769,0,14,Mobile,0,1,0,0,1
RP_59598328,CUST_1697,697.93,CUSTOMER_ABANDONED,0.897,1,3,Mobile,0,0,0,0,1
RP_0D70F64A,CUST_3179,2333.23,3D_SECURE_FAILED,0.904,0,13,Desktop,0,0,0,1,0
RP_D97E3119,CUST_6251,751.56,INSUFFICIENT_FUNDS,0.8,0,8,Mobile,0,0,0,0,0
RP_62E72541,CUST_2929,902.58,GATEWAY_TIMEOUT,0.677,2,21,Mobile,0,1,1,0,0
RP_CAE70E03,CUST_2013,1063.78,RISK_BLOCKED,0.911,1,8,Mobile,0,0,0,0,0
RP_B4EEFF06,CUST_1226,539.7,GATEWAY_TIMEOUT,0.936,0,13,Mobile,0,1,0,0,0
RP_CEFA395F,CUST_8321,1002.27,3D_SECURE_FAILED,0.839,1,14,Mobile,0,0,0,0,0
RP_0CB50BEE,CUST_2828,100.0,INSUFFICIENT_FUNDS,0.825,1,23,Mobile,0,0,0,1,0
RP_6F71A0AC,CUST_8909,2118.8,GATEWAY_TIMEOUT,0.7,0,4,Desktop,0,1,1,0,0
RP_B2831FB8,CUST_6588,18437.21,CUSTOMER_ABANDONED,0.827,0,23,Mobile,0,0,0,1,1
RP_B9A689D3,CUST_3023,565.41,RISK_BLOCKED,0.597,1,1,Mobile,0,0,0,0,0
RP_E4A72368,CUST_5966,1717.46,RISK_BLOCKED,0.924,0,23,Mobile,0,0,0,0,0
RP_DC5278E2,CUST_6891,3046.94,GATEWAY_TIMEOUT,0.489,0,16,Desktop,0,0,0,0,0
RP_8E389225,CUST_2080,5096.24,GATEWAY_TIMEOUT,0.678,1,10,Mobile,0,0,1,0,0
RP_0790A313,CUST_6036,798.56,CUSTOMER_ABANDONED,0.802,1,12,Mobile,1,0,0,0,1
RP_B30C8C2C,CUST_3563,125.97,CUSTOMER_ABANDONED,0.697,0,11,Mobile,0,0,0,0,0
RP_691BEFA3,CUST_4292,1511.23,CUSTOMER_ABANDONED,0.615,0,2,Mobile,0,0,0,0,0
RP_D26A654B,CUST_4586,1279.67,GATEWAY_TIMEOUT,0.916,0,22,Mobile,0,1,1,0,0
RP_4D7A3984,CUST_5431,724.3,RISK_BLOCKED,0.463,0,19,Mobile,1,0,0,0,0
RP_81AE55C8,CUST_7841,934.29,CUSTOMER_ABANDONED,0.636,2,12,Mobile,0,0,0,0,0
RP_73CE9EB2,CUST_7643,1302.99,CUSTOMER_ABANDONED,0.924,0,14,Mobile,0,0,0,0,0
RP_541E83A1,CUST_4959,1692.76,INSUFFICIENT_FUNDS,0.787,0,10,Mobile,0,0,0,1,1
RP_5AFB46E9,CUST_1161,1609.65,INSUFFICIENT_FUNDS,0.71,2,15,Mobile,0,0,0,1,0
RP_721B44F5,CUST_1593,844.53,RISK_BLOCKED,0.633,0,6,Mobile,0,0,0,0,0
RP_AB5FE48C,CUST_4390,1739.12,CUSTOMER_ABANDONED,0.551,0,0,Mobile,0,0,0,0,0
RP_07E39F61,CUST_6997,778.96,3D_SECURE_FAILED,0.942,0,22,Mobile,0,0,1,0,1
RP_A16F357C,CUST_7354,2369.49,RISK_BLOCKED,0.845,0,18,Desktop,0,0,0,0,0
RP_1C20475E,CUST_1663,516.5,CUSTOMER_ABANDONED,0.77,0,17,Desktop,0,0,0,0,0
RP_88891D07,CUST_1541,1197.12,INSUFFICIENT_FUNDS,0.749,0,8,Mobile,0,0,0,0,0
RP_8F0C5EAC,CUST_6433,156.26,GATEWAY_TIMEOUT,0.93,0,17,Mobile,0,1,0,1,0
RP_14B36B99,CUST_6093,703.53,GATEWAY_TIMEOUT,0.852,1,2,Desktop,0,0,0,0,0
RP_C3B8AD93,CUST_1867,2166.76,GATEWAY_TIMEOUT,0.509,0,2,Mobile,0,0,0,0,0
RP_FF07A0AD,CUST_9623,317.2,GATEWAY_TIMEOUT,0.799,0,3,Mobile,0,1,1,0,0
RP_548CC165,CUST_6469,746.86,GATEWAY_TIMEOUT,0.308,0,15,Mobile,0,0,1,0,0
RP_F0B6C2D6,CUST_7256,100.0,INSUFFICIENT_FUNDS,0.873,0,10,Mobile,0,0,1,0,1
RP_50582E17,CUST_2169,212.37,INSUFFICIENT_FUNDS,0.859,0,22,Mobile,0,0,0,1,0
RP_85919408,CUST_1830,290.68,INSUFFICIENT_FUNDS,0.682,2,22,Mobile,0,0,0,0,0
RP_1488215D,CUST_2651,1239.05,GATEWAY_TIMEOUT,0.779,0,14,Mobile,0,1,1,0,0
RP_7BC82DDD,CUST_2136,1636.13,GATEWAY_TIMEOUT,0.802,0,8,Desktop,0,1,0,0,0
RP_25C38D86,CUST_3810,1025.29,CUSTOMER_ABANDONED,0.518,0,7,Mobile,0,0,0,0,0
RP_249E94C0,CUST_9667,692.9,INSUFFICIENT_FUNDS,0.473,0,21,Mobile,0,0,0,0,0
RP_92DE23FA,CUST_2019,695.81,INSUFFICIENT_FUNDS,0.894,1,5,Mobile,0,0,1,0,0
RP_BCFBC090,CUST_6237,2589.59,CUSTOMER_ABANDONED,0.958,2,20,Mobile,0,0,0,1,1
RP_4DE7568A,CUST_2283,1415.71,CUSTOMER_ABANDONED,0.781,0,17,Mobile,0,0,0,0,0
RP_510776B0,CUST_1659,734.56,INSUFFICIENT_FUNDS,0.381,1,5,Mobile,0,0,0,0,0
RP_E703BF3C,CUST_3010,5176.89,CUSTOMER_ABANDONED,0.337,0,5,Mobile,0,0,0,0,1
RP_5586AFFB,CUST_9590,11384.07,RISK_BLOCKED,0.714,0,11,Mobile,0,0,0,0,0
RP_E9C4BFBB,CUST_2733,245.95,CUSTOMER_ABANDONED,0.719,1,4,Desktop,0,0,0,0,0
RP_BBA94433,CUST_3125,2052.91,INSUFFICIENT_FUNDS,0.764,0,13,Mobile,0,0,1,0,0
RP_1D0333CC,CUST_3171,44706.2,CUSTOMER_ABANDONED,0.933,0,5,Mobile,0,1,0,0,1
RP_1E0A61D9,CUST_9266,1534.94,GATEWAY_TIMEOUT,0.635,0,20,Mobile,0,1,1,0,0
RP_232ABBBD,CUST_4471,1259.58,CUSTOMER_ABANDONED,0.812,0,19,Mobile,0,0,0,1,0
RP_EB199899,CUST_6624,1025.69,RISK_BLOCKED,0.387,0,18,Mobile,0,0,0,0,0
RP_D131EC63,CUST_9691,1974.79,INSUFFICIENT_FUNDS,0.743,1,13,Desktop,0,0,0,1,0
RP_ACC4341C,CUST_9329,2713.19,3D_SECURE_FAILED,0.927,0,0,Mobile,1,0,0,0,0
RP_72604A87,CUST_3097,246.23,INSUFFICIENT_FUNDS,0.896,0,19,Desktop,0,0,0,0,0
RP_358594F8,CUST_6068,1062.33,RISK_BLOCKED,0.576,0,22,Mobile,0,0,0,0,0
RP_70D85BFD,CUST_7397,100.0,CUSTOMER_ABANDONED,0.913,0,6,Mobile,0,0,0,0,0
RP_3BF13AAD,CUST_3757,853.05,GATEWAY_TIMEOUT,0.464,1,6,Mobile,0,1,1,0,0
RP_A68C4B58,CUST_4920,371.21,CUSTOMER_ABANDONED,0.519,2,13,Mobile,0,0,0,0,0
RP_834E4DAF,CUST_9186,1647.5,GATEWAY_TIMEOUT,0.762,2,19,Mobile,0,0,0,0,0
RP_AAA0A254,CUST_2900,150.26,GATEWAY_TIMEOUT,0.347,0,15,Mobile,0,1,0,0,0
RP_937057FE,CUST_3610,593.01,CUSTOMER_ABANDONED,0.581,2,11,Mobile,0,0,0,0,0
RP_C365A35D,CUST_7900,3497.67,GATEWAY_TIMEOUT,0.662,0,22,Mobile,0,1,0,0,0
RP_3D196E24,CUST_2449,487.07,CUSTOMER_ABANDONED,0.928,0,10,Mobile,0,0,0,0,0
RP_A3A2086F,CUST_9738,111.51,GATEWAY_TIMEOUT,0.747,1,17,Mobile,0,1,1,0,0
RP_32D4674E,CUST_6017,1493.74,GATEWAY_TIMEOUT,0.744,0,11,Desktop,0,1,1,0,0
RP_3DFA1A11,CUST_8999,542.49,RISK_BLOCKED,0.772,0,23,Mobile,0,0,0,0,0
RP_428D3B21,CUST_7052,877.38,INSUFFICIENT_FUNDS,0.628,2,9,Mobile,0,0,0,0,0
RP_EBB76DC9,CUST_3096,456.76,CUSTOMER_ABANDONED,0.781,1,23,Mobile,0,0,0,0,1
RP_BF34E92A,CUST_9895,11722.63,CUSTOMER_ABANDONED,0.647,0,4,Mobile,0,0,0,0,0
RP_1A4A280E,CUST_7404,169.07,CUSTOMER_ABANDONED,0.426,1,23,Desktop,0,0,0,0,0
RP_78099B73,CUST_4331,32866.03,3D_SECURE_FAILED,0.849,1,1,Mobile,0,0,0,0,1
RP_6E93F8D8,CUST_8462,686.25,CUSTOMER_ABANDONED,0.787,2,9,Mobile,0,0,0,0,1
RP_D2230743,CUST_6105,1366.67,INSUFFICIENT_FUNDS,0.658,0,23,Mobile,0,0,0,1,0
RP_6EB0D42A,CUST_3978,550.18,3D_SECURE_FAILED,0.558,1,15,Desktop,0,0,0,1,0
RP_50862F30,CUST_3839,523.24,GATEWAY_TIMEOUT,0.851,1,5,Mobile,0,0,0,0,0
RP_0F995DEB,CUST_4384,427.61,INSUFFICIENT_FUNDS,0.613,0,5,Mobile,0,0,1,1,0
RP_45414B3E,CUST_1685,2256.36,RISK_BLOCKED,0.627,0,19,Desktop,0,0,0,0,0
RP_5A7D36EE,CUST_8531,201.75,CUSTOMER_ABANDONED,0.56,0,23,Desktop,0,0,0,0,0
RP_E0471333,CUST_5283,1697.53,CUSTOMER_ABANDONED,0.632,0,22,Mobile,0,0,0,0,0
RP_EEB9BC0A,CUST_8736,100.0,CUSTOMER_ABANDONED,0.859,2,11,Mobile,0,0,0,0,0
RP_B46660D3,CUST_8710,1522.69,CUSTOMER_ABANDONED,0.985,0,8,Mobile,0,0,0,0,0
RP_0469DA81,CUST_2619,3038.05,3D_SECURE_FAILED,0.693,0,16,Desktop,0,0,0,0,0
RP_60976480,CUST_7868,237.6,GATEWAY_TIMEOUT,0.561,1,9,Mobile,0,0,0,0,0
RP_9B60518F,CUST_2431,2476.23,GATEWAY_TIMEOUT,0.877,0,7,Mobile,0,1,0,0,1
RP_81A6362E,CUST_5713,1166.38,INSUFFICIENT_FUNDS,0.678,0,23,Mobile,0,0,0,0,0
RP_0791967C,CUST_5998,7465.98,CUSTOMER_ABANDONED,0.874,0,8,Mobile,0,0,0,0,1
RP_2763BFBB,CUST_1162,392.98,GATEWAY_TIMEOUT,0.801,0,6,Mobile,0,1,0,0,0
RP_9C2C33D5,CUST_2974,32182.66,GATEWAY_TIMEOUT,0.816,2,9,Mobile,0,1,1,1,0
RP_D537D677,CUST_4291,100.0,INSUFFICIENT_FUNDS,0.566,1,23,Mobile,0,0,1,0,0
RP_39FA96DB,CUST_9461,738.48,RISK_BLOCKED,0.439,0,0,Desktop,0,0,0,0,0
RP_4E47EED5,CUST_1631,142.84,CUSTOMER_ABANDONED,0.538,2,18,Mobile,0,0,0,0,0
RP_F7B12340,CUST_1905,10109.85,INSUFFICIENT_FUNDS,0.72,0,21,Mobile,0,0,0,0,0
RP_F0A99B1A,CUST_3014,801.08,GATEWAY_TIMEOUT,0.493,0,10,Mobile,0,0,0,0,0
RP_60A3529F,CUST_8896,892.46,INSUFFICIENT_FUNDS,0.475,0,22,Mobile,0,0,1,1,0
RP_0CC95B27,CUST_1204,1866.62,GATEWAY_TIMEOUT,0.919,2,19,Desktop,0,1,1,0,0
RP_C5A8A001,CUST_1581,1090.33,GATEWAY_TIMEOUT,0.791,0,9,Mobile,0,0,0,0,0
RP_61B2F075,CUST_6675,537.8,3D_SECURE_FAILED,0.917,0,1,Mobile,0,0,0,1,0
RP_93B82CA5,CUST_6347,242.75,RISK_BLOCKED,0.821,0,13,Desktop,0,0,0,0,0
RP_B139CC26,CUST_3643,1342.4,GATEWAY_TIMEOUT,0.799,0,11,Mobile,0,1,1,0,0
RP_639739F3,CUST_9017,1727.79,GATEWAY_TIMEOUT,0.605,2,3,Desktop,0,0,1,0,0
RP_916D444B,CUST_3297,2526.15,INSUFFICIENT_FUNDS,0.689,0,21,Mobile,0,0,0,0,0
RP_9BE5C9C7,CUST_1874,10886.43,INSUFFICIENT_FUNDS,0.795,1,12,Mobile,0,0,0,1,1
RP_76573CAB,CUST_6560,100.0,GATEWAY_TIMEOUT,0.63,0,19,Mobile,0,0,1,0,0
RP_C206386F,CUST_1689,1011.04,INSUFFICIENT_FUNDS,0.854,1,9,Mobile,0,0,0,1,0
RP_6AA7B3A1,CUST_5000,4582.89,GATEWAY_TIMEOUT,0.81,1,1,Mobile,0,1,0,0,0
RP_D9A5C837,CUST_1671,944.42,CUSTOMER_ABANDONED,0.79,0,16,Mobile,0,0,0,0,1
RP_EDA166CA,CUST_8927,100.0,CUSTOMER_ABANDONED,0.487,0,9,Mobile,0,0,0,0,0
RP_953025D1,CUST_2171,232.93,CUSTOMER_ABANDONED,0.691,2,22,Mobile,0,0,0,1,0
RP_AA868962,CUST_6591,1626.66,INSUFFICIENT_FUNDS,0.802,1,15,Mobile,0,0,0,0,0
RP_068472F1,CUST_7342,1557.19,3D_SECURE_FAILED,0.958,0,8,Mobile,1,0,0,1,0
RP_8521BFB7,CUST_2449,2457.8,RISK_BLOCKED,0.928,0,18,Mobile,0,0,0,0,0
RP_51CC7D41,CUST_3539,429.57,GATEWAY_TIMEOUT,0.776,1,10,Mobile,0,1,0,0,0
RP_28B39549,CUST_4959,1497.96,GATEWAY_TIMEOUT,0.623,0,5,Mobile,0,1,1,0,0
RP_4E0A9FCA,CUST_7285,352.47,INSUFFICIENT_FUNDS,0.683,0,3,Mobile,0,0,0,0,0
RP_D9C2976E,CUST_6432,1498.1,GATEWAY_TIMEOUT,0.708,2,15,Mobile,0,0,0,0,1
RP_3AB85C8D,CUST_5260,1168.94,INSUFFICIENT_FUNDS,0.526,2,11,Mobile,0,0,0,0,0
RP_2C1104A4,CUST_3361,409.51,CUSTOMER_ABANDONED,0.454,1,23,Mobile,0,0,0,0,0
RP_DEE67429,CUST_7164,7114.0,INSUFFICIENT_FUNDS,0.846,0,23,Mobile,0,0,1,0,0
RP_FB637E9E,CUST_4670,141.63,INSUFFICIENT_FUNDS,0.974,2,15,Mobile,0,0,0,0,0
RP_F4B72BC0,CUST_2753,925.24,INSUFFICIENT_FUNDS,0.946,0,22,Mobile,0,0,1,1,0
RP_415BEB4F,CUST_9100,398.82,RISK_BLOCKED,0.609,0,21,Mobile,0,0,0,0,0
RP_1C12CEA1,CUST_2938,9907.45,GATEWAY_TIMEOUT,0.618,0,2,Mobile,0,0,1,0,0
RP_0F70D17D,CUST_9562,2248.63,CUSTOMER_ABANDONED,0.973,1,11,Mobile,0,1,0,0,1
RP_8902396F,CUST_6976,503.12,GATEWAY_TIMEOUT,0.829,0,14,Desktop,0,0,0,0,1
RP_5D23003F,CUST_7588,783.95,GATEWAY_TIMEOUT,0.868,2,19,Mobile,0,1,0,0,0
RP_EE044E0B,CUST_9616,10234.39,CUSTOMER_ABANDONED,0.87,2,11,Desktop,0,0,0,0,1
RP_CD6D51C6,CUST_7304,352.3,GATEWAY_TIMEOUT,0.822,0,8,Desktop,0,1,1,0,0
RP_CA3FB1C1,CUST_8345,131.98,GATEWAY_TIMEOUT,0.592,2,9,Desktop,0,0,0,0,0
RP_791C2E1D,CUST_8875,1554.96,GATEWAY_TIMEOUT,0.813,2,22,Mobile,0,0,1,0,0
RP_7AE967D4,CUST_7633,1597.78,CUSTOMER_ABANDONED,0.675,0,7,Mobile,0,0,0,0,1
RP_2A85A70F,CUST_1597,2438.75,CUSTOMER_ABANDONED,0.869,0,12,Mobile,0,0,0,1,0
RP_968C7659,CUST_4062,2458.12,GATEWAY_TIMEOUT,0.761,0,21,Mobile,0,0,0,0,0
RP_16D933B7,CUST_3336,9180.59,CUSTOMER_ABANDONED,0.544,0,14,Mobile,0,0,0,0,0
RP_8331DE8E,CUST_1572,139.52,GATEWAY_TIMEOUT,0.929,1,16,Mobile,0,0,1,0,0
RP_8B7A2C71,CUST_8521,258.95,CUSTOMER_ABANDONED,0.77,0,11,Mobile,0,1,0,0,1
RP_ABB1DA9D,CUST_7171,2427.57,INSUFFICIENT_FUNDS,0.664,2,15,Desktop,0,0,0,0,0
RP_3E4B4756,CUST_8097,290.98,CUSTOMER_ABANDONED,0.612,2,10,Mobile,0,0,0,0,0
RP_E402592C,CUST_3090,190.97,RISK_BLOCKED,0.737,0,18,Mobile,0,0,0,0,0
RP_BF5B9C13,CUST_7566,10290.88,3D_SECURE_FAILED,0.847,0,12,Desktop,0,0,0,1,1
RP_8211FE61,CUST_5624,156.97,GATEWAY_TIMEOUT,0.733,0,2,Mobile,0,0,0,0,0
RP_79F4C922,CUST_2633,719.44,3D_SECURE_FAILED,0.618,0,3,Desktop,0,0,0,0,0
RP_E905DDB8,CUST_2517,1021.23,GATEWAY_TIMEOUT,0.787,0,23,Desktop,0,0,0,0,0
RP_6891A4CD,CUST_4648,5276.21,RISK_BLOCKED,0.929,0,14,Mobile,0,0,0,0,0
RP_45CF4F6D,CUST_2537,116.45,GATEWAY_TIMEOUT,0.621,0,13,Mobile,0,0,1,0,0
RP_78F61264,CUST_4137,1805.46,INSUFFICIENT_FUNDS,0.613,0,10,Mobile,0,0,0,0,0
RP_6295B4D3,CUST_7985,376.74,GATEWAY_TIMEOUT,0.854,2,12,Mobile,0,0,0,0,0
RP_A52F1AA9,CUST_1097,2328.86,GATEWAY_TIMEOUT,0.718,0,19,Mobile,0,0,0,0,0
RP_51E70C10,CUST_4750,369.38,CUSTOMER_ABANDONED,0.456,0,17,Mobile,0,0,0,0,0
RP_6B85673D,CUST_9535,7235.59,3D_SECURE_FAILED,0.649,0,12,Mobile,0,0,0,1,0
RP_E80B70F0,CUST_9174,371.98,CUSTOMER_ABANDONED,0.795,0,20,Mobile,0,0,0,0,1
RP_A39EB760,CUST_9103,100.0,CUSTOMER_ABANDONED,0.571,0,18,Mobile,0,0,0,0,0
RP_91A2D4A0,CUST_6413,425.55,CUSTOMER_ABANDONED,0.657,0,3,Mobile,0,0,0,0,1
RP_52245800,CUST_5666,801.46,GATEWAY_TIMEOUT,0.705,0,11,Desktop,0,1,1,0,0
RP_927F46F9,CUST_1610,4019.15,GATEWAY_TIMEOUT,0.488,0,2,Mobile,0,1,0,0,0
RP_474453CC,CUST_2727,242.23,GATEWAY_TIMEOUT,0.932,0,15,Mobile,0,1,0,0,1
RP_EC2B84B8,CUST_2854,248.05,INSUFFICIENT_FUNDS,0.561,0,0,Mobile,0,0,1,0,0
RP_447A2FBD,CUST_6055,3472.72,GATEWAY_TIMEOUT,0.799,0,3,Mobile,0,0,1,0,0
RP_7494E033,CUST_3324,210.55,GATEWAY_TIMEOUT,0.817,1,8,Mobile,0,0,0,0,0
RP_A7B518F5,CUST_6774,884.67,GATEWAY_TIMEOUT,0.906,0,22,Mobile,0,0,0,0,1
RP_34D4A299,CUST_7519,906.52,GATEWAY_TIMEOUT,0.974,0,12,Mobile,0,0,1,0,0
RP_B8DD6EFF,CUST_2749,1423.82,3D_SECURE_FAILED,0.592,1,21,Mobile,0,0,0,0,0
RP_B47CF2BF,CUST_1781,445.94,GATEWAY_TIMEOUT,0.695,2,9,Mobile,0,0,0,0,0
RP_EB542193,CUST_8548,360.54,INSUFFICIENT_FUNDS,0.536,1,8,Mobile,0,0,1,0,0
RP_658955A5,CUST_7823,1639.05,CUSTOMER_ABANDONED,0.837,0,19,Mobile,0,0,0,1,1
RP_65FA3540,CUST_3105,374.21,INSUFFICIENT_FUNDS,0.742,0,5,Mobile,0,0,1,0,0
RP_7F60C361,CUST_4867,214.44,GATEWAY_TIMEOUT,0.595,0,18,Desktop,0,0,1,1,1
RP_B7A5C895,CUST_8193,4785.57,INSUFFICIENT_FUNDS,0.853,1,2,Mobile,0,0,1,0,0
RP_1C410607,CUST_5976,1969.85,GATEWAY_TIMEOUT,0.932,1,9,Mobile,0,1,1,0,0
RP_AD63930F,CUST_3113,9145.37,INSUFFICIENT_FUNDS,0.597,0,9,Desktop,0,0,0,1,0
RP_1623F56E,CUST_6879,2809.5,GATEWAY_TIMEOUT,0.694,0,23,Mobile,0,1,0,0,1
RP_FDC4A6BB,CUST_4970,239.42,CUSTOMER_ABANDONED,0.933,0,20,Mobile,0,0,0,1,0
RP_F4957876,CUST_8264,1231.08,CUSTOMER_ABANDONED,0.834,0,23,Mobile,0,0,1,1,0
RP_3D80DBD9,CUST_2577,324.16,INSUFFICIENT_FUNDS,0.933,2,1,Mobile,0,0,0,1,0
RP_C3359FEC,CUST_3274,151.12,INSUFFICIENT_FUNDS,0.804,0,12,Mobile,0,0,0,0,0
RP_FF16089A,CUST_5869,641.21,INSUFFICIENT_FUNDS,0.828,0,6,Desktop,0,0,0,0,1
RP_B14C20DB,CUST_7744,3561.15,CUSTOMER_ABANDONED,0.758,1,12,Mobile,0,0,0,1,1
RP_406E11BE,CUST_3426,1525.22,GATEWAY_TIMEOUT,0.777,0,13,Mobile,0,1,1,1,0
RP_110359BA,CUST_6546,206.63,CUSTOMER_ABANDONED,0.844,0,17,Desktop,0,0,0,0,1
RP_B69F4C84,CUST_7852,614.73,CUSTOMER_ABANDONED,0.722,0,13,Mobile,0,0,0,0,1
RP_40EF1EE1,CUST_3551,923.86,INSUFFICIENT_FUNDS,0.944,0,22,Mobile,0,0,0,1,0
RP_6EC7BD44,CUST_7411,144.47,GATEWAY_TIMEOUT,0.884,0,12,Mobile,0,1,1,1,0
RP_7CDA8D5B,CUST_1007,2580.68,INSUFFICIENT_FUNDS,0.527,0,18,Mobile,0,0,0,0,0
RP_22BDB56F,CUST_9087,833.4,GATEWAY_TIMEOUT,0.727,0,7,Mobile,0,0,0,0,0
RP_C22C4E54,CUST_3555,206.7,GATEWAY_TIMEOUT,0.887,0,3,Mobile,0,1,1,0,0
RP_1FF9409D,CUST_1475,193.14,GATEWAY_TIMEOUT,0.888,0,8,Mobile,0,1,1,0,0
RP_559665C0,CUST_6416,4108.43,GATEWAY_TIMEOUT,0.745,1,11,Mobile,0,0,1,0,0
RP_C4013686,CUST_9676,694.38,INSUFFICIENT_FUNDS,0.315,0,19,Mobile,0,0,0,0,0
RP_80FF43C7,CUST_8239,4575.28,CUSTOMER_ABANDONED,0.852,0,1,Desktop,0,0,0,0,1
RP_9CEA2B32,CUST_7710,7234.28,GATEWAY_TIMEOUT,0.753,0,3,Desktop,0,1,0,0,0
RP_9EC8E934,CUST_6000,3740.36,3D_SECURE_FAILED,0.914,0,20,Mobile,0,0,0,0,0
RP_9ADD77C2,CUST_5654,578.18,RISK_BLOCKED,0.796,0,23,Mobile,0,0,0,0,0
RP_B4C94940,CUST_9078,100.0,RISK_BLOCKED,0.455,1,18,Mobile,0,0,0,0,0
RP_37BF48E0,CUST_7063,1596.54,CUSTOMER_ABANDONED,0.775,0,8,Mobile,0,0,0,0,0
RP_B1ADF3B8,CUST_3285,13492.53,INSUFFICIENT_FUNDS,0.745,0,8,Mobile,0,0,0,1,1
RP_D36320D3,CUST_6223,1051.04,GATEWAY_TIMEOUT,0.744,0,10,Mobile,0,0,0,0,0
RP_6C9327FA,CUST_7971,100.71,CUSTOMER_ABANDONED,0.831,1,9,Desktop,0,0,0,1,0
RP_D1AF49ED,CUST_4525,487.92,CUSTOMER_ABANDONED,0.714,2,2,Mobile,0,0,0,0,0
RP_F4687BE8,CUST_3822,879.65,CUSTOMER_ABANDONED,0.743,0,7,Mobile,0,0,0,0,0
RP_92F9B7FA,CUST_5943,293.66,RISK_BLOCKED,0.841,0,21,Mobile,0,0,0,0,0
RP_2949F1D3,CUST_7530,100.0,INSUFFICIENT_FUNDS,0.698,0,10,Mobile,0,0,0,0,1
RP_3EE63DE6,CUST_1258,975.14,INSUFFICIENT_FUNDS,0.611,1,5,Mobile,0,0,0,0,0
RP_0C6BAE64,CUST_1282,427.58,GATEWAY_TIMEOUT,0.62,0,17,Mobile,0,1,1,0,0
RP_F1629B2B,CUST_2898,9202.5,GATEWAY_TIMEOUT,0.96,0,7,Desktop,0,1,0,0,0
RP_305C23C3,CUST_5135,1237.98,INSUFFICIENT_FUNDS,0.699,0,22,Mobile,0,0,0,0,0
RP_352A4582,CUST_7629,1926.57,CUSTOMER_ABANDONED,0.388,0,1,Mobile,0,0,0,0,1
RP_74A5F820,CUST_4200,950.6,CUSTOMER_ABANDONED,0.63,0,19,Desktop,0,0,0,0,1
RP_C9585FD8,CUST_6110,1227.19,INSUFFICIENT_FUNDS,0.826,0,4,Mobile,0,0,1,0,0
RP_E7EC18FF,CUST_8167,150.99,3D_SECURE_FAILED,0.853,1,9,Mobile,0,0,0,0,0
RP_C96D9545,CUST_1612,314.76,CUSTOMER_ABANDONED,0.424,0,17,Mobile,0,0,0,0,1
RP_9C991580,CUST_1687,4049.46,CUSTOMER_ABANDONED,0.625,0,11,Mobile,0,0,0,0,1
RP_653A976C,CUST_4690,1410.01,GATEWAY_TIMEOUT,0.606,0,22,Desktop,0,0,0,0,0
RP_AAEFA99C,CUST_9804,679.8,3D_SECURE_FAILED,0.779,0,20,Mobile,0,0,0,0,1
RP_63629F13,CUST_3307,1965.31,CUSTOMER_ABANDONED,0.71,0,1,Desktop,0,0,0,0,0
RP_2C56B47A,CUST_8133,2012.3,GATEWAY_TIMEOUT,0.515,1,9,Mobile,0,1,1,0,1
RP_79883ABB,CUST_7509,11957.02,GATEWAY_TIMEOUT,0.903,0,11,Mobile,0,0,0,0,0
RP_6D0B86A6,CUST_6906,1333.66,3D_SECURE_FAILED,0.675,1,18,Mobile,0,0,0,0,0
RP_F5827FC9,CUST_3591,306.43,GATEWAY_TIMEOUT,0.827,0,4,Mobile,0,0,1,0,0
RP_ACD39A76,CUST_8183,954.48,INSUFFICIENT_FUNDS,0.587,0,9,Desktop,0,0,0,1,0
RP_59ED9DAF,CUST_6248,2273.51,INSUFFICIENT_FUNDS,0.852,0,0,Desktop,0,0,0,1,1
RP_ECC39BEA,CUST_9766,3622.03,CUSTOMER_ABANDONED,0.801,2,6,Mobile,0,0,0,0,1
RP_21654908,CUST_6108,157.9,CUSTOMER_ABANDONED,0.812,0,0,Mobile,0,0,0,0,0
RP_D2274403,CUST_4604,1486.9,INSUFFICIENT_FUNDS,0.321,0,21,Mobile,0,0,0,0,0
RP_9C25E8A8,CUST_1669,373.64,INSUFFICIENT_FUNDS,0.606,0,21,Mobile,0,0,1,1,0
RP_5EAAC31A,CUST_5364,555.6,RISK_BLOCKED,0.743,0,16,Mobile,0,0,0,0,0
RP_6685E05B,CUST_8329,3026.03,CUSTOMER_ABANDONED,0.49,0,11,Mobile,0,0,0,0,1
RP_3C9F80CB,CUST_2283,2685.17,3D_SECURE_FAILED,0.505,0,6,Mobile,0,0,0,1,0
RP_09DA33AB,CUST_1923,486.0,INSUFFICIENT_FUNDS,0.66,1,7,Mobile,0,0,0,0,0
RP_BA7C6192,CUST_2125,907.41,GATEWAY_TIMEOUT,0.456,0,2,Mobile,0,0,0,0,0
RP_8EC9D805,CUST_2529,576.34,INSUFFICIENT_FUNDS,0.604,0,14,Mobile,0,0,1,1,0
RP_51004595,CUST_9438,35243.75,CUSTOMER_ABANDONED,0.836,2,11,Mobile,0,0,0,0,0
RP_21671222,CUST_4711,1531.54,GATEWAY_TIMEOUT,0.65,0,16,Desktop,0,0,0,0,0
RP_2A13F4D9,CUST_9004,400.46,GATEWAY_TIMEOUT,0.399,0,1,Mobile,0,1,1,0,0
RP_F5479747,CUST_7274,5359.36,GATEWAY_TIMEOUT,0.555,1,16,Mobile,0,1,0,0,0
RP_C82EEA54,CUST_4864,5591.22,INSUFFICIENT_FUNDS,0.788,0,3,Mobile,0,0,0,0,0
RP_3D974501,CUST_8833,9414.49,CUSTOMER_ABANDONED,0.587,0,6,Mobile,1,0,0,1,0
RP_6C4E757D,CUST_7788,13434.65,GATEWAY_TIMEOUT,0.606,0,14,Mobile,0,0,0,0,0
RP_278B6533,CUST_1226,2563.83,CUSTOMER_ABANDONED,0.801,0,20,Desktop,0,0,0,0,1
RP_FFB315E9,CUST_1264,720.67,3D_SECURE_FAILED,0.857,0,15,Mobile,0,0,0,1,0
RP_A49BCED6,CUST_1645,859.94,GATEWAY_TIMEOUT,0.648,0,5,Mobile,0,0,0,0,0
RP_3151C475,CUST_8544,772.41,CUSTOMER_ABANDONED,0.661,0,4,Mobile,0,0,0,0,1
RP_162ADF06,CUST_6569,675.53,RISK_BLOCKED,0.735,0,15,Mobile,0,0,0,0,0
RP_4AD0E2D4,CUST_3990,4855.78,RISK_BLOCKED,0.898,2,0,Desktop,0,0,0,0,0
RP_D4252365,CUST_3504,1097.58,GATEWAY_TIMEOUT,0.818,0,14,Desktop,0,0,0,0,0
RP_F10684F1,CUST_1587,3518.21,GATEWAY_TIMEOUT,0.758,1,19,Mobile,0,0,0,1,0
RP_A87DFBF0,CUST_5079,2469.62,GATEWAY_TIMEOUT,0.695,0,4,Mobile,0,1,0,0,0
RP_0D0772C3,CUST_4348,293.42,CUSTOMER_ABANDONED,0.897,0,12,Desktop,0,0,0,1,1
RP_6B8E9033,CUST_7299,139.68,CUSTOMER_ABANDONED,0.79,0,13,Mobile,0,0,0,0,1
RP_6815EADF,CUST_4831,248.64,CUSTOMER_ABANDONED,0.932,0,1,Mobile,0,0,0,1,1
RP_277B174B,CUST_9381,657.18,INSUFFICIENT_FUNDS,0.483,0,1,Mobile,0,0,0,1,1
RP_3FAEF913,CUST_2715,1288.45,GATEWAY_TIMEOUT,0.958,1,18,Desktop,0,1,0,0,0
RP_AE9D4B38,CUST_7450,503.73,CUSTOMER_ABANDONED,0.77,0,18,Mobile,0,0,0,1,0
RP_043A47CA,CUST_6433,2549.57,INSUFFICIENT_FUNDS,0.867,0,11,Mobile,0,0,1,0,0
RP_AD7E18DC,CUST_2098,582.18,CUSTOMER_ABANDONED,0.585,0,22,Mobile,0,0,0,0,1
RP_B839E0A6,CUST_8096,1492.71,INSUFFICIENT_FUNDS,0.98,0,16,Desktop,0,0,0,1,0
RP_CB2D0DA4,CUST_3326,1262.81,INSUFFICIENT_FUNDS,0.746,0,1,Mobile,0,0,0,0,0
RP_4155461B,CUST_7416,8789.56,GATEWAY_TIMEOUT,0.652,1,10,Desktop,0,1,0,0,0
RP_A2658250,CUST_7980,340.26,GATEWAY_TIMEOUT,0.484,0,16,Mobile,0,0,0,0,0
RP_D099F6AB,CUST_7763,15523.39,GATEWAY_TIMEOUT,0.847,0,13,Mobile,0,0,0,0,1
RP_75011B06,CUST_2674,537.42,GATEWAY_TIMEOUT,0.919,0,8,Mobile,0,0,0,0,0
RP_A3A1E052,CUST_8950,219.63,INSUFFICIENT_FUNDS,0.691,2,18,Mobile,0,0,0,0,0
RP_4F209E83,CUST_9915,845.31,GATEWAY_TIMEOUT,0.832,0,18,Mobile,0,0,0,0,1
RP_09DE7133,CUST_7049,53539.07,GATEWAY_TIMEOUT,0.974,0,0,Mobile,0,0,1,0,0
RP_AA73BBFA,CUST_2089,3210.71,CUSTOMER_ABANDONED,0.751,0,4,Mobile,0,0,0,0,0
RP_07892772,CUST_5578,2260.99,INSUFFICIENT_FUNDS,0.535,0,18,Desktop,0,0,0,0,0
RP_2D12695A,CUST_1155,2847.58,CUSTOMER_ABANDONED,0.96,1,1,Desktop,0,0,0,0,1
RP_7A9C6F3F,CUST_2958,435.5,CUSTOMER_ABANDONED,0.82,0,13,Mobile,0,0,0,0,0
RP_2B76A2CD,CUST_7344,1621.74,CUSTOMER_ABANDONED,0.556,1,18,Desktop,0,0,0,0,1
RP_D2892DA6,CUST_6779,1099.93,RISK_BLOCKED,0.622,0,23,Desktop,0,0,0,0,0
RP_46348590,CUST_7144,9613.08,GATEWAY_TIMEOUT,0.636,0,7,Mobile,0,1,0,0,0
RP_43A87939,CUST_6063,962.54,CUSTOMER_ABANDONED,0.513,0,16,Mobile,0,0,0,0,1
RP_062741D7,CUST_4830,696.5,RISK_BLOCKED,0.824,1,1,Mobile,0,0,0,0,0
RP_9E72B112,CUST_9831,271.03,3D_SECURE_FAILED,0.643,0,16,Mobile,0,0,0,0,0
RP_8F7F9A98,CUST_7659,1297.27,GATEWAY_TIMEOUT,0.672,0,7,Desktop,0,1,1,0,0
RP_3ED6B1AA,CUST_1441,1558.6,INSUFFICIENT_FUNDS,0.863,1,13,Mobile,0,0,0,0,0
RP_E2138F23,CUST_7040,259.33,GATEWAY_TIMEOUT,0.647,0,16,Mobile,0,0,0,0,0
RP_65C45F20,CUST_6925,1888.99,CUSTOMER_ABANDONED,0.579,0,5,Mobile,0,0,0,0,1
RP_B31E9E43,CUST_8358,1450.72,CUSTOMER_ABANDONED,0.747,2,10,Desktop,0,0,0,1,0
RP_5D0E77E5,CUST_5628,3700.17,INSUFFICIENT_FUNDS,0.866,0,7,Mobile,0,0,0,0,0
RP_499D9BA8,CUST_7370,4697.76,INSUFFICIENT_FUNDS,0.335,2,12,Mobile,0,0,0,0,0
RP_BBA1A133,CUST_1948,1227.99,CUSTOMER_ABANDONED,0.486,0,7,Mobile,0,0,0,0,0
RP_4E3904E3,CUST_9179,316.2,INSUFFICIENT_FUNDS,0.721,0,6,Desktop,0,0,1,0,0
RP_694D7937,CUST_7115,404.74,3D_SECURE_FAILED,0.852,0,23,Desktop,0,0,0,0,0
RP_94A56835,CUST_1459,9086.57,CUSTOMER_ABANDONED,0.607,0,23,Mobile,0,0,0,1,0
RP_600DDF9B,CUST_8568,1337.54,GATEWAY_TIMEOUT,0.912,0,2,Mobile,0,0,1,0,0
RP_E82CBAEA,CUST_5646,8914.06,CUSTOMER_ABANDONED,0.906,0,1,Mobile,0,0,0,1,1
RP_39732F68,CUST_1392,1994.85,GATEWAY_TIMEOUT,0.827,2,11,Desktop,0,0,0,0,1
RP_74D4717A,CUST_2787,2709.4,CUSTOMER_ABANDONED,0.604,1,3,Mobile,0,0,0,0,0
RP_87C5D6D7,CUST_8374,3382.83,RISK_BLOCKED,0.835,0,4,Desktop,0,0,0,0,0
RP_90038BA1,CUST_2138,252.71,3D_SECURE_FAILED,0.878,0,15,Mobile,0,0,0,0,0
RP_44BB85DE,CUST_5741,1585.0,INSUFFICIENT_FUNDS,0.926,0,1,Desktop,0,0,0,1,1
RP_1BB5A132,CUST_8418,248.54,GATEWAY_TIMEOUT,0.782,0,23,Mobile,0,1,0,0,0
RP_862B837A,CUST_7362,779.07,GATEWAY_TIMEOUT,0.785,1,23,Mobile,0,0,0,0,0
RP_FF4507AC,CUST_3454,2364.22,INSUFFICIENT_FUNDS,0.76,0,12,Mobile,0,0,0,0,0
RP_1E32247E,CUST_4674,320.41,GATEWAY_TIMEOUT,0.772,0,3,Mobile,0,1,1,1,1
RP_FE2B595F,CUST_2377,2145.66,INSUFFICIENT_FUNDS,0.617,0,4,Mobile,0,0,1,0,1
RP_B1497DB7,CUST_7701,181.63,GATEWAY_TIMEOUT,0.647,0,11,Mobile,1,0,0,0,0
RP_E8234390,CUST_3597,4324.21,INSUFFICIENT_FUNDS,0.534,0,14,Mobile,1,0,1,0,0
RP_F2D405FE,CUST_1141,494.07,GATEWAY_TIMEOUT,0.828,0,4,Mobile,0,0,0,1,1
RP_787C7D24,CUST_3659,319.72,RISK_BLOCKED,0.839,0,4,Mobile,0,0,0,0,0
RP_4320AA12,CUST_5596,195.89,CUSTOMER_ABANDONED,0.716,0,15,Mobile,0,0,0,0,1
RP_F7928240,CUST_6661,547.18,INSUFFICIENT_FUNDS,0.853,0,8,Desktop,0,0,0,0,0
RP_45308F19,CUST_7142,111.15,GATEWAY_TIMEOUT,0.929,1,14,Mobile,0,1,0,0,1
RP_AF345B64,CUST_6626,567.89,INSUFFICIENT_FUNDS,0.783,0,3,Mobile,0,0,0,0,0
RP_8E603C24,CUST_9787,4102.63,GATEWAY_TIMEOUT,0.699,0,16,Desktop,0,0,0,1,0
RP_800DCCC9,CUST_9472,874.41,INSUFFICIENT_FUNDS,0.407,0,23,Mobile,0,0,0,0,0
RP_6A90DBE1,CUST_1423,266.93,CUSTOMER_ABANDONED,0.825,0,0,Mobile,0,0,0,0,0
RP_A570EADA,CUST_7999,1438.73,CUSTOMER_ABANDONED,0.668,1,15,Mobile,0,0,0,0,0
RP_133FC7A2,CUST_5249,1293.98,CUSTOMER_ABANDONED,0.762,1,22,Mobile,0,0,0,0,0
RP_F343BF0C,CUST_2750,11475.07,INSUFFICIENT_FUNDS,0.886,2,19,Mobile,0,0,0,1,0
RP_1F3656D3,CUST_5757,2832.36,3D_SECURE_FAILED,0.875,2,16,Desktop,0,0,0,0,0
RP_3943CCC7,CUST_2967,1582.43,3D_SECURE_FAILED,0.772,1,3,Mobile,0,0,0,1,0
RP_4B8C99B6,CUST_5088,3248.93,INSUFFICIENT_FUNDS,0.45,0,22,Desktop,0,0,0,0,0
RP_01971DE1,CUST_5178,933.31,INSUFFICIENT_FUNDS,0.767,0,12,Desktop,0,0,0,1,1
RP_3C5738CF,CUST_8789,1001.75,INSUFFICIENT_FUNDS,0.262,0,7,Mobile,0,0,0,0,0
RP_79D7BBD0,CUST_3946,8028.3,GATEWAY_TIMEOUT,0.687,2,17,Mobile,1,0,0,0,0
RP_1FF0FBA5,CUST_6394,154.05,CUSTOMER_ABANDONED,0.682,0,12,Mobile,0,0,0,0,1
RP_F58AD836,CUST_8880,3503.56,INSUFFICIENT_FUNDS,0.857,0,8,Mobile,0,0,1,1,1
RP_BC82ED1D,CUST_6075,960.11,GATEWAY_TIMEOUT,0.854,2,4,Mobile,0,1,1,0,1
RP_8A70E517,CUST_8230,772.95,GATEWAY_TIMEOUT,0.597,0,10,Desktop,0,0,1,0,0
RP_9997D624,CUST_2531,564.83,INSUFFICIENT_FUNDS,0.344,0,13,Mobile,0,0,0,0,0
RP_FE966BB3,CUST_3990,1318.71,3D_SECURE_FAILED,0.706,1,23,Mobile,0,0,0,1,0
RP_0C922B8F,CUST_8155,1040.82,CUSTOMER_ABANDONED,0.849,1,17,Mobile,0,0,0,1,0
RP_2C7BDAB6,CUST_5493,666.71,CUSTOMER_ABANDONED,0.603,1,17,Desktop,0,0,0,0,0
RP_948F1A7B,CUST_1933,471.92,INSUFFICIENT_FUNDS,0.69,1,19,Mobile,0,0,0,1,0
RP_5A12AF86,CUST_2460,111.45,CUSTOMER_ABANDONED,0.33,0,15,Mobile,0,0,0,0,1
RP_08C26B99,CUST_3723,460.1,INSUFFICIENT_FUNDS,0.898,0,3,Desktop,0,0,0,1,0
RP_40233525,CUST_1285,593.03,CUSTOMER_ABANDONED,0.798,0,18,Mobile,0,0,0,0,1
RP_B600A6C2,CUST_1264,1314.85,GATEWAY_TIMEOUT,0.754,1,4,Mobile,0,0,0,0,0
RP_863FF422,CUST_7816,11564.59,INSUFFICIENT_FUNDS,0.683,0,1,Mobile,0,0,1,1,0
RP_E2099A3E,CUST_2762,523.67,GATEWAY_TIMEOUT,0.585,0,16,Mobile,0,0,0,0,1
RP_EF17E5B5,CUST_1040,321.03,INSUFFICIENT_FUNDS,0.994,0,3,Mobile,0,0,0,1,0
RP_D767402A,CUST_6827,465.26,RISK_BLOCKED,0.88,0,5,Mobile,0,0,0,0,0
RP_C28ECFEC,CUST_9259,1318.19,GATEWAY_TIMEOUT,0.684,0,21,Mobile,0,0,0,0,0
RP_3EC05F0B,CUST_1987,2222.44,INSUFFICIENT_FUNDS,0.633,1,17,Desktop,0,0,0,0,0
RP_13FA6574,CUST_8804,2628.09,INSUFFICIENT_FUNDS,0.728,0,5,Mobile,0,0,0,1,0
RP_496B573A,CUST_8789,2960.9,3D_SECURE_FAILED,0.8,0,19,Desktop,0,0,0,1,0
RP_622CBAE7,CUST_6717,3508.97,INSUFFICIENT_FUNDS,0.898,0,14,Mobile,0,0,1,0,0
RP_036FC01C,CUST_4198,784.73,CUSTOMER_ABANDONED,0.71,0,0,Mobile,0,0,0,1,0
RP_E4E1DB7E,CUST_6374,12884.34,3D_SECURE_FAILED,0.573,0,16,Mobile,0,0,0,0,0
RP_895B10CB,CUST_5790,716.43,INSUFFICIENT_FUNDS,0.731,0,1,Mobile,0,0,0,0,0
RP_0878A45A,CUST_8183,1250.39,INSUFFICIENT_FUNDS,0.642,2,3,Mobile,0,0,0,0,0
RP_DB141FAC,CUST_3524,5192.61,INSUFFICIENT_FUNDS,0.208,1,23,Mobile,0,0,0,0,0
RP_74494E9C,CUST_3479,2163.99,CUSTOMER_ABANDONED,0.758,1,2,Desktop,0,0,0,0,0
RP_287FC0EB,CUST_6154,100.0,GATEWAY_TIMEOUT,0.289,0,20,Desktop,0,1,0,0,0
RP_E9D9A5E8,CUST_1778,1104.07,INSUFFICIENT_FUNDS,0.863,1,2,Mobile,0,0,1,0,0
RP_9784B976,CUST_2492,3085.16,CUSTOMER_ABANDONED,0.867,1,23,Desktop,0,0,1,0,1
RP_A23F35CB,CUST_1660,218.73,CUSTOMER_ABANDONED,0.212,2,13,Mobile,0,0,0,0,0
RP_E487D958,CUST_2348,2699.53,INSUFFICIENT_FUNDS,0.565,0,19,Mobile,0,0,0,0,0
RP_69E5754D,CUST_8851,1751.42,INSUFFICIENT_FUNDS,0.746,0,7,Desktop,0,0,0,0,0
RP_9D77F4E9,CUST_8156,4540.1,GATEWAY_TIMEOUT,0.651,0,7,Mobile,0,1,0,0,0
RP_9407E76B,CUST_3044,478.03,INSUFFICIENT_FUNDS,0.462,2,8,Mobile,0,0,0,0,0
RP_4C569000,CUST_8368,3623.05,INSUFFICIENT_FUNDS,0.611,0,17,Mobile,0,0,0,0,0
RP_E04E1906,CUST_4516,1328.13,3D_SECURE_FAILED,0.922,0,6,Mobile,0,0,1,1,1
RP_8631696F,CUST_5577,9129.45,GATEWAY_TIMEOUT,0.87,0,9,Mobile,0,1,0,0,0
RP_CB107069,CUST_1727,31047.08,3D_SECURE_FAILED,0.791,1,0,Mobile,0,0,0,0,0
RP_A592B1C8,CUST_8468,6946.52,CUSTOMER_ABANDONED,0.769,2,3,Desktop,0,0,0,0,1
RP_489DEA00,CUST_1342,1952.02,GATEWAY_TIMEOUT,0.684,1,19,Mobile,0,0,1,0,0
RP_4D34136D,CUST_2447,17768.9,CUSTOMER_ABANDONED,0.614,1,3,Mobile,0,0,0,0,0
RP_2940B22D,CUST_7581,2262.38,GATEWAY_TIMEOUT,0.968,0,22,Desktop,0,1,1,0,1
RP_24E447B6,CUST_7317,368.88,RISK_BLOCKED,0.877,0,13,Mobile,0,0,0,0,0
RP_7E882700,CUST_1526,1046.15,3D_SECURE_FAILED,0.707,1,4,Mobile,0,0,0,0,1
RP_733D2685,CUST_7748,2735.33,GATEWAY_TIMEOUT,0.805,1,4,Desktop,0,0,1,0,0
RP_D866BD0D,CUST_1405,2954.68,GATEWAY_TIMEOUT,0.87,0,18,Desktop,0,0,1,0,0
RP_C07B8422,CUST_8986,284.2,INSUFFICIENT_FUNDS,0.646,0,20,Mobile,0,0,0,1,0
RP_82E559F9,CUST_4740,295.23,INSUFFICIENT_FUNDS,0.817,0,4,Desktop,0,0,0,1,0
RP_74278FAE,CUST_2846,728.09,INSUFFICIENT_FUNDS,0.834,0,23,Desktop,0,0,1,1,0
RP_348BC502,CUST_2478,2082.77,INSUFFICIENT_FUNDS,0.907,0,10,Mobile,0,0,1,0,0
RP_BD351850,CUST_1771,2428.61,CUSTOMER_ABANDONED,0.784,0,1,Mobile,0,0,0,0,1
RP_601621C9,CUST_6525,1299.28,GATEWAY_TIMEOUT,0.869,2,14,Mobile,0,0,0,0,0
RP_5A70CF2B,CUST_9770,402.9,CUSTOMER_ABANDONED,0.779,0,13,Mobile,0,0,0,1,1
RP_1769C0D1,CUST_1193,8816.07,CUSTOMER_ABANDONED,0.471,0,13,Mobile,0,0,1,0,0
RP_0DAA0BD9,CUST_3007,302.94,INSUFFICIENT_FUNDS,0.74,0,7,Desktop,0,0,1,1,0
RP_0C97EA20,CUST_2185,5233.36,3D_SECURE_FAILED,0.754,1,19,Mobile,0,0,1,0,0
RP_755F3D5D,CUST_3394,2661.35,GATEWAY_TIMEOUT,0.655,0,7,Mobile,0,1,0,0,0
RP_FBFDCDCB,CUST_5005,5096.96,GATEWAY_TIMEOUT,0.41,0,4,Mobile,0,0,1,0,0
RP_DF78CC20,CUST_8429,643.34,CUSTOMER_ABANDONED,0.924,0,4,Mobile,0,0,0,0,0
RP_8400A2FE,CUST_3261,924.1,INSUFFICIENT_FUNDS,0.641,0,13,Mobile,0,0,0,1,0
RP_655DAD3D,CUST_4736,1171.51,CUSTOMER_ABANDONED,0.793,0,4,Mobile,0,0,0,0,0
RP_4F5C74E4,CUST_7716,619.13,3D_SECURE_FAILED,0.862,0,8,Mobile,0,0,1,1,0
RP_7BCF99E1,CUST_5875,1437.0,RISK_BLOCKED,0.559,0,21,Mobile,0,0,0,0,0
RP_C08D832C,CUST_9921,7294.73,CUSTOMER_ABANDONED,0.65,0,10,Mobile,0,0,0,0,1
RP_E8F45820,CUST_5378,231.32,CUSTOMER_ABANDONED,0.801,0,16,Mobile,0,0,0,0,1
RP_2A5866F3,CUST_8815,498.37,GATEWAY_TIMEOUT,0.817,2,11,Mobile,0,1,1,0,0
RP_878AD187,CUST_4451,437.51,GATEWAY_TIMEOUT,0.644,1,11,Desktop,0,1,1,0,1
RP_6021F431,CUST_8616,979.16,CUSTOMER_ABANDONED,0.351,0,23,Mobile,0,0,0,0,0
RP_9218B371,CUST_3800,932.03,INSUFFICIENT_FUNDS,0.502,0,15,Mobile,0,0,1,0,1
RP_28FB8AED,CUST_9333,2770.48,INSUFFICIENT_FUNDS,0.469,0,0,Mobile,0,0,0,1,0
RP_B1EAEB4B,CUST_6410,1141.92,INSUFFICIENT_FUNDS,0.709,0,17,Mobile,0,0,0,0,0
RP_81CCF0EA,CUST_2455,1577.28,CUSTOMER_ABANDONED,0.856,2,5,Mobile,0,0,0,1,1
RP_EF133F92,CUST_7892,1768.94,GATEWAY_TIMEOUT,0.728,0,4,Mobile,0,1,0,0,1
RP_D707CDAC,CUST_6808,1472.16,CUSTOMER_ABANDONED,0.769,2,17,Mobile,0,0,0,1,0
RP_6951D132,CUST_7796,2550.32,GATEWAY_TIMEOUT,0.586,2,12,Mobile,0,0,1,0,0
RP_2EBCE2B2,CUST_5796,946.92,GATEWAY_TIMEOUT,0.789,0,5,Mobile,0,1,0,0,0
RP_BD03E87D,CUST_6093,7908.09,INSUFFICIENT_FUNDS,0.422,0,6,Mobile,0,0,1,0,0
RP_C708DEE4,CUST_2325,23154.49,GATEWAY_TIMEOUT,0.8,0,2,Mobile,0,1,1,0,0
RP_81693579,CUST_5976,2559.27,3D_SECURE_FAILED,0.692,0,10,Mobile,0,0,0,1,0
RP_506642A9,CUST_2159,1441.72,GATEWAY_TIMEOUT,0.277,1,7,Mobile,0,0,0,0,0
RP_25729C13,CUST_5650,2320.41,GATEWAY_TIMEOUT,0.693,0,3,Desktop,0,0,1,0,0
RP_91F6B9E8,CUST_5987,292.59,INSUFFICIENT_FUNDS,0.408,0,9,Mobile,0,0,0,0,1
RP_3A8EFCD2,CUST_5697,1361.21,INSUFFICIENT_FUNDS,0.846,2,8,Mobile,0,0,0,1,1
RP_22D48D0E,CUST_1340,455.96,GATEWAY_TIMEOUT,0.795,2,22,Mobile,0,1,0,0,0
RP_F265A184,CUST_4828,2022.26,GATEWAY_TIMEOUT,0.669,0,12,Mobile,0,0,1,0,0
RP_8F86BDC3,CUST_2968,458.69,RISK_BLOCKED,0.62,1,18,Desktop,0,0,0,0,0
RP_C767D0AF,CUST_1703,725.07,CUSTOMER_ABANDONED,0.768,0,14,Desktop,0,0,0,0,0
RP_E1E042BC,CUST_6482,116.01,INSUFFICIENT_FUNDS,0.826,1,4,Desktop,0,0,0,0,0
RP_6590AD72,CUST_7376,268.3,INSUFFICIENT_FUNDS,0.741,0,12,Mobile,0,0,0,0,0
RP_35373D6C,CUST_2800,1678.82,GATEWAY_TIMEOUT,0.543,2,11,Desktop,0,0,0,0,0
RP_5051A5D0,CUST_6463,386.6,INSUFFICIENT_FUNDS,0.399,0,8,Mobile,0,0,1,0,0
RP_0BD5EAC1,CUST_5912,3930.53,CUSTOMER_ABANDONED,0.799,0,23,Mobile,0,0,0,0,1
RP_29B034DD,CUST_5648,349.09,3D_SECURE_FAILED,0.74,0,7,Mobile,0,0,0,0,0
RP_84F2E155,CUST_1855,1889.19,GATEWAY_TIMEOUT,0.858,0,8,Desktop,0,0,0,0,0
RP_71BDAE3B,CUST_3866,439.55,CUSTOMER_ABANDONED,0.414,0,20,Mobile,0,0,0,0,1
RP_43F97A6C,CUST_1182,1741.61,GATEWAY_TIMEOUT,0.714,1,12,Desktop,0,0,0,0,0
RP_CCD01605,CUST_4112,173.86,GATEWAY_TIMEOUT,0.763,1,8,Mobile,0,0,0,0,0
RP_FF8734A2,CUST_6670,636.62,GATEWAY_TIMEOUT,0.539,1,5,Desktop,0,1,1,0,1
RP_C4658F5E,CUST_5492,397.24,GATEWAY_TIMEOUT,0.634,1,5,Mobile,0,1,0,0,0
RP_9DE4E426,CUST_6823,3164.91,3D_SECURE_FAILED,0.509,2,10,Mobile,1,0,0,0,0
RP_93430DA9,CUST_2517,1909.73,INSUFFICIENT_FUNDS,0.984,1,9,Desktop,0,0,0,1,0
RP_9C11E776,CUST_6002,249.86,GATEWAY_TIMEOUT,0.509,0,13,Mobile,0,0,0,0,0
RP_2B882748,CUST_2356,859.36,RISK_BLOCKED,0.612,1,5,Mobile,0,0,0,0,0
RP_B0014679,CUST_4629,434.08,3D_SECURE_FAILED,0.849,0,6,Desktop,0,1,0,0,1
RP_7A29ECF0,CUST_4628,3429.98,CUSTOMER_ABANDONED,0.576,2,8,Desktop,0,0,1,0,0
RP_97D77425,CUST_9210,5043.37,3D_SECURE_FAILED,0.324,0,2,Mobile,0,0,0,1,0
RP_1B293316,CUST_7132,194.42,GATEWAY_TIMEOUT,0.763,0,11,Mobile,0,1,0,0,0
RP_2D2791AD,CUST_7588,2957.33,CUSTOMER_ABANDONED,0.87,0,15,Mobile,0,0,0,0,0
RP_25368DA5,CUST_4311,408.32,CUSTOMER_ABANDONED,0.451,0,12,Mobile,0,0,0,0,1
RP_F437FF04,CUST_7048,809.57,3D_SECURE_FAILED,0.852,0,5,Mobile,0,0,0,1,0
RP_E5E548F0,CUST_7246,1139.91,CUSTOMER_ABANDONED,0.687,2,12,Mobile,0,0,0,0,0
RP_D3B1D728,CUST_1987,9700.45,INSUFFICIENT_FUNDS,0.829,0,4,Mobile,0,0,0,1,1
RP_E1751ADD,CUST_4321,328.78,CUSTOMER_ABANDONED,0.926,0,3,Mobile,0,0,0,0,0
RP_CFED1683,CUST_5615,2986.03,GATEWAY_TIMEOUT,0.944,0,7,Mobile,0,1,0,0,0
RP_6506207C,CUST_9365,268.86,INSUFFICIENT_FUNDS,0.583,0,2,Mobile,0,0,0,0,0
RP_00CB66DC,CUST_4741,247.47,GATEWAY_TIMEOUT,0.896,0,1,Mobile,0,0,1,0,0
RP_7E630225,CUST_4052,1134.74,3D_SECURE_FAILED,0.846,0,19,Mobile,0,0,0,0,1
RP_13BC9177,CUST_7574,1125.6,GATEWAY_TIMEOUT,0.655,0,18,Mobile,0,1,0,0,0
RP_351CC5C9,CUST_1726,100.0,INSUFFICIENT_FUNDS,0.852,0,6,Desktop,0,0,1,0,0
RP_51BE8B30,CUST_4760,4409.5,INSUFFICIENT_FUNDS,0.778,0,11,Desktop,0,0,1,1,0
RP_A087BF28,CUST_6806,100.0,RISK_BLOCKED,0.916,1,3,Mobile,0,0,0,0,0
RP_3B55ED46,CUST_2875,920.46,INSUFFICIENT_FUNDS,0.601,0,9,Mobile,0,0,0,1,0
RP_939EE5EA,CUST_7993,5394.52,CUSTOMER_ABANDONED,0.894,0,8,Mobile,0,0,0,0,1
RP_855232C0,CUST_5033,15537.64,3D_SECURE_FAILED,0.829,0,11,Desktop,0,0,0,1,1
RP_1B935290,CUST_6443,709.34,INSUFFICIENT_FUNDS,0.886,0,10,Mobile,0,0,0,0,0
RP_5B48B8CE,CUST_1989,196.46,INSUFFICIENT_FUNDS,0.532,0,20,Mobile,0,0,1,1,0
RP_1143DFE3,CUST_4744,5159.82,CUSTOMER_ABANDONED,0.488,0,18,Mobile,1,0,0,0,0
RP_5B931954,CUST_9611,3097.0,3D_SECURE_FAILED,0.671,2,1,Mobile,0,0,0,0,0
RP_B5752746,CUST_1593,609.85,CUSTOMER_ABANDONED,0.612,0,5,Desktop,0,0,0,1,0
RP_D6816743,CUST_2774,523.8,GATEWAY_TIMEOUT,0.322,0,5,Desktop,0,1,1,0,0
RP_0CC63B44,CUST_1935,463.65,3D_SECURE_FAILED,0.472,0,0,Mobile,0,0,0,0,0
RP_1B260E29,CUST_4808,725.24,INSUFFICIENT_FUNDS,0.782,0,6,Mobile,0,0,1,0,0
RP_EF387D3E,CUST_1331,1602.44,CUSTOMER_ABANDONED,0.551,0,11,Mobile,0,0,0,0,0
RP_8759837E,CUST_8922,556.01,CUSTOMER_ABANDONED,0.875,0,20,Mobile,0,0,0,0,1
RP_0509D185,CUST_3702,647.1,GATEWAY_TIMEOUT,0.941,2,22,Mobile,0,0,0,0,0
RP_206D120A,CUST_6889,2367.37,CUSTOMER_ABANDONED,0.833,0,11,Mobile,0,0,0,0,0
RP_8F8AFDFB,CUST_6054,185.14,CUSTOMER_ABANDONED,0.823,0,19,Mobile,0,0,0,0,0
RP_5515CDA3,CUST_4868,698.46,3D_SECURE_FAILED,0.575,1,20,Mobile,0,0,0,0,0
RP_2B8313C0,CUST_5200,146.77,GATEWAY_TIMEOUT,0.963,0,22,Desktop,0,1,1,0,0
RP_69D3B7CC,CUST_1201,1249.0,INSUFFICIENT_FUNDS,0.595,0,5,Mobile,0,0,1,0,0
RP_47A30C7D,CUST_3497,106.99,CUSTOMER_ABANDONED,0.788,0,13,Mobile,0,0,0,0,1
RP_12759C18,CUST_2842,3190.75,GATEWAY_TIMEOUT,0.592,0,16,Mobile,0,0,1,0,0
RP_1C33EA74,CUST_5658,226.43,GATEWAY_TIMEOUT,0.851,1,16,Mobile,0,0,0,0,0
RP_DA18B490,CUST_8544,130.7,RISK_BLOCKED,0.662,0,17,Mobile,0,0,0,0,0
RP_12F767EA,CUST_8718,708.86,GATEWAY_TIMEOUT,0.577,0,12,Mobile,0,1,0,0,0
RP_EF37B510,CUST_1770,8546.94,RISK_BLOCKED,0.934,1,12,Mobile,0,0,0,0,0
RP_5F107D02,CUST_4155,2574.55,GATEWAY_TIMEOUT,0.758,0,10,Mobile,0,0,1,0,0
RP_1CEA6F6E,CUST_2628,109.2,INSUFFICIENT_FUNDS,0.474,0,2,Mobile,0,0,0,0,0
RP_FCBD93FC,CUST_1386,218.82,CUSTOMER_ABANDONED,0.854,0,16,Mobile,0,0,0,0,1
RP_F6023DAF,CUST_7031,682.17,CUSTOMER_ABANDONED,0.606,1,1,Mobile,0,0,0,0,1
RP_C597B140,CUST_7439,16091.14,CUSTOMER_ABANDONED,0.959,1,1,Mobile,0,0,0,1,1
RP_78F76F9C,CUST_7401,355.4,INSUFFICIENT_FUNDS,0.745,0,6,Mobile,0,0,0,0,0
RP_A68EF3AD,CUST_5008,358.86,CUSTOMER_ABANDONED,0.815,1,21,Desktop,0,0,0,0,1
RP_AA83158B,CUST_3466,6856.25,GATEWAY_TIMEOUT,0.847,1,9,Mobile,0,1,0,0,0
RP_1716BDBB,CUST_3282,1385.6,INSUFFICIENT_FUNDS,0.424,2,13,Mobile,0,0,0,0,0
RP_C23F8435,CUST_2856,3880.04,GATEWAY_TIMEOUT,0.614,0,20,Desktop,0,0,0,0,0
RP_62FA64E5,CUST_8980,458.28,CUSTOMER_ABANDONED,0.633,1,18,Mobile,0,0,0,0,0
RP_1DB7DB47,CUST_2998,970.72,GATEWAY_TIMEOUT,0.674,0,16,Mobile,0,1,1,0,0
RP_7900A583,CUST_6476,5317.5,INSUFFICIENT_FUNDS,0.795,1,15,Mobile,0,0,0,0,0
RP_AD6065FA,CUST_5669,921.67,INSUFFICIENT_FUNDS,0.667,0,16,Mobile,0,0,0,0,0
RP_C5596A4F,CUST_5318,4220.31,GATEWAY_TIMEOUT,0.466,0,17,Mobile,0,1,1,0,0
RP_D186E878,CUST_8064,1745.37,GATEWAY_TIMEOUT,0.726,1,10,Mobile,0,1,0,0,0
RP_2F6E4F38,CUST_8446,314.96,CUSTOMER_ABANDONED,0.503,1,18,Desktop,0,0,0,0,0
RP_93A74B1C,CUST_2431,1075.37,INSUFFICIENT_FUNDS,0.858,0,10,Mobile,0,0,1,0,0
RP_5E74B26B,CUST_6624,3560.52,3D_SECURE_FAILED,0.91,0,9,Mobile,0,0,0,1,0
RP_702B885B,CUST_8461,2448.67,CUSTOMER_ABANDONED,0.61,0,13,Desktop,0,0,0,0,1
RP_DBC23BB7,CUST_2819,1044.92,GATEWAY_TIMEOUT,0.751,0,13,Mobile,1,0,1,0,0
RP_00DE77D4,CUST_2130,113.29,CUSTOMER_ABANDONED,0.808,0,9,Desktop,0,0,0,0,0
RP_0A65F6FA,CUST_7563,127.08,GATEWAY_TIMEOUT,0.86,0,20,Mobile,0,1,0,0,0
RP_C19387BF,CUST_3658,164.03,CUSTOMER_ABANDONED,0.684,0,22,Mobile,0,0,0,0,1
RP_1A657713,CUST_4500,594.35,RISK_BLOCKED,0.821,0,3,Mobile,0,0,0,0,0
RP_178638D8,CUST_9566,697.47,INSUFFICIENT_FUNDS,0.336,0,9,Desktop,0,0,0,0,1
RP_604EBD6E,CUST_3120,186.7,CUSTOMER_ABANDONED,0.657,2,5,Mobile,0,0,0,0,1
RP_403FF574,CUST_5020,3740.65,GATEWAY_TIMEOUT,0.728,0,21,Mobile,0,0,0,0,0
RP_A87C7960,CUST_4259,240.68,INSUFFICIENT_FUNDS,0.351,0,10,Mobile,0,0,0,0,0
RP_4727967B,CUST_2823,211.73,3D_SECURE_FAILED,0.682,1,17,Mobile,0,0,0,0,0
RP_342EFA89,CUST_2474,1219.12,GATEWAY_TIMEOUT,0.688,0,5,Mobile,0,1,0,0,0
RP_D275A361,CUST_3242,3528.7,GATEWAY_TIMEOUT,0.839,0,20,Mobile,0,1,1,1,0
RP_A64F2834,CUST_4243,12910.88,INSUFFICIENT_FUNDS,0.311,0,14,Mobile,0,0,0,0,0
RP_D19DADD6,CUST_7990,2206.26,CUSTOMER_ABANDONED,0.582,0,5,Mobile,0,0,0,1,0
RP_9D75E02A,CUST_6160,7301.21,INSUFFICIENT_FUNDS,0.759,0,19,Mobile,0,0,1,1,0
RP_7237E5B3,CUST_4134,256.09,3D_SECURE_FAILED,0.729,0,0,Mobile,0,1,0,1,0
RP_E7A8D1B2,CUST_3070,14642.55,GATEWAY_TIMEOUT,0.857,2,8,Mobile,0,0,1,0,0
RP_71025E5E,CUST_1359,117.47,INSUFFICIENT_FUNDS,0.774,0,13,Mobile,0,0,1,0,0
RP_8FAC81DD,CUST_2141,599.08,CUSTOMER_ABANDONED,0.943,1,2,Mobile,0,0,0,1,1
RP_4AB38C5B,CUST_2635,2149.05,GATEWAY_TIMEOUT,0.599,0,0,Desktop,0,0,1,0,0
RP_FD34CF2B,CUST_5000,159.77,CUSTOMER_ABANDONED,0.738,0,13,Desktop,0,0,0,0,0
RP_FC8662C5,CUST_4361,360.52,GATEWAY_TIMEOUT,0.972,0,13,Mobile,0,1,1,0,1
RP_B0608B97,CUST_7583,297.94,GATEWAY_TIMEOUT,0.549,0,3,Mobile,0,1,0,0,0
RP_A7A0D704,CUST_8835,755.77,GATEWAY_TIMEOUT,0.766,1,13,Mobile,0,0,0,0,0
RP_D9F89C85,CUST_1006,6038.43,3D_SECURE_FAILED,0.77,0,22,Desktop,0,0,0,0,0
RP_56D8C745,CUST_4267,1119.0,CUSTOMER_ABANDONED,0.811,0,3,Desktop,0,0,0,1,0
RP_D4A28F0A,CUST_7564,629.12,CUSTOMER_ABANDONED,0.915,0,10,Mobile,0,0,0,0,1
RP_75AA1131,CUST_5928,100.0,INSUFFICIENT_FUNDS,0.758,0,19,Desktop,0,0,1,0,0
RP_557C721A,CUST_3606,1920.05,CUSTOMER_ABANDONED,0.757,1,8,Desktop,0,0,0,1,1
RP_93C9264B,CUST_6906,2829.96,INSUFFICIENT_FUNDS,0.694,1,10,Mobile,0,1,0,0,1
RP_1FFBCA35,CUST_4273,142.59,3D_SECURE_FAILED,0.748,1,14,Mobile,0,0,0,0,0
RP_5765FA38,CUST_8611,1011.95,CUSTOMER_ABANDONED,0.869,0,5,Mobile,0,0,0,0,0
RP_4562EC38,CUST_1913,1382.45,CUSTOMER_ABANDONED,0.917,0,11,Mobile,0,0,0,0,1
RP_B778D22A,CUST_3011,3489.53,GATEWAY_TIMEOUT,0.717,0,12,Mobile,0,1,1,0,1
RP_94C8A832,CUST_2442,459.56,INSUFFICIENT_FUNDS,0.913,0,17,Mobile,0,0,0,1,0
RP_0EE78E39,CUST_6546,383.59,INSUFFICIENT_FUNDS,0.645,0,22,Mobile,0,0,0,0,1
RP_8BA0299F,CUST_2829,634.1,3D_SECURE_FAILED,0.73,2,22,Desktop,0,0,0,0,0
RP_18282128,CUST_9767,5122.12,GATEWAY_TIMEOUT,0.88,2,13,Desktop,0,1,1,0,1
RP_6A1F97F4,CUST_7468,3837.65,GATEWAY_TIMEOUT,0.72,2,23,Mobile,0,1,0,0,0
RP_8F7E41BD,CUST_1929,1068.9,INSUFFICIENT_FUNDS,0.523,0,10,Desktop,0,0,0,0,0
RP_3147532E,CUST_4699,3728.39,GATEWAY_TIMEOUT,0.85,0,23,Mobile,0,1,0,0,0
RP_A741EB66,CUST_2054,100.0,GATEWAY_TIMEOUT,0.827,1,1,Mobile,0,1,0,0,0
RP_FE1AA624,CUST_6744,2835.53,3D_SECURE_FAILED,0.413,1,18,Mobile,0,0,0,0,0
RP_905F31B4,CUST_2900,286.43,CUSTOMER_ABANDONED,0.669,1,1,Mobile,0,0,0,1,0
RP_EA46DC03,CUST_7980,9140.13,3D_SECURE_FAILED,0.696,0,16,Mobile,0,0,0,0,0
RP_6BF34887,CUST_8069,305.79,CUSTOMER_ABANDONED,0.805,1,22,Desktop,0,0,0,0,0
RP_D0B683B9,CUST_4415,394.13,GATEWAY_TIMEOUT,0.335,0,7,Mobile,0,1,0,0,0
RP_4B49B1AB,CUST_1442,2153.63,INSUFFICIENT_FUNDS,0.886,0,4,Mobile,0,0,0,1,0
RP_D26F2777,CUST_7218,2418.12,GATEWAY_TIMEOUT,0.495,1,10,Mobile,0,0,0,1,0
RP_F928D51C,CUST_5652,641.88,3D_SECURE_FAILED,0.949,0,19,Desktop,0,0,0,0,0
RP_EB67FF9B,CUST_8939,1712.46,INSUFFICIENT_FUNDS,0.412,0,0,Mobile,0,0,0,0,0
RP_6CFCCFC8,CUST_8833,1987.15,INSUFFICIENT_FUNDS,0.761,0,19,Mobile,0,0,1,1,0
RP_91AD31C4,CUST_8597,1757.66,INSUFFICIENT_FUNDS,0.571,0,15,Desktop,0,0,0,0,0
RP_4AB03880,CUST_5458,674.88,INSUFFICIENT_FUNDS,0.958,0,4,Mobile,0,0,0,0,0
RP_2CB79AD9,CUST_7591,2010.73,GATEWAY_TIMEOUT,0.433,0,15,Desktop,0,0,0,1,0
RP_70644109,CUST_3309,5929.2,INSUFFICIENT_FUNDS,0.852,0,23,Mobile,0,0,1,1,0
RP_D300DC31,CUST_7268,252.0,CUSTOMER_ABANDONED,0.831,0,4,Desktop,0,0,0,0,0
RP_C90A9F60,CUST_1910,400.19,CUSTOMER_ABANDONED,0.846,1,9,Desktop,0,0,0,0,1
RP_D1F8E948,CUST_5340,1133.09,INSUFFICIENT_FUNDS,0.719,0,8,Desktop,0,0,1,0,0
RP_2B874BE9,CUST_5009,308.75,INSUFFICIENT_FUNDS,0.424,1,21,Mobile,0,0,0,0,0
RP_B765F184,CUST_7628,125.95,3D_SECURE_FAILED,0.672,0,23,Mobile,0,0,0,0,0
RP_07FA126F,CUST_3169,4071.42,GATEWAY_TIMEOUT,0.658,0,18,Mobile,0,1,0,0,0
RP_1A605159,CUST_3172,100.0,3D_SECURE_FAILED,0.462,0,2,Mobile,0,0,0,1,1
RP_5078904B,CUST_6668,676.64,GATEWAY_TIMEOUT,0.694,0,8,Mobile,0,1,0,1,1
RP_28C7651C,CUST_7313,2726.39,CUSTOMER_ABANDONED,0.641,1,21,Mobile,1,0,0,1,1
RP_915948F3,CUST_9315,1510.26,CUSTOMER_ABANDONED,0.668,0,19,Mobile,0,0,0,1,1
RP_0817A619,CUST_9036,689.04,CUSTOMER_ABANDONED,0.931,2,7,Mobile,0,0,0,0,0
RP_DBF1B2B9,CUST_7789,293.85,3D_SECURE_FAILED,0.691,0,3,Mobile,0,0,0,0,0
RP_5F964BE0,CUST_1785,1656.8,GATEWAY_TIMEOUT,0.367,2,10,Mobile,0,0,0,0,0
RP_EFF41F90,CUST_7139,334.93,INSUFFICIENT_FUNDS,0.948,0,3,Mobile,0,0,1,1,0
RP_CEAFF1DE,CUST_7344,1508.87,INSUFFICIENT_FUNDS,0.68,0,11,Mobile,0,0,0,0,0
RP_C9923D36,CUST_3416,1298.68,CUSTOMER_ABANDONED,0.963,0,22,Desktop,0,0,0,0,0
RP_91618EF0,CUST_9988,1314.54,GATEWAY_TIMEOUT,0.91,0,6,Desktop,0,0,0,0,0
RP_B8E08BA6,CUST_5154,508.58,CUSTOMER_ABANDONED,0.859,0,7,Mobile,0,0,0,0,1
RP_9A384688,CUST_6619,12607.04,INSUFFICIENT_FUNDS,0.687,0,9,Desktop,0,0,1,0,0
RP_641054C2,CUST_2936,1685.55,GATEWAY_TIMEOUT,0.602,0,22,Mobile,0,0,0,0,0
RP_C918E683,CUST_4807,784.89,CUSTOMER_ABANDONED,0.503,1,23,Desktop,0,0,0,0,0
RP_75F951A5,CUST_8151,1505.87,GATEWAY_TIMEOUT,0.529,1,12,Desktop,0,0,1,0,0
RP_C2E2A778,CUST_4236,432.96,INSUFFICIENT_FUNDS,0.893,0,23,Mobile,0,0,0,0,1
RP_1B5D52B4,CUST_3352,689.82,GATEWAY_TIMEOUT,0.786,0,13,Mobile,0,1,1,0,1
RP_F7506B11,CUST_2932,19347.22,INSUFFICIENT_FUNDS,0.749,0,15,Mobile,0,0,0,1,0
RP_22EB7BE4,CUST_9556,436.65,CUSTOMER_ABANDONED,0.758,1,6,Mobile,0,0,0,0,0
RP_23FEC33A,CUST_5916,998.92,CUSTOMER_ABANDONED,0.766,0,15,Mobile,0,0,0,0,0
RP_C0CFD6E8,CUST_6498,634.4,INSUFFICIENT_FUNDS,0.427,0,16,Mobile,0,0,1,0,0
RP_FBEE96ED,CUST_1946,314.96,INSUFFICIENT_FUNDS,0.759,0,19,Mobile,0,0,0,0,0
RP_4983D4C0,CUST_2439,1817.65,GATEWAY_TIMEOUT,0.958,0,18,Mobile,0,1,1,0,0
RP_4E3FFE90,CUST_8730,1145.69,INSUFFICIENT_FUNDS,0.538,0,11,Mobile,0,0,1,1,1
RP_970AEB0B,CUST_5857,3272.25,RISK_BLOCKED,0.53,0,8,Mobile,0,0,0,0,0
RP_23260C7D,CUST_1340,2900.66,3D_SECURE_FAILED,0.736,0,7,Mobile,0,0,0,1,0
RP_C8EFA13F,CUST_1382,3231.98,GATEWAY_TIMEOUT,0.598,0,8,Mobile,0,0,0,0,0
RP_B7F07EBC,CUST_9491,364.36,GATEWAY_TIMEOUT,0.817,0,4,Mobile,0,0,1,1,0
RP_B2982A74,CUST_1138,2366.47,3D_SECURE_FAILED,0.63,0,20,Mobile,0,0,0,0,0
RP_B5AE0199,CUST_1358,2436.52,INSUFFICIENT_FUNDS,0.759,0,9,Mobile,0,0,0,0,0
RP_0D4CFB4B,CUST_5931,322.06,INSUFFICIENT_FUNDS,0.886,0,4,Mobile,0,0,1,0,0
RP_568CA006,CUST_4456,748.19,CUSTOMER_ABANDONED,0.815,0,13,Mobile,0,0,0,0,1
RP_FD3FEE6E,CUST_2627,191.07,INSUFFICIENT_FUNDS,0.818,0,17,Mobile,0,0,1,1,0
RP_044CB7D1,CUST_7626,2449.27,INSUFFICIENT_FUNDS,0.486,0,6,Desktop,0,0,0,0,0
RP_AB6FBE01,CUST_6004,2435.79,RISK_BLOCKED,0.695,0,7,Mobile,0,0,0,0,0
RP_E50D6106,CUST_7652,6102.39,CUSTOMER_ABANDONED,0.946,1,4,Mobile,0,0,0,0,1
RP_9839B4D8,CUST_7416,833.34,GATEWAY_TIMEOUT,0.837,0,23,Desktop,0,0,0,0,0
RP_22442885,CUST_4170,1885.15,GATEWAY_TIMEOUT,0.874,0,5,Desktop,0,1,1,0,0
RP_AD6D9500,CUST_4835,3587.76,GATEWAY_TIMEOUT,0.921,0,19,Desktop,0,1,1,1,0
RP_4A096106,CUST_9017,443.78,CUSTOMER_ABANDONED,0.916,0,22,Mobile,0,0,0,0,1
RP_3D606C68,CUST_3151,369.76,GATEWAY_TIMEOUT,0.86,2,23,Mobile,0,1,0,1,0
RP_DEAAB452,CUST_7905,460.6,GATEWAY_TIMEOUT,0.358,1,8,Desktop,0,0,0,0,0
RP_0EE5276B,CUST_3834,721.15,3D_SECURE_FAILED,0.645,0,20,Mobile,0,0,0,0,0
RP_4F8456A7,CUST_3567,385.81,GATEWAY_TIMEOUT,0.958,0,8,Mobile,0,1,1,0,0
RP_666518CF,CUST_2307,485.03,GATEWAY_TIMEOUT,0.527,1,7,Mobile,0,0,0,0,0
RP_50AEFFC1,CUST_9848,3156.12,GATEWAY_TIMEOUT,0.687,1,16,Mobile,0,0,0,0,0
RP_CB9D842B,CUST_3660,976.9,GATEWAY_TIMEOUT,0.529,0,23,Mobile,0,1,0,0,1
RP_FF2F55DA,CUST_4730,1584.52,INSUFFICIENT_FUNDS,0.573,0,7,Mobile,0,0,0,0,0
RP_8AE97AE0,CUST_7207,566.31,3D_SECURE_FAILED,0.644,1,22,Desktop,0,0,0,0,0
RP_EF393705,CUST_4162,523.41,3D_SECURE_FAILED,0.917,1,0,Mobile,1,0,0,0,0
RP_67C11C82,CUST_2140,1544.83,INSUFFICIENT_FUNDS,0.763,0,21,Mobile,0,0,0,1,0
RP_F98CD689,CUST_9458,1275.73,INSUFFICIENT_FUNDS,0.76,0,17,Mobile,0,0,1,0,0
RP_15E72AF2,CUST_2708,2789.41,CUSTOMER_ABANDONED,0.765,0,14,Desktop,0,0,0,0,0
RP_B9E3ABB7,CUST_4630,5228.67,GATEWAY_TIMEOUT,0.746,0,21,Mobile,0,0,0,0,0
RP_1B1C83E7,CUST_4211,478.33,GATEWAY_TIMEOUT,0.433,0,15,Mobile,1,1,0,0,0
RP_735BEB79,CUST_7538,3082.27,3D_SECURE_FAILED,0.302,0,1,Mobile,0,0,0,0,0
RP_D02DDEA2,CUST_1475,300.14,GATEWAY_TIMEOUT,0.687,1,12,Mobile,0,0,0,0,0
RP_E8C512B7,CUST_8684,13207.42,GATEWAY_TIMEOUT,0.793,0,1,Mobile,0,0,0,0,0
RP_7A9DA59D,CUST_2207,426.85,INSUFFICIENT_FUNDS,0.835,0,13,Mobile,0,0,0,1,0
RP_14A86C56,CUST_2960,2511.8,INSUFFICIENT_FUNDS,0.758,1,6,Desktop,0,0,1,0,0
RP_D3C60C18,CUST_1557,297.47,GATEWAY_TIMEOUT,0.755,0,10,Mobile,0,1,1,0,0
RP_5D798E0E,CUST_1882,913.69,GATEWAY_TIMEOUT,0.404,1,14,Mobile,0,0,0,0,0
RP_3DB12B58,CUST_5761,7008.51,INSUFFICIENT_FUNDS,0.593,1,16,Mobile,0,0,0,0,0
RP_0B2E4C3C,CUST_6867,411.07,CUSTOMER_ABANDONED,0.582,0,20,Mobile,0,0,0,0,0
RP_77901A4E,CUST_7963,15444.73,GATEWAY_TIMEOUT,0.882,0,16,Mobile,0,0,1,0,0
RP_BD731FB4,CUST_8166,1089.71,INSUFFICIENT_FUNDS,0.36,1,14,Mobile,0,1,0,0,0
RP_A4857C89,CUST_8929,3536.37,CUSTOMER_ABANDONED,0.76,0,15,Mobile,0,0,0,0,0
RP_A95F9CC0,CUST_6347,1778.51,3D_SECURE_FAILED,0.743,0,8,Desktop,0,0,0,0,0
RP_7BFEE989,CUST_8269,1897.8,INSUFFICIENT_FUNDS,0.735,1,20,Mobile,0,0,0,0,0
RP_43E1D31C,CUST_9125,198.08,GATEWAY_TIMEOUT,0.758,0,20,Mobile,0,0,0,0,0
RP_F404387F,CUST_3454,621.77,INSUFFICIENT_FUNDS,0.441,0,19,Mobile,0,0,0,0,0
RP_F93EC1E4,CUST_5494,4606.26,CUSTOMER_ABANDONED,0.901,0,18,Mobile,0,0,0,0,1
RP_BADB5175,CUST_2946,725.47,GATEWAY_TIMEOUT,0.86,0,23,Mobile,0,1,1,0,0
RP_872778E8,CUST_3808,1295.43,INSUFFICIENT_FUNDS,0.881,0,22,Mobile,0,0,0,1,1
RP_D8260E45,CUST_7642,171.24,GATEWAY_TIMEOUT,0.744,0,8,Mobile,0,1,1,0,0
RP_80C6AD6E,CUST_4825,575.31,GATEWAY_TIMEOUT,0.902,0,5,Mobile,0,1,1,0,0
RP_F3A6B843,CUST_4536,4220.24,INSUFFICIENT_FUNDS,0.755,0,0,Mobile,0,0,1,0,0
RP_305012EB,CUST_7068,235.3,GATEWAY_TIMEOUT,0.986,1,4,Mobile,0,1,0,0,1
RP_86B48E5A,CUST_4802,2592.8,CUSTOMER_ABANDONED,0.525,0,4,Mobile,0,0,0,0,0
RP_ACC1713A,CUST_5699,1357.41,CUSTOMER_ABANDONED,0.662,0,22,Mobile,0,0,0,0,0
RP_562F6038,CUST_2970,826.21,INSUFFICIENT_FUNDS,0.818,0,0,Mobile,0,0,1,0,1
RP_947D3F90,CUST_6806,783.75,INSUFFICIENT_FUNDS,0.856,1,0,Mobile,0,0,0,0,0
RP_5718A526,CUST_7142,608.36,INSUFFICIENT_FUNDS,0.56,0,21,Desktop,0,0,1,0,1
RP_CB1D315C,CUST_3819,676.98,GATEWAY_TIMEOUT,0.823,0,5,Mobile,0,1,0,0,0
RP_C76B8A2D,CUST_1364,3346.56,3D_SECURE_FAILED,0.777,2,8,Desktop,0,0,1,1,0
RP_AF9CF0A8,CUST_5258,652.98,RISK_BLOCKED,0.567,1,18,Mobile,0,0,0,0,0
RP_39CF5A2F,CUST_4119,9596.06,GATEWAY_TIMEOUT,0.677,0,4,Mobile,0,1,1,0,0
RP_D45E2C5F,CUST_2863,1570.96,GATEWAY_TIMEOUT,0.707,1,20,Mobile,0,1,0,0,0
RP_97E53651,CUST_1115,549.21,GATEWAY_TIMEOUT,0.733,2,16,Mobile,0,0,0,0,0
RP_8A3A4CAD,CUST_8084,3526.42,CUSTOMER_ABANDONED,0.304,1,21,Mobile,0,0,0,1,0
RP_1C739CED,CUST_9016,2318.5,CUSTOMER_ABANDONED,0.444,0,19,Mobile,0,0,0,0,1
RP_ED9FBA39,CUST_3384,150.65,CUSTOMER_ABANDONED,0.753,0,11,Mobile,0,0,0,0,0
RP_4BCBB423,CUST_4935,316.92,CUSTOMER_ABANDONED,0.787,0,5,Mobile,0,0,0,1,1
RP_CC1F2B03,CUST_8742,954.79,INSUFFICIENT_FUNDS,0.639,0,12,Mobile,0,0,0,1,0
RP_5022A51E,CUST_6442,163.97,CUSTOMER_ABANDONED,0.743,0,23,Mobile,0,0,0,1,0
RP_D35C2119,CUST_3490,13475.6,CUSTOMER_ABANDONED,0.932,0,7,Mobile,0,0,0,0,1
RP_4A507852,CUST_7980,2941.51,INSUFFICIENT_FUNDS,0.943,0,2,Mobile,0,0,1,1,0
RP_247B3588,CUST_8661,1079.23,INSUFFICIENT_FUNDS,0.624,0,10,Desktop,0,0,0,0,0
RP_AA8603FB,CUST_2724,726.87,CUSTOMER_ABANDONED,0.942,0,19,Mobile,0,0,0,0,1
RP_C774E20F,CUST_9182,534.0,CUSTOMER_ABANDONED,0.584,0,0,Mobile,0,0,0,0,1
RP_C1BE9914,CUST_3767,103.87,CUSTOMER_ABANDONED,0.268,0,13,Mobile,0,0,0,0,1
RP_D54EB3DB,CUST_2137,137.08,CUSTOMER_ABANDONED,0.98,0,20,Mobile,0,0,0,0,1
RP_2BB8F809,CUST_5117,10735.86,CUSTOMER_ABANDONED,0.777,2,23,Mobile,0,0,0,1,0
RP_E3B82CA8,CUST_4420,7246.83,CUSTOMER_ABANDONED,0.505,1,12,Desktop,0,0,0,0,0
RP_B073DF69,CUST_6845,549.53,INSUFFICIENT_FUNDS,0.92,0,14,Desktop,0,0,1,0,0
RP_0423B763,CUST_5778,3260.38,CUSTOMER_ABANDONED,0.623,0,22,Mobile,0,0,0,0,1
RP_6D382E49,CUST_4906,2013.65,INSUFFICIENT_FUNDS,0.656,0,20,Desktop,0,0,0,1,0
RP_254D9EAD,CUST_4637,2319.59,GATEWAY_TIMEOUT,0.542,0,7,Mobile,0,0,1,0,0
RP_8E1E7400,CUST_3953,198.3,GATEWAY_TIMEOUT,0.454,0,14,Mobile,0,0,1,0,0
RP_586FA704,CUST_6929,125.23,CUSTOMER_ABANDONED,0.896,0,12,Mobile,0,1,0,0,0
RP_86053926,CUST_1276,4532.88,CUSTOMER_ABANDONED,0.851,0,0,Mobile,0,0,0,0,1
RP_27EFED6E,CUST_2999,101.99,RISK_BLOCKED,0.68,0,10,Mobile,0,0,0,0,0
RP_976673FE,CUST_2227,917.97,INSUFFICIENT_FUNDS,0.56,0,19,Mobile,0,0,0,0,1
RP_391EC425,CUST_7337,705.39,INSUFFICIENT_FUNDS,0.847,1,14,Mobile,0,0,0,0,0
RP_656C0A05,CUST_4735,631.32,GATEWAY_TIMEOUT,0.734,1,20,Mobile,0,0,0,0,0
RP_C4B0F048,CUST_1695,1599.33,GATEWAY_TIMEOUT,0.639,0,3,Mobile,0,1,0,0,0
RP_A4E65D7E,CUST_5152,486.33,CUSTOMER_ABANDONED,0.628,1,5,Mobile,0,0,0,0,0
RP_30D1F66C,CUST_8901,1763.19,GATEWAY_TIMEOUT,0.898,2,11,Mobile,0,1,0,0,0
RP_D8E15506,CUST_8470,1299.05,CUSTOMER_ABANDONED,0.836,1,0,Desktop,0,0,0,0,1
RP_9A046761,CUST_8537,13608.89,CUSTOMER_ABANDONED,0.648,1,9,Mobile,0,0,0,1,0
RP_65F083D8,CUST_3841,207.99,INSUFFICIENT_FUNDS,0.688,2,17,Mobile,0,0,0,0,0
RP_3C2BCD06,CUST_5208,1135.83,3D_SECURE_FAILED,0.567,0,0,Desktop,0,0,0,0,0
RP_933B7B8F,CUST_9733,1840.17,INSUFFICIENT_FUNDS,0.49,0,6,Mobile,0,0,0,0,0
RP_DDE48A36,CUST_2088,806.19,GATEWAY_TIMEOUT,0.763,2,1,Desktop,0,0,1,0,0
RP_B73FCF1C,CUST_4363,220.41,3D_SECURE_FAILED,0.445,0,7,Mobile,0,0,0,0,0
RP_F0FB40E7,CUST_1024,4956.84,3D_SECURE_FAILED,0.415,1,0,Mobile,0,0,0,0,0
RP_7D4F5F7F,CUST_7144,1643.07,GATEWAY_TIMEOUT,0.445,1,18,Mobile,0,0,0,0,0
RP_15133D1B,CUST_6668,239.78,GATEWAY_TIMEOUT,0.883,0,5,Mobile,0,1,0,0,0
RP_F6A160CC,CUST_5236,1856.41,GATEWAY_TIMEOUT,0.669,0,10,Mobile,0,1,0,0,0
RP_EF7A169F,CUST_9068,8449.64,GATEWAY_TIMEOUT,0.758,0,18,Mobile,0,1,1,0,0
RP_BFE8A98A,CUST_3235,1049.87,RISK_BLOCKED,0.911,0,9,Mobile,0,0,0,0,0
RP_85FC2E26,CUST_8295,1093.73,CUSTOMER_ABANDONED,0.288,0,15,Mobile,0,0,0,0,0
RP_3FC73A0A,CUST_9392,7198.34,INSUFFICIENT_FUNDS,0.731,0,15,Mobile,0,0,1,0,0
RP_E5A5B9F2,CUST_9448,342.25,3D_SECURE_FAILED,0.367,0,9,Mobile,0,0,0,0,0
RP_AAE45409,CUST_4747,8717.28,INSUFFICIENT_FUNDS,0.854,0,17,Mobile,0,0,0,1,0
RP_B12C98F0,CUST_4175,3524.5,INSUFFICIENT_FUNDS,0.874,0,21,Mobile,0,0,0,1,0
RP_F1CCA33E,CUST_5897,361.74,3D_SECURE_FAILED,0.682,1,17,Mobile,0,0,0,1,0
RP_88F0D0F8,CUST_6037,491.8,CUSTOMER_ABANDONED,0.757,1,2,Desktop,0,0,0,0,1
RP_3B86798E,CUST_8427,584.19,CUSTOMER_ABANDONED,0.93,0,11,Mobile,0,0,0,0,0
RP_6A4A938F,CUST_9605,121.48,INSUFFICIENT_FUNDS,0.648,0,9,Desktop,0,0,0,0,0
RP_D85F169C,CUST_3014,1499.02,CUSTOMER_ABANDONED,0.593,2,15,Mobile,0,0,0,0,0
RP_18A593D4,CUST_2381,381.94,GATEWAY_TIMEOUT,0.899,0,8,Mobile,0,1,1,0,1
RP_D6EB1219,CUST_2098,1565.35,CUSTOMER_ABANDONED,0.401,0,17,Mobile,0,0,0,1,1
RP_0C3ACD80,CUST_4426,232.96,RISK_BLOCKED,0.604,0,12,Mobile,0,0,0,0,0
RP_27C1DBD1,CUST_4655,3319.65,GATEWAY_TIMEOUT,0.864,0,23,Desktop,0,1,1,0,0
RP_10DBD393,CUST_8938,2657.53,CUSTOMER_ABANDONED,0.689,0,13,Mobile,0,0,0,0,0
RP_0E0FAB32,CUST_1187,470.1,INSUFFICIENT_FUNDS,0.76,0,18,Mobile,0,0,0,0,1
RP_BB1683B1,CUST_6409,1688.47,GATEWAY_TIMEOUT,0.853,0,13,Desktop,0,0,0,0,1
RP_D24AC2B4,CUST_3092,1211.37,CUSTOMER_ABANDONED,0.915,0,1,Mobile,0,0,0,1,0
RP_CBBB2657,CUST_3130,6494.81,GATEWAY_TIMEOUT,0.869,0,10,Mobile,0,1,1,0,1
RP_83F7E9AE,CUST_6242,317.67,CUSTOMER_ABANDONED,0.771,0,7,Mobile,0,0,0,0,0
RP_53B5A15B,CUST_9549,913.46,GATEWAY_TIMEOUT,0.814,0,2,Mobile,0,1,0,0,1
RP_E5DCE26C,CUST_6647,508.35,3D_SECURE_FAILED,0.79,0,14,Mobile,0,0,0,0,1
RP_5CF40072,CUST_6185,1157.23,GATEWAY_TIMEOUT,0.61,1,12,Desktop,0,0,0,0,0
RP_A24F66B1,CUST_6776,2079.59,GATEWAY_TIMEOUT,0.685,0,7,Mobile,0,0,1,0,0
RP_C5459B05,CUST_8913,501.61,GATEWAY_TIMEOUT,0.416,0,12,Mobile,0,0,0,0,0
RP_60E63098,CUST_8547,708.45,3D_SECURE_FAILED,0.621,0,15,Mobile,0,0,0,1,0
RP_13FE87B9,CUST_8823,3495.56,CUSTOMER_ABANDONED,0.64,1,21,Mobile,0,0,0,1,1
RP_2104703D,CUST_8355,5590.31,CUSTOMER_ABANDONED,0.752,1,0,Mobile,0,0,0,0,1
RP_CCAB9361,CUST_7465,1982.71,INSUFFICIENT_FUNDS,0.635,0,1,Mobile,0,0,0,0,1
RP_4F518157,CUST_2497,929.31,INSUFFICIENT_FUNDS,0.736,0,12,Mobile,0,0,0,0,0
RP_83789C0D,CUST_3555,829.05,GATEWAY_TIMEOUT,0.719,0,13,Mobile,0,0,0,0,0
RP_CDABC62B,CUST_6409,2116.99,CUSTOMER_ABANDONED,0.394,0,1,Mobile,0,0,0,0,0
RP_3DB78EB2,CUST_3951,1441.33,GATEWAY_TIMEOUT,0.69,1,15,Mobile,0,0,0,1,0
RP_3765C40F,CUST_2238,151.6,RISK_BLOCKED,0.54,0,13,Mobile,0,0,0,0,0
RP_6F58F523,CUST_5727,2179.53,CUSTOMER_ABANDONED,0.878,0,6,Mobile,0,0,0,1,1
RP_5D0C037E,CUST_4965,390.46,INSUFFICIENT_FUNDS,0.866,0,21,Mobile,0,0,1,1,0
RP_4C4142B2,CUST_6686,200.27,GATEWAY_TIMEOUT,0.539,0,13,Desktop,0,0,0,1,0
RP_764A6BFC,CUST_4701,148.11,CUSTOMER_ABANDONED,0.511,0,17,Mobile,0,0,0,0,1
RP_B9C9092F,CUST_3780,846.13,GATEWAY_TIMEOUT,0.809,0,16,Mobile,0,1,1,0,0
RP_1F12FBAC,CUST_8398,323.81,GATEWAY_TIMEOUT,0.555,0,4,Desktop,0,1,0,0,1
RP_FE21F05C,CUST_2588,100.0,GATEWAY_TIMEOUT,0.702,0,10,Mobile,0,0,0,0,0
RP_FEF0440C,CUST_3368,713.27,CUSTOMER_ABANDONED,0.729,0,17,Mobile,0,0,0,0,1
RP_77F74DC0,CUST_6789,608.69,CUSTOMER_ABANDONED,0.777,0,15,Mobile,0,0,0,0,1
RP_05A39654,CUST_1436,916.09,INSUFFICIENT_FUNDS,0.468,0,9,Mobile,0,0,0,0,0
RP_FA1EDFD4,CUST_3828,515.6,GATEWAY_TIMEOUT,0.633,0,5,Desktop,0,1,0,0,0
RP_BAA94F3F,CUST_2556,9849.69,INSUFFICIENT_FUNDS,0.402,1,13,Mobile,0,0,0,0,0
RP_C1FD02BB,CUST_8570,2040.2,CUSTOMER_ABANDONED,0.31,0,1,Mobile,0,0,0,0,0
RP_9722260C,CUST_8480,602.12,GATEWAY_TIMEOUT,0.7,0,8,Mobile,0,0,1,0,1
RP_C50BCC60,CUST_1182,1016.02,GATEWAY_TIMEOUT,0.825,1,12,Mobile,0,0,1,0,1
RP_39BCD567,CUST_8190,5988.35,3D_SECURE_FAILED,0.618,1,20,Mobile,0,0,0,0,0
RP_7FAC44B3,CUST_7687,3456.28,RISK_BLOCKED,0.456,1,22,Desktop,0,0,0,0,0
RP_C0FF335B,CUST_6565,205.32,RISK_BLOCKED,0.277,0,19,Mobile,0,0,0,0,0
RP_6B01912D,CUST_8241,340.65,CUSTOMER_ABANDONED,0.749,0,11,Mobile,0,0,0,0,0
RP_4555B7BD,CUST_8651,429.14,GATEWAY_TIMEOUT,0.505,0,1,Mobile,0,0,1,0,0
RP_227B8950,CUST_6575,647.01,GATEWAY_TIMEOUT,0.535,0,2,Mobile,0,1,0,0,0
RP_59AC1047,CUST_2589,536.73,INSUFFICIENT_FUNDS,0.734,0,12,Mobile,0,0,0,0,0
RP_2F4638CE,CUST_9851,1142.31,INSUFFICIENT_FUNDS,0.524,1,20,Desktop,0,0,0,1,0
RP_77EE05AF,CUST_1159,2651.46,RISK_BLOCKED,0.503,0,0,Mobile,0,0,0,0,0
RP_CCD49A0D,CUST_7555,3239.56,CUSTOMER_ABANDONED,0.953,0,19,Mobile,0,0,0,0,1
RP_E56F633A,CUST_9244,740.88,CUSTOMER_ABANDONED,0.275,0,3,Mobile,0,0,0,0,0
RP_F1455205,CUST_7846,154.22,GATEWAY_TIMEOUT,0.916,0,17,Mobile,0,0,0,0,0
RP_2F89FE01,CUST_3307,314.66,3D_SECURE_FAILED,0.614,1,12,Mobile,0,0,0,1,0
RP_9C5D0EB7,CUST_2228,587.73,CUSTOMER_ABANDONED,0.628,0,5,Mobile,0,0,0,0,0
RP_44F088B2,CUST_8226,246.15,GATEWAY_TIMEOUT,0.568,0,5,Mobile,0,1,0,0,0
RP_EA4C349F,CUST_6590,4311.46,3D_SECURE_FAILED,0.729,0,14,Mobile,0,0,0,1,0
RP_6FC70B82,CUST_7919,266.28,GATEWAY_TIMEOUT,0.679,1,17,Mobile,0,0,0,0,0
RP_6AB1BDD7,CUST_6585,2299.57,GATEWAY_TIMEOUT,0.733,1,16,Mobile,0,1,1,0,0
RP_85EE4F4E,CUST_7046,145.73,CUSTOMER_ABANDONED,0.621,0,13,Mobile,0,0,0,0,0
RP_4C8359C7,CUST_5945,2413.04,CUSTOMER_ABANDONED,0.87,0,3,Mobile,0,0,0,0,1
RP_162D3180,CUST_8927,927.86,GATEWAY_TIMEOUT,0.675,0,0,Mobile,0,1,0,0,0
RP_78470427,CUST_8016,6734.76,INSUFFICIENT_FUNDS,0.711,2,7,Mobile,0,0,0,0,0
RP_CBAB33C0,CUST_8758,282.06,RISK_BLOCKED,0.789,0,10,Mobile,1,0,0,0,0
RP_D0D6C44C,CUST_6086,557.28,CUSTOMER_ABANDONED,0.691,0,12,Desktop,0,0,0,0,0
RP_6FE3A8AA,CUST_8161,703.09,CUSTOMER_ABANDONED,0.631,0,16,Desktop,0,0,0,0,0
RP_6D036809,CUST_2884,913.24,GATEWAY_TIMEOUT,0.886,1,20,Mobile,0,0,0,0,0
RP_634919BF,CUST_2809,724.02,GATEWAY_TIMEOUT,0.895,1,13,Mobile,0,1,0,0,1
RP_A15D96AF,CUST_4167,740.99,GATEWAY_TIMEOUT,0.545,0,16,Mobile,0,1,0,0,0
RP_F366A66D,CUST_7352,726.56,GATEWAY_TIMEOUT,0.447,0,19,Mobile,0,0,1,0,0
RP_3962D0FC,CUST_7056,100.0,GATEWAY_TIMEOUT,0.596,0,23,Mobile,0,0,0,0,0
RP_35623A7A,CUST_3437,3611.94,GATEWAY_TIMEOUT,0.899,0,23,Mobile,0,1,1,0,1
RP_225EAD92,CUST_7468,33974.44,CUSTOMER_ABANDONED,0.758,0,0,Mobile,0,0,0,0,0
RP_B4E9F0BD,CUST_6951,1568.58,INSUFFICIENT_FUNDS,0.909,1,7,Mobile,0,0,0,1,0
RP_F2546256,CUST_6276,280.65,CUSTOMER_ABANDONED,0.44,1,18,Mobile,0,0,0,0,0
RP_C5E41DF5,CUST_9859,316.89,GATEWAY_TIMEOUT,0.561,2,10,Desktop,0,0,1,0,0
RP_D9870744,CUST_8818,2288.86,INSUFFICIENT_FUNDS,0.627,0,22,Mobile,0,0,0,1,0
RP_057D6826,CUST_5728,1741.61,GATEWAY_TIMEOUT,0.878,0,9,Mobile,0,1,0,0,0
RP_972FFCAD,CUST_3624,779.66,INSUFFICIENT_FUNDS,0.576,1,0,Mobile,0,0,0,0,0
RP_6FF1837E,CUST_6738,2708.32,GATEWAY_TIMEOUT,0.797,0,4,Mobile,0,1,0,1,0
RP_4D292E01,CUST_5232,100.0,RISK_BLOCKED,0.932,0,15,Mobile,0,0,0,0,0
RP_F1B81FE6,CUST_6793,2710.46,CUSTOMER_ABANDONED,0.724,0,19,Mobile,0,0,0,0,1
RP_63A337F5,CUST_5523,1458.72,INSUFFICIENT_FUNDS,0.88,2,19,Desktop,0,0,1,1,0
RP_EE4A96BD,CUST_6571,331.91,GATEWAY_TIMEOUT,0.772,1,4,Mobile,0,1,0,0,0
RP_CF061DB8,CUST_3224,196.37,CUSTOMER_ABANDONED,0.658,0,15,Mobile,0,0,0,0,0
RP_7DFABC16,CUST_9389,1268.5,CUSTOMER_ABANDONED,0.933,0,2,Mobile,0,0,0,0,1
RP_A1C5E891,CUST_7091,5935.38,GATEWAY_TIMEOUT,0.708,1,22,Mobile,0,0,1,0,0
RP_7778FAF1,CUST_9662,834.05,CUSTOMER_ABANDONED,0.411,1,1,Mobile,0,0,0,1,0
RP_74C515F6,CUST_7361,394.17,CUSTOMER_ABANDONED,0.786,0,16,Mobile,0,0,0,0,1
RP_D3D3BB69,CUST_2948,1379.6,CUSTOMER_ABANDONED,0.753,0,21,Mobile,0,0,0,1,1
RP_3273E789,CUST_8094,9750.23,CUSTOMER_ABANDONED,0.754,0,0,Desktop,0,0,0,1,1
RP_621816A5,CUST_7318,1840.07,3D_SECURE_FAILED,0.725,0,15,Mobile,0,0,0,0,0
RP_D87F51A5,CUST_4796,2094.94,3D_SECURE_FAILED,0.864,2,22,Mobile,0,0,1,0,0
RP_950C46E7,CUST_1234,4756.93,INSUFFICIENT_FUNDS,0.644,0,23,Mobile,0,0,0,0,0
RP_10E051C5,CUST_4607,1933.46,CUSTOMER_ABANDONED,0.819,0,1,Mobile,0,0,0,0,1
RP_DEBDE827,CUST_9043,429.59,CUSTOMER_ABANDONED,0.425,0,19,Mobile,0,0,0,0,1
RP_7F5601CC,CUST_1522,135.17,CUSTOMER_ABANDONED,0.769,0,6,Mobile,0,0,0,0,1
RP_110B915C,CUST_6904,362.86,RISK_BLOCKED,0.951,0,10,Desktop,0,0,0,0,0
RP_A51BA533,CUST_5888,291.29,GATEWAY_TIMEOUT,0.524,1,5,Mobile,0,1,0,0,0
RP_E2CFF62F,CUST_6832,2419.15,INSUFFICIENT_FUNDS,0.796,0,1,Desktop,0,0,1,0,0
RP_FE3B556B,CUST_8122,2858.4,GATEWAY_TIMEOUT,0.428,0,13,Mobile,0,1,1,0,0
RP_4785D0AF,CUST_6842,1353.82,GATEWAY_TIMEOUT,0.493,0,3,Mobile,0,1,1,0,1
RP_FF05DE37,CUST_2316,239.26,GATEWAY_TIMEOUT,0.971,1,18,Mobile,0,1,0,1,0
RP_A95C8F31,CUST_2124,9357.34,CUSTOMER_ABANDONED,0.679,1,21,Mobile,0,0,0,0,0
RP_EA91F4C7,CUST_6621,665.51,GATEWAY_TIMEOUT,0.601,0,1,Mobile,0,1,1,0,0
RP_1CD9D5D8,CUST_6423,2262.39,CUSTOMER_ABANDONED,0.873,0,1,Mobile,0,0,0,0,1
RP_AF8DAD74,CUST_3587,1163.5,CUSTOMER_ABANDONED,0.888,0,12,Mobile,0,0,0,0,1
RP_73E05056,CUST_6672,1408.66,GATEWAY_TIMEOUT,0.503,0,12,Mobile,0,0,1,0,0
RP_49A736A6,CUST_2378,2168.56,GATEWAY_TIMEOUT,0.824,0,2,Desktop,0,0,0,0,0
RP_9CADFC49,CUST_4374,475.69,CUSTOMER_ABANDONED,0.599,1,20,Mobile,0,0,0,0,0
RP_E9735B03,CUST_2519,5252.62,CUSTOMER_ABANDONED,0.444,0,5,Mobile,0,1,0,1,0
RP_446A3412,CUST_6777,164.78,3D_SECURE_FAILED,0.825,2,20,Mobile,0,0,0,1,0
RP_5F82574D,CUST_8935,315.37,3D_SECURE_FAILED,0.761,0,16,Mobile,0,0,0,0,0
RP_15F3ABBC,CUST_7093,5171.49,RISK_BLOCKED,0.73,0,0,Mobile,0,0,1,0,0
RP_FF753056,CUST_9418,2226.1,CUSTOMER_ABANDONED,0.841,0,6,Desktop,0,0,0,0,1
RP_60333A25,CUST_6355,23120.37,3D_SECURE_FAILED,0.638,0,6,Mobile,0,0,0,1,1
RP_9A8F10CA,CUST_5968,1190.37,CUSTOMER_ABANDONED,0.96,0,12,Mobile,0,0,0,0,0
RP_523E17C8,CUST_6574,8438.12,3D_SECURE_FAILED,0.901,1,21,Mobile,0,0,0,1,0
RP_BA7EA349,CUST_5072,118.04,GATEWAY_TIMEOUT,0.917,0,8,Desktop,0,0,1,0,0
RP_D57F8C18,CUST_3257,201.1,RISK_BLOCKED,0.631,0,17,Mobile,0,0,0,0,0
RP_2C9F2CB3,CUST_9588,3211.94,INSUFFICIENT_FUNDS,0.729,1,0,Desktop,0,0,1,1,0
RP_43D0DA6D,CUST_5424,135.85,CUSTOMER_ABANDONED,0.512,2,10,Mobile,0,0,0,0,1
RP_B45ABE25,CUST_4237,865.37,GATEWAY_TIMEOUT,0.771,0,21,Mobile,0,1,1,0,0
RP_5115D5BE,CUST_4893,4449.96,INSUFFICIENT_FUNDS,0.954,1,21,Mobile,0,0,0,1,0
RP_61F94BBA,CUST_3005,2001.01,GATEWAY_TIMEOUT,0.721,0,10,Mobile,0,0,0,0,0
RP_AB4349DD,CUST_3016,1111.33,GATEWAY_TIMEOUT,0.513,0,9,Mobile,0,1,0,0,0
RP_42DFDACA,CUST_2772,639.75,GATEWAY_TIMEOUT,0.44,0,16,Mobile,0,0,0,0,0
RP_A4594774,CUST_9353,1397.82,CUSTOMER_ABANDONED,0.774,2,16,Desktop,0,0,0,0,0
RP_AA07B742,CUST_4976,2192.28,GATEWAY_TIMEOUT,0.647,0,11,Mobile,0,0,0,0,0
RP_5EAE0FD3,CUST_2751,496.17,INSUFFICIENT_FUNDS,0.359,0,9,Desktop,0,0,0,0,1
RP_F30803C0,CUST_9967,1713.14,GATEWAY_TIMEOUT,0.846,0,11,Mobile,0,0,1,0,0
RP_A17BEEBD,CUST_8430,4000.27,CUSTOMER_ABANDONED,0.461,0,5,Desktop,0,0,0,0,0
RP_D6D6921E,CUST_8170,839.68,GATEWAY_TIMEOUT,0.764,0,20,Desktop,0,1,0,0,0
RP_2E8DC7E1,CUST_7469,1190.05,GATEWAY_TIMEOUT,0.544,0,5,Mobile,0,0,0,0,0
RP_47568DDA,CUST_4220,1959.68,INSUFFICIENT_FUNDS,0.772,0,5,Desktop,0,0,1,0,0
RP_04D1DFA2,CUST_1539,2125.16,CUSTOMER_ABANDONED,0.86,0,19,Desktop,0,0,0,0,1
RP_7EA4567B,CUST_2461,3146.81,GATEWAY_TIMEOUT,0.724,0,7,Mobile,0,0,1,0,0
RP_EE7882CA,CUST_6184,324.65,GATEWAY_TIMEOUT,0.842,0,4,Desktop,0,1,0,0,0
RP_CADD3E20,CUST_9547,581.32,GATEWAY_TIMEOUT,0.917,0,5,Mobile,0,0,1,0,0
RP_100CD4D3,CUST_1234,607.74,RISK_BLOCKED,0.853,0,1,Mobile,0,0,0,0,0
RP_21C476D7,CUST_2548,370.67,INSUFFICIENT_FUNDS,0.599,1,16,Mobile,0,1,0,0,1
RP_1510F0A7,CUST_8480,126.71,CUSTOMER_ABANDONED,0.547,0,7,Mobile,0,0,0,1,1
RP_EC226E1F,CUST_5213,100.0,GATEWAY_TIMEOUT,0.82,0,21,Mobile,0,0,1,0,0
RP_B85BF922,CUST_2673,4603.37,INSUFFICIENT_FUNDS,0.651,1,8,Desktop,1,0,0,0,0
RP_8945D0A0,CUST_7708,169.92,GATEWAY_TIMEOUT,0.672,0,20,Desktop,0,1,0,0,0
RP_5CFBDE8E,CUST_8982,7185.43,GATEWAY_TIMEOUT,0.935,0,7,Desktop,0,1,1,0,0
RP_BD6F3960,CUST_3100,2663.22,INSUFFICIENT_FUNDS,0.765,2,22,Mobile,0,0,0,1,0
RP_8761FD31,CUST_4748,673.96,INSUFFICIENT_FUNDS,0.645,0,10,Desktop,0,0,0,0,0
RP_AFB3900F,CUST_4173,2297.8,GATEWAY_TIMEOUT,0.642,0,9,Mobile,1,0,0,0,0
RP_596F6032,CUST_2815,1826.51,CUSTOMER_ABANDONED,0.508,2,16,Desktop,0,0,0,0,1
RP_50FD7BC1,CUST_4841,292.33,RISK_BLOCKED,0.82,0,22,Mobile,0,0,0,0,0
RP_2A505FC5,CUST_9016,1077.1,INSUFFICIENT_FUNDS,0.745,0,19,Desktop,0,0,0,0,0
RP_29DDE3D2,CUST_8011,338.39,CUSTOMER_ABANDONED,0.656,0,12,Mobile,0,0,0,0,0
RP_E447A6C8,CUST_5493,2404.15,RISK_BLOCKED,0.678,0,21,Desktop,0,0,0,0,0
RP_A0C5586C,CUST_1674,464.86,CUSTOMER_ABANDONED,0.731,0,8,Desktop,0,0,0,1,1
RP_6D8BF22A,CUST_9088,976.57,INSUFFICIENT_FUNDS,0.542,0,14,Desktop,0,0,0,1,1
RP_047492E5,CUST_9578,927.27,CUSTOMER_ABANDONED,0.939,1,12,Mobile,0,0,0,0,1
RP_DB187DFC,CUST_3158,1268.89,GATEWAY_TIMEOUT,0.623,2,12,Desktop,0,0,0,1,0
RP_1C755742,CUST_3661,8063.2,INSUFFICIENT_FUNDS,0.65,0,12,Desktop,0,0,0,1,0
RP_6F45A9F6,CUST_3064,821.27,GATEWAY_TIMEOUT,0.672,1,20,Mobile,0,1,1,0,0
RP_A52C7F9C,CUST_4253,4729.21,GATEWAY_TIMEOUT,0.886,0,3,Mobile,0,0,0,0,0
RP_829B0929,CUST_5979,1950.8,INSUFFICIENT_FUNDS,0.735,0,21,Mobile,0,0,0,0,0
RP_F46A891E,CUST_8703,6015.43,GATEWAY_TIMEOUT,0.773,2,9,Desktop,0,0,0,1,0
RP_2B2D7ED3,CUST_9931,730.61,CUSTOMER_ABANDONED,0.921,0,14,Mobile,0,0,0,0,1
RP_703A6821,CUST_2401,2528.45,INSUFFICIENT_FUNDS,0.66,0,20,Desktop,0,0,0,0,0
RP_9A1AD6C0,CUST_4259,1021.35,INSUFFICIENT_FUNDS,0.869,0,9,Mobile,0,0,1,0,0
RP_D947FC81,CUST_4923,100.0,GATEWAY_TIMEOUT,0.715,0,20,Mobile,0,1,0,0,1
RP_BEF97D40,CUST_5214,296.54,GATEWAY_TIMEOUT,0.861,0,7,Desktop,0,0,1,1,1
RP_EC136D3E,CUST_4227,2205.82,CUSTOMER_ABANDONED,0.77,0,9,Mobile,0,0,0,0,1
RP_F7F10285,CUST_3745,2037.58,RISK_BLOCKED,0.51,1,20,Mobile,0,0,0,0,0
RP_BCF788BA,CUST_7091,231.84,GATEWAY_TIMEOUT,0.744,0,16,Desktop,0,0,0,0,1
RP_11F9182B,CUST_4866,1428.59,GATEWAY_TIMEOUT,0.967,0,4,Mobile,0,1,0,0,0
RP_326CF21F,CUST_6818,2006.03,3D_SECURE_FAILED,0.599,0,12,Mobile,0,0,0,0,0
RP_15B3514C,CUST_3222,1051.95,GATEWAY_TIMEOUT,0.707,0,20,Mobile,0,1,1,0,0
RP_F9C8CC4F,CUST_3792,2629.59,3D_SECURE_FAILED,0.712,2,20,Desktop,0,0,0,0,0
RP_03536193,CUST_5063,2232.92,INSUFFICIENT_FUNDS,0.768,2,18,Mobile,0,0,1,0,0
RP_95144BF5,CUST_2524,1051.35,INSUFFICIENT_FUNDS,0.679,1,11,Mobile,0,0,0,1,1
RP_8E8ADEB5,CUST_9224,594.08,INSUFFICIENT_FUNDS,0.544,0,11,Mobile,0,0,0,1,0
RP_2D032762,CUST_7198,3831.65,GATEWAY_TIMEOUT,0.716,1,20,Mobile,0,0,1,0,0
RP_26791D97,CUST_5025,1911.79,INSUFFICIENT_FUNDS,0.65,0,1,Mobile,0,0,0,0,1
RP_B275119B,CUST_3566,208.99,3D_SECURE_FAILED,0.907,0,20,Mobile,0,0,0,1,0
RP_78730EF5,CUST_3803,1429.5,CUSTOMER_ABANDONED,0.74,0,8,Mobile,0,0,0,0,0
RP_EE6D6BF7,CUST_4709,275.55,CUSTOMER_ABANDONED,0.469,1,23,Desktop,0,0,0,0,1
RP_BB317BDF,CUST_7155,344.65,CUSTOMER_ABANDONED,0.884,0,21,Mobile,0,0,0,1,0
RP_FA886C12,CUST_1719,501.55,GATEWAY_TIMEOUT,0.767,0,22,Mobile,0,1,1,0,0
RP_47B0782A,CUST_7516,1157.3,CUSTOMER_ABANDONED,0.792,0,1,Mobile,0,0,0,0,0
RP_5D31FB66,CUST_5579,1718.8,INSUFFICIENT_FUNDS,0.651,0,0,Mobile,0,0,0,0,0
RP_1B444AC8,CUST_1972,671.34,CUSTOMER_ABANDONED,0.663,1,13,Mobile,0,0,1,0,0
RP_0644138B,CUST_4718,707.53,INSUFFICIENT_FUNDS,0.716,0,12,Mobile,0,0,0,1,0
RP_ACA45BA3,CUST_8395,599.51,CUSTOMER_ABANDONED,0.687,0,2,Mobile,0,0,0,0,1
RP_D7CD5C75,CUST_5402,3854.58,3D_SECURE_FAILED,0.747,0,19,Mobile,0,0,0,1,1
RP_56ACA921,CUST_5552,100.0,INSUFFICIENT_FUNDS,0.925,1,4,Mobile,0,0,1,0,0
RP_822DC8B8,CUST_3207,757.17,GATEWAY_TIMEOUT,0.539,0,1,Desktop,0,0,1,0,0
RP_D13ED576,CUST_5426,7002.21,INSUFFICIENT_FUNDS,0.605,0,20,Desktop,0,0,0,0,0
RP_07D85DDC,CUST_7919,2039.94,INSUFFICIENT_FUNDS,0.855,0,17,Mobile,0,0,1,1,0
RP_8099ACB2,CUST_9835,5015.14,CUSTOMER_ABANDONED,0.904,0,8,Mobile,0,0,0,1,1
RP_D895212D,CUST_9386,100.0,RISK_BLOCKED,0.772,1,21,Mobile,0,0,0,0,0
RP_84024FC0,CUST_9680,246.98,INSUFFICIENT_FUNDS,0.715,2,11,Mobile,0,0,0,0,0
RP_8F3AA5AD,CUST_3204,2032.17,INSUFFICIENT_FUNDS,0.799,0,4,Mobile,0,0,0,0,1
RP_EDD52885,CUST_6345,7049.82,CUSTOMER_ABANDONED,0.931,0,17,Mobile,0,0,0,0,0
RP_2498037C,CUST_4276,278.81,GATEWAY_TIMEOUT,0.98,0,22,Mobile,0,1,1,0,1
RP_CB899A09,CUST_2102,688.62,GATEWAY_TIMEOUT,0.55,0,22,Mobile,0,1,0,0,0
RP_6F1B9E5C,CUST_6243,1775.36,3D_SECURE_FAILED,0.907,0,1,Mobile,0,0,0,0,0
RP_4E86C70C,CUST_7614,191.91,CUSTOMER_ABANDONED,0.645,0,9,Mobile,0,0,0,0,1
RP_B4E8C0C1,CUST_9707,2050.89,GATEWAY_TIMEOUT,0.848,1,21,Desktop,0,1,0,1,0
RP_B1C7FA77,CUST_6223,100.0,GATEWAY_TIMEOUT,0.687,1,9,Desktop,0,1,0,0,0
RP_7BBF077B,CUST_9584,1979.67,CUSTOMER_ABANDONED,0.846,1,2,Mobile,0,0,0,0,0
RP_9D1B7D24,CUST_1630,332.25,CUSTOMER_ABANDONED,0.743,0,23,Mobile,0,0,0,1,0
RP_BD54D231,CUST_7683,640.91,CUSTOMER_ABANDONED,0.782,1,13,Mobile,0,0,0,0,0
RP_CF5564E5,CUST_1277,2397.69,GATEWAY_TIMEOUT,0.783,0,4,Mobile,0,1,0,0,0
RP_798D42F9,CUST_1232,1875.64,3D_SECURE_FAILED,0.729,0,23,Mobile,0,0,0,0,0
RP_8482F01E,CUST_6690,1086.18,CUSTOMER_ABANDONED,0.761,1,22,Mobile,0,0,0,0,1
RP_575E1478,CUST_8659,3508.17,CUSTOMER_ABANDONED,0.328,2,12,Mobile,1,0,0,0,0
RP_40281431,CUST_1025,142.56,CUSTOMER_ABANDONED,0.764,1,23,Mobile,0,0,0,0,1
RP_B210CBFF,CUST_8468,1401.5,GATEWAY_TIMEOUT,0.631,1,16,Mobile,0,0,0,0,0
RP_9351B98D,CUST_7410,424.88,RISK_BLOCKED,0.678,1,5,Mobile,0,0,0,0,0
RP_770B602A,CUST_9652,3299.87,GATEWAY_TIMEOUT,0.524,0,12,Mobile,0,0,0,0,0
RP_07877D27,CUST_4764,2501.09,GATEWAY_TIMEOUT,0.647,1,11,Mobile,0,0,0,0,0
RP_54239ACC,CUST_7599,2612.38,CUSTOMER_ABANDONED,0.88,0,2,Mobile,0,0,0,0,1
RP_270D6CE5,CUST_6102,7898.74,CUSTOMER_ABANDONED,0.728,0,15,Mobile,0,0,0,0,0
RP_4B4B6DF5,CUST_8006,4237.03,CUSTOMER_ABANDONED,0.896,1,4,Mobile,0,0,0,0,1
RP_0AFDF481,CUST_4483,907.86,INSUFFICIENT_FUNDS,0.846,2,1,Mobile,0,0,0,0,0
RP_B275FDA5,CUST_2994,1094.97,INSUFFICIENT_FUNDS,0.751,0,10,Desktop,0,0,0,1,0
RP_4996B5DB,CUST_9682,2255.5,3D_SECURE_FAILED,0.56,1,3,Mobile,0,0,0,0,0
RP_5C08DF64,CUST_2072,1291.31,GATEWAY_TIMEOUT,0.707,0,21,Mobile,0,0,0,0,0
RP_580A7A97,CUST_7707,2556.02,3D_SECURE_FAILED,0.593,2,0,Mobile,0,0,0,0,0
RP_EB5C1C4E,CUST_1215,100.0,GATEWAY_TIMEOUT,0.521,0,12,Mobile,0,0,0,0,0
RP_C047D0A8,CUST_8605,10477.28,CUSTOMER_ABANDONED,0.765,0,17,Mobile,0,0,0,1,0
RP_8D2DA468,CUST_3606,1179.96,GATEWAY_TIMEOUT,0.678,1,15,Mobile,0,0,0,0,0
RP_EC6B084F,CUST_9350,156.5,CUSTOMER_ABANDONED,0.343,1,1,Desktop,0,0,0,0,0
RP_62F24F96,CUST_5781,366.3,3D_SECURE_FAILED,0.606,1,8,Desktop,0,0,0,0,0
RP_845E37A5,CUST_4313,100.0,INSUFFICIENT_FUNDS,0.836,2,11,Mobile,0,0,0,0,0
RP_CEEDE01E,CUST_8763,296.4,CUSTOMER_ABANDONED,0.613,0,4,Mobile,0,0,0,0,1
RP_8C0EF50B,CUST_6939,924.55,CUSTOMER_ABANDONED,0.868,0,4,Mobile,0,0,0,0,0
RP_119A7ADC,CUST_3295,6752.43,CUSTOMER_ABANDONED,0.348,1,21,Desktop,0,0,0,0,0
RP_BEF62573,CUST_6685,1795.09,3D_SECURE_FAILED,0.57,2,12,Mobile,0,0,0,0,0
RP_2A87830C,CUST_2696,1450.17,INSUFFICIENT_FUNDS,0.877,0,15,Mobile,0,0,0,0,0
RP_6CA1FB3F,CUST_2946,280.87,GATEWAY_TIMEOUT,0.688,0,18,Mobile,0,1,1,0,0
RP_368BE1BC,CUST_3783,407.74,GATEWAY_TIMEOUT,0.683,0,8,Mobile,0,1,1,0,1
RP_587E3763,CUST_4644,447.5,GATEWAY_TIMEOUT,0.713,0,15,Mobile,0,0,0,0,0
RP_22627E1B,CUST_6241,469.96,GATEWAY_TIMEOUT,0.663,1,18,Mobile,0,1,0,0,0
RP_029FD963,CUST_7420,719.21,CUSTOMER_ABANDONED,0.653,0,3,Mobile,0,0,0,1,1
RP_83FEC0CF,CUST_8557,787.44,GATEWAY_TIMEOUT,0.644,0,14,Mobile,0,1,0,0,0
RP_AB441016,CUST_3645,730.04,GATEWAY_TIMEOUT,0.605,1,8,Desktop,0,1,0,0,0
RP_A24AFF59,CUST_7589,490.0,GATEWAY_TIMEOUT,0.897,0,15,Mobile,0,1,1,0,0
RP_B70272F0,CUST_7353,1289.57,CUSTOMER_ABANDONED,0.671,1,23,Mobile,0,0,0,0,1
RP_31249665,CUST_2932,751.97,CUSTOMER_ABANDONED,0.737,0,5,Mobile,0,0,0,0,1
RP_373DEB85,CUST_2757,161.63,INSUFFICIENT_FUNDS,0.954,0,7,Desktop,0,0,1,1,0
RP_2E9F9756,CUST_6085,1142.82,3D_SECURE_FAILED,0.795,0,0,Mobile,0,0,0,1,0
RP_410F728F,CUST_6637,953.26,GATEWAY_TIMEOUT,0.762,0,13,Mobile,0,1,0,1,0
RP_D033AB33,CUST_2116,164.75,RISK_BLOCKED,0.634,0,3,Mobile,0,0,0,0,0
RP_4667010C,CUST_1492,539.39,CUSTOMER_ABANDONED,0.82,1,9,Desktop,0,0,0,0,0
RP_3147A41A,CUST_9811,2245.06,GATEWAY_TIMEOUT,0.846,0,15,Mobile,0,0,1,0,0
RP_C0C9EC5C,CUST_8888,280.41,CUSTOMER_ABANDONED,0.998,0,3,Mobile,0,0,0,1,0
RP_C5813895,CUST_7474,247.0,CUSTOMER_ABANDONED,0.965,1,1,Mobile,0,0,0,0,0
RP_4D30DAAC,CUST_5958,742.59,INSUFFICIENT_FUNDS,0.876,0,1,Mobile,0,0,1,0,0
RP_EBED9AC7,CUST_3743,2315.82,3D_SECURE_FAILED,0.804,2,12,Desktop,0,0,0,0,0
RP_D4BE907B,CUST_8866,9627.64,GATEWAY_TIMEOUT,0.812,0,10,Mobile,0,1,1,0,1
RP_9918BDE0,CUST_8160,2418.06,GATEWAY_TIMEOUT,0.776,0,9,Mobile,0,1,1,0,1
RP_80EDD91E,CUST_6451,4031.09,GATEWAY_TIMEOUT,0.452,0,5,Desktop,0,1,0,0,0
RP_C0FC1192,CUST_6258,1662.43,GATEWAY_TIMEOUT,0.873,0,6,Mobile,0,0,1,0,0
RP_2DF391B0,CUST_9548,481.96,GATEWAY_TIMEOUT,0.473,0,14,Mobile,0,1,0,0,0
RP_01582013,CUST_8186,2397.19,3D_SECURE_FAILED,0.74,0,19,Mobile,0,0,1,0,0
RP_7CE1EE4E,CUST_7102,989.57,GATEWAY_TIMEOUT,0.825,0,18,Mobile,0,0,1,0,0
RP_47C7A4AD,CUST_1619,1724.07,INSUFFICIENT_FUNDS,0.692,1,2,Mobile,0,0,0,0,1
RP_BBD5901B,CUST_1882,352.4,INSUFFICIENT_FUNDS,0.947,1,20,Mobile,0,0,0,0,0
RP_3C87EA3A,CUST_9988,1919.34,3D_SECURE_FAILED,0.746,0,13,Mobile,0,0,0,0,0
RP_7D049F3D,CUST_4642,948.98,RISK_BLOCKED,0.657,0,21,Mobile,0,0,0,0,0
RP_BF9B1AC8,CUST_2296,1447.38,CUSTOMER_ABANDONED,0.817,0,1,Mobile,0,0,0,0,1
RP_90EBF79B,CUST_9436,990.21,RISK_BLOCKED,0.749,0,22,Mobile,0,0,0,0,0
RP_000FE6F9,CUST_3895,786.31,CUSTOMER_ABANDONED,0.887,2,15,Mobile,0,0,0,0,0
RP_72FA493F,CUST_7593,1961.82,RISK_BLOCKED,0.884,0,22,Mobile,0,0,0,0,0
RP_09D9AD41,CUST_1929,673.64,CUSTOMER_ABANDONED,0.811,0,16,Mobile,0,0,0,1,1
RP_DBCA5C6C,CUST_6366,162.97,GATEWAY_TIMEOUT,0.629,0,14,Mobile,0,1,0,0,0
RP_B6DACEF0,CUST_9711,115.73,INSUFFICIENT_FUNDS,0.822,0,12,Mobile,0,0,1,1,0
RP_67B19413,CUST_4212,1368.27,CUSTOMER_ABANDONED,0.858,1,11,Desktop,0,0,0,1,1
RP_0527E4BA,CUST_3409,641.2,INSUFFICIENT_FUNDS,0.668,0,6,Mobile,0,0,0,0,0
RP_48A75530,CUST_9199,137.7,GATEWAY_TIMEOUT,0.676,1,19,Mobile,0,1,1,0,0
RP_AA8851CC,CUST_4423,1246.18,CUSTOMER_ABANDONED,0.727,0,19,Desktop,0,0,0,0,0
RP_82C2EA49,CUST_7976,979.8,3D_SECURE_FAILED,0.757,0,2,Desktop,0,0,0,0,0
RP_7257A9AA,CUST_8594,602.12,GATEWAY_TIMEOUT,0.901,0,8,Mobile,0,0,0,0,0
RP_AC24423E,CUST_6158,1474.64,CUSTOMER_ABANDONED,0.688,1,2,Mobile,0,0,0,0,0
RP_A31BBE9F,CUST_4667,5314.07,CUSTOMER_ABANDONED,0.487,0,15,Desktop,0,0,0,0,0
RP_6C96DAB1,CUST_6973,5123.07,RISK_BLOCKED,0.586,0,19,Mobile,0,0,0,0,0
RP_5559CEA2,CUST_7236,1303.12,3D_SECURE_FAILED,0.855,0,2,Desktop,0,0,0,0,0
RP_B8EEDF0B,CUST_9277,990.64,CUSTOMER_ABANDONED,0.606,0,7,Desktop,0,0,0,0,1
RP_05203B44,CUST_3468,1325.15,INSUFFICIENT_FUNDS,0.772,1,7,Mobile,0,0,1,0,0
RP_5520BC77,CUST_7217,1588.92,GATEWAY_TIMEOUT,0.786,0,23,Desktop,0,1,1,0,0
RP_E2EC6EE5,CUST_4619,794.76,INSUFFICIENT_FUNDS,0.735,0,14,Mobile,0,0,0,0,0
RP_87983935,CUST_2636,1352.15,CUSTOMER_ABANDONED,0.812,0,4,Desktop,0,0,0,0,0
RP_B2830A0A,CUST_9155,165.94,3D_SECURE_FAILED,0.804,0,12,Mobile,0,0,0,0,1
RP_E15948A5,CUST_4583,1209.08,CUSTOMER_ABANDONED,0.938,2,14,Mobile,0,0,0,1,0
RP_14B0B8CE,CUST_5009,1943.37,GATEWAY_TIMEOUT,0.825,0,6,Mobile,0,1,0,0,0
RP_399E9A78,CUST_4326,609.23,CUSTOMER_ABANDONED,0.655,0,11,Mobile,0,0,0,0,0
RP_2BB77B8D,CUST_9148,977.92,INSUFFICIENT_FUNDS,0.593,1,2,Desktop,0,0,0,0,0
RP_EB851978,CUST_3217,288.93,GATEWAY_TIMEOUT,0.739,0,7,Mobile,0,1,1,0,0
RP_5EF9B82D,CUST_5967,244.6,GATEWAY_TIMEOUT,0.868,1,9,Mobile,0,0,0,0,0
RP_14FD85BF,CUST_3369,1412.3,GATEWAY_TIMEOUT,0.515,1,1,Mobile,0,0,0,0,0
RP_FE432197,CUST_4638,456.93,CUSTOMER_ABANDONED,0.832,0,7,Desktop,0,0,0,0,1
RP_CB75B89C,CUST_6722,130.04,GATEWAY_TIMEOUT,0.645,0,21,Mobile,0,1,0,0,0
RP_3A2AEF30,CUST_5444,288.84,GATEWAY_TIMEOUT,0.747,0,17,Desktop,0,0,1,0,0
RP_B56657A9,CUST_8618,343.9,RISK_BLOCKED,0.736,0,11,Mobile,0,0,0,0,0
RP_C845F7E7,CUST_4947,2778.03,INSUFFICIENT_FUNDS,0.646,0,21,Mobile,0,0,1,1,0
RP_A5F90D55,CUST_2676,1359.59,GATEWAY_TIMEOUT,0.519,1,17,Desktop,0,0,1,0,0
RP_6F7A19CC,CUST_2196,385.32,GATEWAY_TIMEOUT,0.328,1,18,Mobile,0,0,0,0,0
RP_E06C6698,CUST_3787,541.68,GATEWAY_TIMEOUT,0.644,0,4,Mobile,0,0,0,0,0
RP_DEC14FA8,CUST_8432,5294.91,GATEWAY_TIMEOUT,0.208,1,15,Desktop,0,0,0,0,0
RP_DD3CF120,CUST_8927,3372.21,GATEWAY_TIMEOUT,0.896,0,16,Mobile,0,1,0,1,0
RP_1F761699,CUST_4318,286.67,CUSTOMER_ABANDONED,0.777,0,8,Mobile,0,0,0,1,1
RP_7113B052,CUST_9858,4430.34,GATEWAY_TIMEOUT,0.92,0,9,Desktop,0,1,0,0,1
RP_5F3B3585,CUST_7689,995.5,INSUFFICIENT_FUNDS,0.862,0,18,Mobile,0,0,1,0,0
RP_F4F339CA,CUST_3176,2862.74,3D_SECURE_FAILED,0.305,1,11,Desktop,0,0,0,0,0
RP_267F7CE3,CUST_4743,901.47,INSUFFICIENT_FUNDS,0.691,0,0,Mobile,0,0,1,0,0
RP_B8390C3C,CUST_9792,4550.51,3D_SECURE_FAILED,0.775,0,21,Mobile,0,0,1,0,0
RP_8BBD87EB,CUST_5422,272.72,INSUFFICIENT_FUNDS,0.524,0,16,Mobile,0,0,0,0,0
RP_9112F971,CUST_4824,807.11,INSUFFICIENT_FUNDS,0.815,0,2,Desktop,0,0,1,0,1
RP_996DB380,CUST_3451,4720.89,CUSTOMER_ABANDONED,0.638,1,6,Desktop,0,0,0,1,0
RP_55C451D5,CUST_1628,100.0,GATEWAY_TIMEOUT,0.539,1,19,Mobile,0,0,0,0,0
RP_55EA4054,CUST_8778,1037.66,GATEWAY_TIMEOUT,0.492,0,8,Mobile,0,1,0,0,0
RP_FA800CE9,CUST_4696,683.85,CUSTOMER_ABANDONED,0.669,0,22,Mobile,0,0,0,1,0
RP_B1B50C11,CUST_4674,2493.88,INSUFFICIENT_FUNDS,0.535,0,4,Mobile,0,0,0,0,0
RP_A6EA987C,CUST_4929,3959.59,CUSTOMER_ABANDONED,0.689,0,8,Desktop,0,0,0,0,0
RP_35FF8319,CUST_3765,2634.22,3D_SECURE_FAILED,0.862,0,18,Mobile,0,0,1,0,0
RP_356A98BF,CUST_5369,1464.4,INSUFFICIENT_FUNDS,0.698,0,10,Desktop,0,0,1,0,0
RP_78B0F989,CUST_9307,1151.34,CUSTOMER_ABANDONED,0.554,2,13,Mobile,0,0,0,0,0
RP_33B29DC9,CUST_5956,726.87,INSUFFICIENT_FUNDS,0.766,0,13,Mobile,0,0,0,1,0
RP_D4C4B07E,CUST_1692,1410.88,RISK_BLOCKED,0.913,0,7,Mobile,0,0,0,0,0
RP_3F182A01,CUST_4162,6320.7,CUSTOMER_ABANDONED,0.821,0,23,Mobile,0,0,0,0,1
RP_FC517075,CUST_2105,404.8,3D_SECURE_FAILED,0.686,0,19,Mobile,0,0,0,0,0
RP_CAF760C3,CUST_4008,676.89,GATEWAY_TIMEOUT,0.442,0,0,Desktop,0,0,0,0,0
RP_17C81397,CUST_3161,1001.63,CUSTOMER_ABANDONED,0.586,0,3,Mobile,0,0,0,0,0
RP_A0ADB140,CUST_9345,3645.03,GATEWAY_TIMEOUT,0.59,0,15,Mobile,0,1,1,0,0
RP_3780A127,CUST_4699,1433.63,GATEWAY_TIMEOUT,0.81,0,0,Mobile,0,1,0,0,0
RP_8908D7C8,CUST_4786,3569.49,3D_SECURE_FAILED,0.607,0,18,Desktop,1,0,0,0,1
RP_B172B1F6,CUST_5200,3793.07,GATEWAY_TIMEOUT,0.804,0,23,Desktop,0,1,1,1,0
RP_142B06E0,CUST_2913,2231.53,RISK_BLOCKED,0.856,1,2,Mobile,0,0,0,0,0
RP_0A492B44,CUST_6520,305.88,GATEWAY_TIMEOUT,0.599,1,1,Desktop,0,1,0,0,0
RP_4DACCF80,CUST_2772,8049.08,CUSTOMER_ABANDONED,0.457,1,16,Mobile,0,0,0,0,0
RP_60A6301E,CUST_3780,5972.12,GATEWAY_TIMEOUT,0.645,0,10,Mobile,0,0,0,0,1
RP_4E1258EE,CUST_8423,1183.52,INSUFFICIENT_FUNDS,0.488,0,2,Desktop,0,0,1,0,1
RP_4ADA9C6D,CUST_3871,208.9,GATEWAY_TIMEOUT,0.729,0,6,Mobile,0,0,1,0,0
RP_C210EF6A,CUST_1660,168.58,CUSTOMER_ABANDONED,0.558,0,9,Mobile,0,0,0,0,1
RP_ABE97DB2,CUST_7242,1487.99,INSUFFICIENT_FUNDS,0.821,1,2,Desktop,0,0,0,1,0
RP_A67B95BD,CUST_2132,472.43,CUSTOMER_ABANDONED,0.642,0,7,Mobile,0,0,0,0,1
RP_9BA439B5,CUST_1699,139.68,GATEWAY_TIMEOUT,0.46,1,23,Mobile,0,0,0,1,0
RP_97ABBADE,CUST_8470,164.8,GATEWAY_TIMEOUT,0.637,1,4,Mobile,0,0,1,0,0
RP_54E03702,CUST_7297,623.92,GATEWAY_TIMEOUT,0.826,1,9,Mobile,0,0,1,0,0
RP_5A3F8162,CUST_8812,1385.64,INSUFFICIENT_FUNDS,0.906,1,11,Desktop,0,0,1,0,1
RP_4A6EC614,CUST_5557,5924.52,CUSTOMER_ABANDONED,0.768,0,17,Desktop,0,0,0,0,1
RP_49D4D87A,CUST_3179,1960.72,3D_SECURE_FAILED,0.86,0,5,Mobile,0,0,1,1,0
RP_71202603,CUST_9275,693.89,GATEWAY_TIMEOUT,0.949,0,7,Desktop,0,1,0,0,1
RP_EE4CF3C9,CUST_2422,1730.11,CUSTOMER_ABANDONED,0.894,0,17,Mobile,0,0,0,1,1
RP_90C45A5E,CUST_4180,1554.15,CUSTOMER_ABANDONED,0.697,0,5,Mobile,0,0,0,0,1
RP_D3F27DE8,CUST_5316,2663.65,GATEWAY_TIMEOUT,0.823,0,22,Mobile,0,1,1,1,1
RP_7846141E,CUST_7696,1045.31,INSUFFICIENT_FUNDS,0.57,2,8,Mobile,0,0,0,0,1
RP_7037F4EC,CUST_1614,3802.59,INSUFFICIENT_FUNDS,0.559,0,15,Desktop,0,0,0,0,0
RP_90C92FB2,CUST_5570,2949.36,GATEWAY_TIMEOUT,0.557,1,10,Desktop,0,0,1,0,0
RP_49B935C5,CUST_1270,1211.05,GATEWAY_TIMEOUT,0.656,0,1,Desktop,0,1,1,0,1
RP_EF3D8FC8,CUST_3468,950.45,GATEWAY_TIMEOUT,0.792,2,16,Mobile,0,1,1,1,0
RP_351C07A4,CUST_4607,3306.67,CUSTOMER_ABANDONED,0.461,0,12,Desktop,0,0,0,0,1
RP_709E2D1E,CUST_4075,465.83,GATEWAY_TIMEOUT,0.743,0,6,Mobile,0,1,1,0,1
RP_2C3B4DB8,CUST_1289,179.84,GATEWAY_TIMEOUT,0.899,0,21,Mobile,0,0,1,0,0
RP_E3997D11,CUST_9120,178.62,INSUFFICIENT_FUNDS,0.277,1,9,Desktop,0,0,0,0,0
RP_DD4C99E3,CUST_7614,421.72,GATEWAY_TIMEOUT,0.716,0,12,Mobile,0,0,1,0,0
RP_EDCE41E2,CUST_4252,2420.15,GATEWAY_TIMEOUT,0.84,1,9,Mobile,0,1,0,0,0
RP_1BCE6D01,CUST_8415,660.27,3D_SECURE_FAILED,0.907,0,3,Mobile,0,0,0,0,0
RP_49FECFFB,CUST_7771,1401.67,GATEWAY_TIMEOUT,0.782,0,10,Desktop,0,1,0,0,0
RP_1DCEC03B,CUST_1278,605.25,CUSTOMER_ABANDONED,0.819,0,8,Mobile,0,0,0,1,0
RP_F7230D81,CUST_1580,611.05,INSUFFICIENT_FUNDS,0.795,1,15,Mobile,0,0,1,1,1
RP_A1C74B1E,CUST_5958,320.36,CUSTOMER_ABANDONED,0.707,0,16,Mobile,0,0,0,1,0
RP_BE2EBA74,CUST_9445,982.13,CUSTOMER_ABANDONED,0.488,1,22,Mobile,0,0,0,0,1
RP_34D514E8,CUST_5276,888.74,GATEWAY_TIMEOUT,0.654,0,4,Mobile,0,1,0,0,0
RP_5E21FCE6,CUST_8997,1799.38,CUSTOMER_ABANDONED,0.849,0,4,Mobile,0,0,0,1,1
RP_DA31132B,CUST_5776,1548.8,INSUFFICIENT_FUNDS,0.9,0,5,Mobile,0,0,0,1,0
RP_938DDF82,CUST_1824,865.6,CUSTOMER_ABANDONED,0.626,0,1,Mobile,0,0,0,0,0
RP_E3613994,CUST_4832,179.95,INSUFFICIENT_FUNDS,0.651,0,13,Mobile,0,0,0,1,0
RP_C9E49477,CUST_9891,3962.76,RISK_BLOCKED,0.63,1,10,Mobile,0,0,0,0,0
RP_3529C586,CUST_6445,990.24,CUSTOMER_ABANDONED,0.762,1,18,Desktop,0,1,0,0,1
RP_E6ED450C,CUST_2380,1206.61,RISK_BLOCKED,0.459,0,10,Mobile,0,0,0,0,0
RP_06AB49ED,CUST_7534,7484.53,INSUFFICIENT_FUNDS,0.602,0,19,Mobile,0,0,0,0,0
RP_89A212BD,CUST_4156,3261.25,INSUFFICIENT_FUNDS,0.537,0,5,Desktop,0,0,0,0,0
RP_F0B93759,CUST_5307,1873.83,CUSTOMER_ABANDONED,0.598,2,12,Mobile,0,0,0,0,0
RP_5D09B6A9,CUST_6634,1093.6,3D_SECURE_FAILED,0.679,1,18,Mobile,0,1,0,0,0
RP_DD9B7D9F,CUST_9575,1081.41,RISK_BLOCKED,0.878,0,2,Mobile,0,0,0,0,0
RP_08DE6415,CUST_6810,1462.84,INSUFFICIENT_FUNDS,0.813,0,15,Mobile,0,0,1,0,1
RP_32E404DA,CUST_9533,1786.99,CUSTOMER_ABANDONED,0.642,2,8,Mobile,0,0,0,0,0
RP_115D5DA3,CUST_6934,8549.96,GATEWAY_TIMEOUT,0.696,0,2,Desktop,0,0,0,0,0
RP_91E077EF,CUST_4109,21331.06,INSUFFICIENT_FUNDS,0.69,2,18,Mobile,0,0,0,0,0
RP_36F74078,CUST_5082,1553.57,GATEWAY_TIMEOUT,0.535,0,14,Mobile,0,1,0,0,1
RP_A2C8656C,CUST_4240,100.0,INSUFFICIENT_FUNDS,0.857,0,21,Desktop,0,0,1,0,0
RP_BB1FEAAE,CUST_7028,349.99,3D_SECURE_FAILED,0.557,0,12,Mobile,0,0,0,0,0
RP_BC81463D,CUST_2849,9641.16,GATEWAY_TIMEOUT,0.851,0,16,Mobile,0,0,0,0,0
RP_36940EFC,CUST_9497,2597.7,CUSTOMER_ABANDONED,0.837,1,20,Mobile,0,0,0,0,1
RP_D632DAB7,CUST_3749,1828.51,CUSTOMER_ABANDONED,0.822,0,7,Mobile,0,0,0,0,1
RP_A4F4C441,CUST_7680,897.66,GATEWAY_TIMEOUT,0.591,0,21,Mobile,0,1,1,0,1
RP_26A2AD8C,CUST_1205,263.27,INSUFFICIENT_FUNDS,0.53,2,13,Mobile,0,0,0,0,0
RP_F2689FCD,CUST_8352,8211.97,CUSTOMER_ABANDONED,0.46,0,8,Desktop,0,0,0,0,1
RP_56678205,CUST_5591,408.36,GATEWAY_TIMEOUT,0.902,0,2,Mobile,0,1,0,0,1
RP_93DEA519,CUST_4450,2631.14,CUSTOMER_ABANDONED,0.765,0,8,Desktop,0,0,0,0,0
RP_456873C7,CUST_8214,230.25,RISK_BLOCKED,0.948,0,23,Mobile,0,0,0,0,0
RP_57BB0830,CUST_4811,846.9,GATEWAY_TIMEOUT,0.621,0,11,Mobile,0,0,0,0,0
RP_71D6EA2A,CUST_6141,3610.31,GATEWAY_TIMEOUT,0.973,0,14,Mobile,0,0,1,0,1
RP_B0F68197,CUST_9501,812.7,INSUFFICIENT_FUNDS,0.885,0,16,Mobile,0,0,0,1,0
RP_7464ED7B,CUST_3708,704.76,CUSTOMER_ABANDONED,0.78,0,8,Mobile,0,0,0,1,1
RP_E0A2B140,CUST_2991,1110.72,GATEWAY_TIMEOUT,0.853,0,23,Desktop,0,0,1,0,0
RP_56EFF978,CUST_9463,220.7,GATEWAY_TIMEOUT,0.782,0,7,Desktop,0,1,1,0,0
RP_46033763,CUST_4273,176.1,INSUFFICIENT_FUNDS,0.926,0,5,Mobile,0,0,0,1,0
RP_B1EAD1B1,CUST_5538,2583.97,RISK_BLOCKED,0.762,0,8,Mobile,0,0,0,0,0
RP_F242738B,CUST_9712,660.73,INSUFFICIENT_FUNDS,0.709,0,14,Mobile,0,0,0,1,0
RP_C5B9E524,CUST_4722,2560.05,INSUFFICIENT_FUNDS,0.626,0,23,Desktop,0,0,0,0,0
RP_56EE3B18,CUST_4551,4195.72,RISK_BLOCKED,0.853,0,17,Mobile,0,0,0,1,0
RP_B1592010,CUST_3832,4621.02,CUSTOMER_ABANDONED,0.866,2,21,Mobile,0,0,0,0,1
RP_1CA7929E,CUST_6679,156.77,CUSTOMER_ABANDONED,0.521,0,10,Mobile,0,0,0,1,0
RP_382B7130,CUST_7579,474.66,CUSTOMER_ABANDONED,0.805,0,23,Mobile,0,0,0,0,1
RP_321A652B,CUST_1152,2090.38,RISK_BLOCKED,0.69,1,13,Mobile,0,0,0,0,0
RP_6F8F1CDB,CUST_6754,2129.41,CUSTOMER_ABANDONED,0.703,1,12,Desktop,0,0,0,0,1
RP_43F38302,CUST_3800,16306.6,3D_SECURE_FAILED,0.413,2,12,Mobile,0,0,0,0,0
RP_83CDA117,CUST_6310,369.02,CUSTOMER_ABANDONED,0.858,0,21,Mobile,0,0,0,1,1
RP_C0F14D3D,CUST_3610,4455.09,CUSTOMER_ABANDONED,0.619,0,12,Desktop,0,0,0,1,0
RP_B9126AFA,CUST_2104,1714.25,GATEWAY_TIMEOUT,0.708,0,15,Mobile,0,1,1,0,1
RP_B2DFFCD6,CUST_8361,153.2,INSUFFICIENT_FUNDS,0.533,0,11,Desktop,0,0,1,1,0
RP_4A494E56,CUST_5199,568.28,CUSTOMER_ABANDONED,0.708,0,20,Mobile,0,0,0,1,0
RP_65974F0F,CUST_4854,1502.72,GATEWAY_TIMEOUT,0.367,1,23,Mobile,0,0,0,0,0
RP_E74F502A,CUST_8263,141.85,CUSTOMER_ABANDONED,0.77,0,17,Mobile,0,0,0,1,0
RP_3FE9E384,CUST_2914,100.0,GATEWAY_TIMEOUT,0.633,0,11,Mobile,0,0,0,0,0
RP_1A60D543,CUST_8365,132.49,CUSTOMER_ABANDONED,0.917,0,4,Mobile,0,0,0,0,0
RP_28298162,CUST_4072,1496.61,GATEWAY_TIMEOUT,0.915,2,16,Mobile,0,1,0,0,0
RP_6FAE50B3,CUST_1406,613.02,CUSTOMER_ABANDONED,0.843,0,20,Mobile,0,0,0,0,1
RP_1EA03A66,CUST_1166,521.16,CUSTOMER_ABANDONED,0.593,2,22,Desktop,0,0,0,0,0
RP_62A5B882,CUST_1508,543.08,GATEWAY_TIMEOUT,0.709,1,0,Mobile,0,0,1,0,0
RP_78582E0D,CUST_2661,198.55,INSUFFICIENT_FUNDS,0.671,2,12,Mobile,0,0,0,0,1
RP_A9FD247A,CUST_4664,634.17,GATEWAY_TIMEOUT,0.284,1,9,Mobile,0,0,0,0,0
RP_D6D30356,CUST_4489,123.41,INSUFFICIENT_FUNDS,0.892,0,2,Desktop,0,0,0,0,0
RP_6A348F4C,CUST_1680,4560.42,INSUFFICIENT_FUNDS,0.648,1,5,Mobile,0,0,0,1,1
RP_B4D14ECC,CUST_3524,8356.51,GATEWAY_TIMEOUT,0.799,0,15,Mobile,0,1,1,0,0
RP_F5018203,CUST_3120,100.0,RISK_BLOCKED,0.685,0,0,Mobile,0,0,0,0,0
RP_F5C29BC2,CUST_6260,624.56,GATEWAY_TIMEOUT,0.746,0,18,Desktop,0,1,1,0,0
RP_7F1F9CBE,CUST_5357,675.32,CUSTOMER_ABANDONED,0.884,0,7,Desktop,0,0,0,1,0
RP_AC57D346,CUST_2363,889.46,INSUFFICIENT_FUNDS,0.68,0,8,Mobile,0,0,1,0,0
RP_7B386D6C,CUST_3292,3647.64,CUSTOMER_ABANDONED,0.457,0,22,Desktop,0,0,0,1,1
RP_FCE19BFF,CUST_2538,626.75,INSUFFICIENT_FUNDS,0.832,0,19,Mobile,0,0,0,0,0
RP_DE908797,CUST_4408,986.44,CUSTOMER_ABANDONED,0.76,2,22,Mobile,0,0,0,0,0
RP_00E324C8,CUST_8742,39138.66,CUSTOMER_ABANDONED,0.84,0,6,Desktop,0,0,0,0,1
RP_CA80227A,CUST_9752,959.53,CUSTOMER_ABANDONED,0.797,0,10,Mobile,0,0,0,1,1
RP_4DA33403,CUST_2903,9131.52,GATEWAY_TIMEOUT,0.744,0,22,Mobile,0,1,0,0,1
RP_9A73C1DA,CUST_1174,2002.97,CUSTOMER_ABANDONED,0.77,0,7,Mobile,0,0,0,0,0
RP_DD24E5CE,CUST_3230,564.28,GATEWAY_TIMEOUT,0.939,0,10,Desktop,0,1,1,0,0
RP_3967FB36,CUST_5287,461.79,GATEWAY_TIMEOUT,0.549,1,13,Mobile,0,0,0,0,0
RP_B114B7DF,CUST_5160,1087.1,INSUFFICIENT_FUNDS,0.883,0,13,Mobile,0,0,0,0,0
RP_5B057245,CUST_8106,283.79,INSUFFICIENT_FUNDS,0.626,0,3,Mobile,0,0,0,0,0
RP_96F64678,CUST_4171,388.92,INSUFFICIENT_FUNDS,0.879,1,19,Mobile,0,0,1,1,1
RP_8701AB0B,CUST_2567,660.06,CUSTOMER_ABANDONED,0.437,0,8,Mobile,0,0,0,0,0
RP_AB274121,CUST_2151,1559.33,INSUFFICIENT_FUNDS,0.776,0,7,Desktop,0,0,1,1,1
RP_ABEA5BC9,CUST_8619,9810.38,INSUFFICIENT_FUNDS,0.926,1,14,Mobile,0,0,1,0,0
RP_41963D45,CUST_7033,612.81,GATEWAY_TIMEOUT,0.797,0,19,Mobile,0,1,1,0,0
RP_15C21CDD,CUST_9560,1908.02,CUSTOMER_ABANDONED,0.372,0,5,Desktop,0,0,0,0,0
RP_97381DDF,CUST_5946,155.48,CUSTOMER_ABANDONED,0.855,0,15,Mobile,0,0,0,0,0
RP_C442C10C,CUST_9234,3914.12,INSUFFICIENT_FUNDS,0.863,0,15,Mobile,0,0,1,1,0
RP_92190C0E,CUST_2907,138.93,CUSTOMER_ABANDONED,0.684,0,13,Mobile,0,0,0,0,1
RP_CD9B3018,CUST_4490,2858.53,INSUFFICIENT_FUNDS,0.874,1,14,Desktop,0,0,0,0,1
RP_8E31C56E,CUST_3535,995.15,INSUFFICIENT_FUNDS,0.768,0,21,Mobile,0,0,1,1,0
RP_FB371646,CUST_5173,948.82,INSUFFICIENT_FUNDS,0.499,0,20,Mobile,0,0,1,0,0
RP_DEAB8276,CUST_2293,764.85,CUSTOMER_ABANDONED,0.731,0,11,Mobile,0,0,0,0,0
RP_4516D01F,CUST_5769,230.1,CUSTOMER_ABANDONED,0.779,2,22,Mobile,0,0,0,0,0
RP_9DED814E,CUST_5796,245.2,GATEWAY_TIMEOUT,0.685,1,17,Mobile,0,0,0,0,0
RP_37BD16E9,CUST_7871,2992.38,GATEWAY_TIMEOUT,0.866,1,23,Mobile,0,1,1,0,0
RP_F53D02DC,CUST_3972,1112.45,GATEWAY_TIMEOUT,0.743,0,10,Mobile,0,0,0,0,0
RP_5A1AF6D2,CUST_4922,758.19,CUSTOMER_ABANDONED,0.59,1,6,Mobile,0,0,0,0,0
RP_FB2C5CC1,CUST_5997,1866.98,3D_SECURE_FAILED,0.435,1,5,Mobile,0,0,0,0,0
RP_EA3A8A70,CUST_8032,1238.4,INSUFFICIENT_FUNDS,0.579,0,2,Mobile,0,0,0,0,0
RP_BA8E2318,CUST_1992,423.47,GATEWAY_TIMEOUT,0.606,2,8,Mobile,0,1,1,0,0
RP_6D176F9D,CUST_9112,21019.28,CUSTOMER_ABANDONED,0.993,1,14,Mobile,0,0,0,0,1
RP_67396931,CUST_6287,2667.53,CUSTOMER_ABANDONED,0.571,2,1,Mobile,0,0,0,1,0
RP_600EE044,CUST_3240,1277.27,3D_SECURE_FAILED,0.91,1,3,Mobile,0,0,0,0,0
RP_6A4A1654,CUST_2476,592.09,CUSTOMER_ABANDONED,0.888,1,1,Mobile,0,0,0,1,1
RP_37BC7BAD,CUST_7426,3440.29,3D_SECURE_FAILED,0.566,2,5,Mobile,0,0,0,0,0
RP_513992BA,CUST_1389,426.2,GATEWAY_TIMEOUT,0.803,0,11,Mobile,0,0,0,1,0
RP_EBF72674,CUST_1999,385.24,GATEWAY_TIMEOUT,0.664,1,6,Mobile,0,1,0,0,0
RP_5F5D8923,CUST_2855,8366.5,GATEWAY_TIMEOUT,0.803,0,8,Mobile,0,1,1,0,1
RP_44DDE833,CUST_9125,1137.75,CUSTOMER_ABANDONED,0.941,1,5,Mobile,0,0,0,0,1
RP_D99368C0,CUST_9850,438.77,GATEWAY_TIMEOUT,0.885,1,21,Mobile,0,0,1,0,0
RP_17228F00,CUST_3763,1104.14,INSUFFICIENT_FUNDS,0.721,1,4,Mobile,0,0,0,1,0
RP_A094B3D7,CUST_4663,3041.86,INSUFFICIENT_FUNDS,0.563,1,3,Mobile,0,0,0,1,0
RP_0EAA5BB2,CUST_5986,2311.16,INSUFFICIENT_FUNDS,0.612,0,9,Mobile,0,0,0,1,0
RP_EDE8838C,CUST_2481,3530.22,3D_SECURE_FAILED,0.792,0,19,Mobile,0,1,0,0,0
RP_B5617A25,CUST_8256,244.82,GATEWAY_TIMEOUT,0.733,0,3,Mobile,0,0,0,0,0
RP_4A529D50,CUST_4731,3425.42,INSUFFICIENT_FUNDS,0.688,0,4,Mobile,0,0,0,1,0
RP_8F005CB7,CUST_8262,884.59,CUSTOMER_ABANDONED,0.887,0,16,Mobile,0,0,0,0,1
RP_9214D95E,CUST_1451,1220.38,GATEWAY_TIMEOUT,0.783,0,17,Desktop,0,1,0,0,0
RP_A0677A21,CUST_4093,4681.59,CUSTOMER_ABANDONED,0.728,0,2,Desktop,0,0,0,1,1
RP_3ED90224,CUST_1882,2548.53,CUSTOMER_ABANDONED,0.862,0,22,Mobile,0,0,0,0,1
RP_5E32CC03,CUST_5408,1671.14,3D_SECURE_FAILED,0.701,0,12,Mobile,0,0,0,0,1
RP_B9A08D3F,CUST_5068,101.41,3D_SECURE_FAILED,0.793,1,0,Mobile,0,0,0,0,0
RP_1E7F387B,CUST_4277,1038.36,INSUFFICIENT_FUNDS,0.979,0,18,Mobile,0,0,0,1,0
RP_EF9B8B0F,CUST_9566,427.69,CUSTOMER_ABANDONED,0.726,0,22,Desktop,0,0,0,0,1
RP_4B348C97,CUST_8951,2574.1,GATEWAY_TIMEOUT,0.734,1,21,Mobile,0,0,0,0,1
RP_7F620579,CUST_5690,3601.66,GATEWAY_TIMEOUT,0.567,0,1,Mobile,0,0,1,0,0
RP_B763D91C,CUST_5595,763.23,GATEWAY_TIMEOUT,0.864,0,3,Desktop,1,0,1,0,0
RP_7F8972C4,CUST_5559,492.53,INSUFFICIENT_FUNDS,0.882,0,15,Mobile,0,0,1,1,0
RP_B22AA5C1,CUST_8291,7097.95,3D_SECURE_FAILED,0.54,2,15,Mobile,0,0,0,1,0
RP_37B836DA,CUST_9160,531.78,INSUFFICIENT_FUNDS,0.779,0,16,Mobile,0,0,0,0,0
RP_7D83CD1C,CUST_1112,261.53,CUSTOMER_ABANDONED,0.916,1,20,Mobile,0,0,0,0,0
RP_BB9AE2D3,CUST_6131,403.75,INSUFFICIENT_FUNDS,0.708,0,11,Mobile,0,0,0,1,0
RP_A4FC192C,CUST_4197,563.41,INSUFFICIENT_FUNDS,0.621,0,1,Desktop,0,0,0,1,0
RP_B8128F41,CUST_1139,390.08,RISK_BLOCKED,0.794,0,23,Desktop,0,0,0,0,0
RP_5BAE67DF,CUST_2424,3024.41,GATEWAY_TIMEOUT,0.8,0,9,Mobile,0,1,1,0,0
RP_D73E7A09,CUST_3949,100.0,CUSTOMER_ABANDONED,0.85,1,5,Desktop,0,0,0,0,1
RP_C6F4FF97,CUST_4168,380.29,INSUFFICIENT_FUNDS,0.633,0,11,Mobile,0,0,1,0,0
RP_92DEB26A,CUST_9708,1035.88,GATEWAY_TIMEOUT,0.951,1,11,Mobile,0,1,0,0,1
RP_B00FB358,CUST_7043,1411.34,INSUFFICIENT_FUNDS,0.697,0,16,Mobile,0,0,1,1,0
RP_2ED79E39,CUST_7989,8351.54,CUSTOMER_ABANDONED,0.594,0,17,Mobile,0,0,0,1,1
RP_3A2B0B64,CUST_8236,7004.34,GATEWAY_TIMEOUT,0.665,0,3,Mobile,0,1,0,0,0
RP_DB672522,CUST_7261,160.63,GATEWAY_TIMEOUT,0.921,2,2,Mobile,0,0,1,1,0
RP_0AEC9838,CUST_1887,111.09,GATEWAY_TIMEOUT,0.777,0,16,Mobile,0,1,0,0,0
RP_EE7592C4,CUST_4104,1129.99,CUSTOMER_ABANDONED,0.582,0,22,Mobile,0,0,0,0,0
RP_FF9A9E3F,CUST_1049,488.91,CUSTOMER_ABANDONED,0.876,0,8,Mobile,0,0,0,0,1
RP_3CE7454B,CUST_4951,262.32,CUSTOMER_ABANDONED,0.804,0,21,Mobile,0,0,0,1,1
RP_2DCA8EF1,CUST_4560,1118.05,INSUFFICIENT_FUNDS,0.829,0,11,Mobile,1,0,1,0,0
RP_1E57261E,CUST_1018,1446.41,3D_SECURE_FAILED,0.926,0,6,Mobile,0,0,0,1,1
RP_291EF24E,CUST_5821,400.71,CUSTOMER_ABANDONED,0.676,2,15,Desktop,0,0,0,1,1
RP_CCCF976D,CUST_7340,518.58,CUSTOMER_ABANDONED,0.433,0,7,Mobile,0,0,0,0,0
RP_1034C062,CUST_9058,439.46,CUSTOMER_ABANDONED,0.905,2,2,Mobile,0,0,0,0,1
RP_600A4DE6,CUST_3606,669.29,CUSTOMER_ABANDONED,0.874,0,20,Mobile,0,0,0,0,0
RP_4A739C55,CUST_8846,2100.08,INSUFFICIENT_FUNDS,0.396,0,12,Mobile,0,0,0,0,0
RP_CD570F13,CUST_9643,300.82,3D_SECURE_FAILED,0.65,2,19,Mobile,0,0,0,0,0
RP_4F7343BE,CUST_7432,508.35,3D_SECURE_FAILED,0.578,0,8,Desktop,0,0,0,0,0
RP_FBC6FF72,CUST_4765,679.16,GATEWAY_TIMEOUT,0.566,0,8,Mobile,0,0,0,1,0
RP_80523F20,CUST_3438,1087.78,GATEWAY_TIMEOUT,0.5,0,3,Mobile,0,0,0,1,0
RP_2F9F3D19,CUST_7358,1527.18,RISK_BLOCKED,0.894,2,13,Desktop,0,0,0,0,0
RP_FBC6122A,CUST_9319,12717.18,GATEWAY_TIMEOUT,0.635,0,17,Mobile,0,1,0,0,0
RP_EDB02069,CUST_6941,2178.85,3D_SECURE_FAILED,0.621,1,0,Desktop,0,0,0,0,0
RP_5F5C4E8E,CUST_8644,2241.99,INSUFFICIENT_FUNDS,0.86,0,18,Desktop,0,0,0,0,0
RP_215141A5,CUST_5855,796.37,GATEWAY_TIMEOUT,0.894,0,1,Mobile,0,1,1,1,0
RP_84F37EE2,CUST_7547,338.38,GATEWAY_TIMEOUT,0.679,0,4,Desktop,0,0,1,0,0
RP_CBD217CF,CUST_8196,581.81,GATEWAY_TIMEOUT,0.606,2,21,Mobile,0,0,1,0,0
RP_608BB9AE,CUST_6911,467.59,GATEWAY_TIMEOUT,0.694,1,13,Mobile,0,1,1,0,0
RP_6A918763,CUST_7481,1755.79,INSUFFICIENT_FUNDS,0.516,0,8,Mobile,0,0,1,1,0
RP_A6F060BC,CUST_3761,151.18,CUSTOMER_ABANDONED,0.599,0,19,Mobile,0,0,0,0,1
RP_B2A49E43,CUST_5456,2232.86,RISK_BLOCKED,0.793,0,19,Mobile,0,0,0,0,0
RP_C1C43707,CUST_7361,952.71,INSUFFICIENT_FUNDS,0.867,0,14,Desktop,1,0,0,0,0
RP_AC2193EB,CUST_6693,2643.92,INSUFFICIENT_FUNDS,0.895,0,19,Mobile,0,0,1,1,1
RP_519875FD,CUST_6788,460.04,INSUFFICIENT_FUNDS,0.472,1,0,Mobile,1,0,0,0,0
RP_736C7BBE,CUST_1201,371.8,INSUFFICIENT_FUNDS,0.778,0,18,Mobile,0,0,1,1,0
RP_19636E9C,CUST_7160,673.17,INSUFFICIENT_FUNDS,0.57,2,3,Mobile,0,0,0,0,0
RP_64910F38,CUST_1517,654.07,GATEWAY_TIMEOUT,0.759,0,13,Mobile,0,0,0,0,0
RP_A015C747,CUST_8737,2885.98,GATEWAY_TIMEOUT,0.546,0,0,Mobile,0,0,0,0,0
RP_D3F5928B,CUST_2988,2853.11,GATEWAY_TIMEOUT,0.868,2,4,Mobile,0,1,1,0,0
RP_6C3BFA2F,CUST_4802,10786.25,GATEWAY_TIMEOUT,0.779,0,9,Desktop,0,1,1,0,0
RP_D180B092,CUST_6808,605.11,CUSTOMER_ABANDONED,0.922,0,8,Mobile,0,0,0,0,0
RP_9D80078E,CUST_8162,100.0,GATEWAY_TIMEOUT,0.6,1,16,Desktop,0,1,1,0,0
RP_1C55074D,CUST_7241,670.95,3D_SECURE_FAILED,0.857,0,13,Mobile,0,0,0,1,0
RP_B8F96956,CUST_9399,1446.34,3D_SECURE_FAILED,0.723,0,6,Mobile,0,0,1,1,0
RP_46A112A3,CUST_6633,2584.89,RISK_BLOCKED,0.574,0,17,Mobile,0,0,0,0,0
RP_B97D40C5,CUST_6755,1578.65,3D_SECURE_FAILED,0.541,0,9,Mobile,0,1,0,1,0
RP_5DEF3570,CUST_7309,604.54,GATEWAY_TIMEOUT,0.868,0,3,Desktop,0,1,0,1,0
RP_5DD587D5,CUST_5117,8578.35,INSUFFICIENT_FUNDS,0.771,0,13,Mobile,0,0,0,0,0
RP_88CEE32D,CUST_9345,317.2,GATEWAY_TIMEOUT,0.922,0,2,Mobile,0,1,1,0,0
RP_5B380A43,CUST_2518,788.73,CUSTOMER_ABANDONED,0.665,0,22,Mobile,0,0,0,0,1
RP_4C912D09,CUST_7163,300.1,3D_SECURE_FAILED,0.86,1,21,Desktop,0,0,1,1,0
RP_A5875BBC,CUST_3600,1122.7,3D_SECURE_FAILED,0.488,0,10,Mobile,0,0,0,0,0
RP_18F2189C,CUST_3195,7382.05,INSUFFICIENT_FUNDS,0.507,0,9,Mobile,0,0,0,1,0
RP_37FB5219,CUST_4554,926.01,CUSTOMER_ABANDONED,0.414,0,7,Mobile,0,0,0,0,0
RP_FCD8011B,CUST_3849,932.85,GATEWAY_TIMEOUT,0.815,1,8,Mobile,0,0,0,0,0
RP_5D6A1C80,CUST_2742,143.29,GATEWAY_TIMEOUT,0.773,0,22,Mobile,0,1,1,0,0
RP_75D0C419,CUST_2306,777.13,CUSTOMER_ABANDONED,0.717,0,5,Desktop,0,0,0,0,1
RP_E62E5E1F,CUST_4849,4361.56,INSUFFICIENT_FUNDS,0.529,0,13,Desktop,0,0,1,0,0
RP_ACA63800,CUST_8519,812.18,RISK_BLOCKED,0.538,1,23,Desktop,0,0,0,0,0
RP_CEE9E3F2,CUST_5195,748.93,GATEWAY_TIMEOUT,0.79,0,8,Desktop,0,1,0,0,0
RP_02B9EA91,CUST_6178,4133.41,3D_SECURE_FAILED,0.602,0,13,Desktop,0,0,0,0,0
RP_3377F644,CUST_3555,752.74,INSUFFICIENT_FUNDS,0.959,0,7,Desktop,0,0,0,0,0
RP_429B3469,CUST_3305,5169.15,CUSTOMER_ABANDONED,0.444,0,5,Desktop,0,0,0,1,1
RP_31242B5B,CUST_8619,234.73,CUSTOMER_ABANDONED,0.612,2,23,Desktop,0,0,0,0,0
RP_B353EE03,CUST_3642,2473.59,3D_SECURE_FAILED,0.857,1,5,Mobile,0,0,0,0,1
RP_AB79372C,CUST_7409,7907.72,GATEWAY_TIMEOUT,0.92,0,21,Mobile,0,1,1,0,0
RP_12D9AFF5,CUST_5757,3675.44,3D_SECURE_FAILED,0.778,1,1,Mobile,0,0,0,0,0
RP_141097E2,CUST_3994,116.66,GATEWAY_TIMEOUT,0.618,0,23,Mobile,0,0,0,0,0
RP_2278661B,CUST_9751,509.81,GATEWAY_TIMEOUT,0.556,1,4,Mobile,0,1,0,0,0
RP_B440DCE7,CUST_2271,820.29,INSUFFICIENT_FUNDS,0.862,0,2,Mobile,0,0,1,0,0
RP_8C64B9AD,CUST_2813,3684.71,CUSTOMER_ABANDONED,0.919,0,10,Mobile,0,0,0,0,1
RP_E0DB8CC4,CUST_9801,221.86,INSUFFICIENT_FUNDS,0.454,2,6,Mobile,0,0,0,0,0
RP_8D9BAA87,CUST_3461,322.88,CUSTOMER_ABANDONED,0.685,1,8,Mobile,0,0,0,0,0
RP_B5791DB6,CUST_5120,159.78,CUSTOMER_ABANDONED,0.929,2,12,Desktop,0,0,0,0,1
RP_869F3F5D,CUST_7124,407.09,GATEWAY_TIMEOUT,0.862,1,15,Mobile,0,1,1,0,0
RP_A76A3DD0,CUST_9475,244.22,3D_SECURE_FAILED,0.808,0,22,Mobile,0,0,0,1,0
RP_3C1B8768,CUST_5396,7461.32,GATEWAY_TIMEOUT,0.619,0,11,Desktop,0,0,0,1,0
RP_DB6D527D,CUST_1816,504.29,3D_SECURE_FAILED,0.6,0,7,Mobile,0,0,0,0,0
RP_81270863,CUST_8304,2512.69,INSUFFICIENT_FUNDS,0.816,0,13,Mobile,0,0,0,0,0
RP_81A2340C,CUST_8331,1120.54,INSUFFICIENT_FUNDS,0.38,0,13,Mobile,0,0,0,0,0
RP_699020E5,CUST_1082,1101.86,INSUFFICIENT_FUNDS,0.745,0,4,Desktop,0,0,1,0,1
RP_9369A758,CUST_2920,539.3,GATEWAY_TIMEOUT,0.707,0,9,Mobile,0,1,0,0,0
RP_6222F8DD,CUST_8817,2762.87,INSUFFICIENT_FUNDS,0.831,0,21,Mobile,0,0,1,0,1
RP_C772FD3A,CUST_3093,1319.77,GATEWAY_TIMEOUT,0.588,0,23,Desktop,0,0,1,0,0
RP_B73683E2,CUST_8071,1231.63,GATEWAY_TIMEOUT,0.816,0,13,Desktop,0,0,0,0,0
RP_F483F0EE,CUST_8967,538.02,GATEWAY_TIMEOUT,0.529,0,22,Mobile,0,1,1,1,0
RP_9A5D0F43,CUST_9367,654.76,INSUFFICIENT_FUNDS,0.482,2,16,Desktop,0,0,0,0,0
RP_042D2C18,CUST_6285,2223.18,CUSTOMER_ABANDONED,0.859,0,3,Mobile,0,0,0,1,0
RP_DA3F6401,CUST_5937,1445.29,CUSTOMER_ABANDONED,0.754,0,23,Mobile,0,0,0,0,0
RP_D709D3C4,CUST_1369,1271.77,3D_SECURE_FAILED,0.816,0,14,Mobile,0,0,1,0,0
RP_A814589E,CUST_2818,443.7,CUSTOMER_ABANDONED,0.949,1,10,Mobile,0,0,0,0,1
RP_AAC52E62,CUST_3101,11304.2,CUSTOMER_ABANDONED,0.78,0,8,Mobile,0,0,0,0,0
RP_5C29FD90,CUST_4490,616.68,CUSTOMER_ABANDONED,0.888,2,14,Desktop,0,0,0,0,0
RP_3F7359DF,CUST_2779,1057.54,INSUFFICIENT_FUNDS,0.8,0,21,Mobile,0,0,0,0,0
RP_627FDECD,CUST_8674,876.17,CUSTOMER_ABANDONED,0.824,0,19,Mobile,0,0,0,1,1
RP_142405E1,CUST_2364,11448.95,GATEWAY_TIMEOUT,0.788,0,1,Mobile,0,1,0,0,0
RP_DA511F52,CUST_8294,773.57,3D_SECURE_FAILED,0.779,1,0,Mobile,0,0,0,1,0
RP_D53D3B93,CUST_4676,693.11,CUSTOMER_ABANDONED,0.956,0,20,Mobile,0,0,0,1,1
RP_1BB385D8,CUST_3426,1263.92,GATEWAY_TIMEOUT,0.618,0,23,Desktop,0,1,0,0,0
RP_5EBDF83B,CUST_9264,477.11,CUSTOMER_ABANDONED,0.918,0,19,Desktop,0,0,0,0,1
RP_B9BAF769,CUST_9089,1253.78,GATEWAY_TIMEOUT,0.572,0,16,Desktop,0,1,0,0,0
RP_2D9E1308,CUST_3962,18881.24,GATEWAY_TIMEOUT,0.777,2,3,Mobile,0,0,1,0,0
RP_C1C985E0,CUST_1859,1571.26,GATEWAY_TIMEOUT,0.521,0,4,Desktop,0,1,0,0,0
RP_5A66D45F,CUST_5138,1504.02,CUSTOMER_ABANDONED,0.778,0,4,Mobile,0,0,0,0,0
RP_DC8C8051,CUST_3424,463.36,CUSTOMER_ABANDONED,0.538,0,13,Mobile,0,0,0,0,0
RP_134B4804,CUST_5017,8527.48,CUSTOMER_ABANDONED,0.971,0,0,Mobile,0,0,1,1,1
RP_61A10565,CUST_9560,11235.56,GATEWAY_TIMEOUT,0.372,0,1,Desktop,0,0,0,0,1
RP_233EA861,CUST_9342,3050.97,INSUFFICIENT_FUNDS,0.868,0,21,Mobile,0,1,0,1,0
RP_23DE1A5C,CUST_2134,2403.3,CUSTOMER_ABANDONED,0.897,0,9,Mobile,0,0,0,0,1
RP_97B3E162,CUST_6166,827.39,GATEWAY_TIMEOUT,0.392,2,4,Desktop,0,0,0,0,1
RP_DF28D16E,CUST_6119,1753.91,CUSTOMER_ABANDONED,0.542,0,8,Mobile,0,0,0,0,1
RP_1ABEEB28,CUST_6694,402.55,GATEWAY_TIMEOUT,0.811,1,12,Mobile,0,1,1,0,0
RP_1AE4B03E,CUST_7136,283.91,GATEWAY_TIMEOUT,0.295,2,22,Mobile,0,0,0,0,0
RP_7B7B6DCD,CUST_6485,184.04,INSUFFICIENT_FUNDS,0.387,0,20,Desktop,0,0,0,0,0
RP_B4EE233A,CUST_5164,1795.09,CUSTOMER_ABANDONED,0.356,0,12,Mobile,0,0,0,0,0
RP_7458AFE6,CUST_3346,209.76,GATEWAY_TIMEOUT,0.761,1,8,Mobile,0,0,0,0,0
RP_CDC7115C,CUST_6039,602.11,GATEWAY_TIMEOUT,0.794,1,13,Desktop,0,0,0,0,0
RP_1A1F3515,CUST_5897,1018.95,GATEWAY_TIMEOUT,0.85,0,16,Desktop,0,1,0,0,0
RP_68748F58,CUST_9252,3620.43,GATEWAY_TIMEOUT,0.795,0,2,Mobile,0,0,0,0,1
RP_F115CDAF,CUST_6041,547.92,GATEWAY_TIMEOUT,0.67,0,17,Mobile,0,0,1,0,0
RP_FCCF74EC,CUST_4901,4171.07,INSUFFICIENT_FUNDS,0.757,0,11,Mobile,0,0,0,0,0
RP_84892038,CUST_2337,3384.6,CUSTOMER_ABANDONED,0.734,1,22,Mobile,0,0,0,1,1
RP_E156D74D,CUST_2184,303.21,INSUFFICIENT_FUNDS,0.938,0,8,Desktop,0,0,0,1,0
RP_5BC3F3AF,CUST_5426,4219.16,CUSTOMER_ABANDONED,0.802,1,15,Desktop,0,0,0,1,1
RP_82BCBE0E,CUST_2551,780.32,CUSTOMER_ABANDONED,0.599,0,12,Desktop,0,0,0,0,1
RP_C84C893A,CUST_2629,602.6,GATEWAY_TIMEOUT,0.936,0,17,Mobile,0,0,0,0,0
RP_55939480,CUST_2526,784.29,GATEWAY_TIMEOUT,0.627,0,11,Mobile,0,1,1,1,0
RP_372EF005,CUST_2361,1092.03,3D_SECURE_FAILED,0.908,0,21,Mobile,0,0,0,1,0
RP_113F91B4,CUST_5370,666.44,GATEWAY_TIMEOUT,0.704,1,1,Mobile,0,1,0,0,0
RP_E96B13B3,CUST_6283,400.36,GATEWAY_TIMEOUT,0.693,0,18,Desktop,0,1,1,1,0
RP_D12DE2FC,CUST_8610,445.19,GATEWAY_TIMEOUT,0.867,1,0,Mobile,0,0,0,1,0
RP_5A226653,CUST_2993,1295.6,CUSTOMER_ABANDONED,0.827,1,5,Mobile,0,0,0,0,0
RP_3A15C46D,CUST_1869,904.56,CUSTOMER_ABANDONED,0.892,0,17,Mobile,0,0,0,0,1
RP_C6B0BAFA,CUST_2014,2064.76,RISK_BLOCKED,0.753,0,2,Mobile,0,0,0,0,0
RP_47010120,CUST_1602,1167.75,3D_SECURE_FAILED,0.618,2,21,Mobile,0,0,0,0,0
RP_E552B99E,CUST_1690,1202.81,INSUFFICIENT_FUNDS,0.711,0,5,Desktop,0,0,0,0,1
RP_6FD0D9D0,CUST_9685,2233.61,INSUFFICIENT_FUNDS,0.727,2,3,Mobile,0,0,0,1,0
RP_13BB0662,CUST_1489,6019.15,GATEWAY_TIMEOUT,0.648,0,16,Mobile,0,1,0,0,0
RP_92D9E41C,CUST_7864,6315.91,GATEWAY_TIMEOUT,0.563,0,22,Mobile,0,1,1,1,0
RP_F690A36D,CUST_8240,5477.96,GATEWAY_TIMEOUT,0.666,1,17,Mobile,0,0,1,0,0
RP_E051429B,CUST_8786,3116.73,GATEWAY_TIMEOUT,0.526,1,21,Mobile,0,1,0,0,0
RP_9A3A6535,CUST_9024,13393.07,GATEWAY_TIMEOUT,0.658,1,6,Mobile,0,0,1,0,0
RP_D81F448C,CUST_1294,1854.53,GATEWAY_TIMEOUT,0.57,0,1,Mobile,0,0,1,0,0
RP_1E513D6B,CUST_6488,1620.77,INSUFFICIENT_FUNDS,0.61,1,14,Mobile,0,0,0,0,0
RP_9AACA0B2,CUST_5027,16199.01,RISK_BLOCKED,0.643,0,21,Desktop,0,0,0,0,0
RP_617F9BE7,CUST_3912,100.0,CUSTOMER_ABANDONED,0.87,0,16,Mobile,0,0,0,0,1
RP_A86BCB33,CUST_5744,848.38,RISK_BLOCKED,0.601,2,5,Mobile,0,0,0,0,0
RP_0180D024,CUST_2873,4929.51,INSUFFICIENT_FUNDS,0.523,0,7,Mobile,0,0,1,0,0
RP_CF46434B,CUST_4258,3555.73,INSUFFICIENT_FUNDS,0.726,0,7,Mobile,0,0,1,1,0
RP_7E175EA2,CUST_3817,23831.94,INSUFFICIENT_FUNDS,0.68,0,6,Mobile,0,0,0,0,0
RP_2DE171F5,CUST_9636,1247.61,GATEWAY_TIMEOUT,0.566,0,3,Mobile,0,0,1,0,0
RP_860C43BC,CUST_4641,653.94,GATEWAY_TIMEOUT,0.911,1,19,Mobile,0,0,1,0,0
RP_09F1DAE0,CUST_5458,736.2,3D_SECURE_FAILED,0.657,0,4,Mobile,0,1,0,1,1
RP_CD6F347F,CUST_6307,1606.29,RISK_BLOCKED,0.91,1,7,Mobile,0,0,0,0,0
RP_B4CCF89E,CUST_9933,7676.95,GATEWAY_TIMEOUT,0.535,1,13,Mobile,0,1,0,0,0
RP_7667001A,CUST_3041,7792.91,GATEWAY_TIMEOUT,0.895,0,19,Mobile,0,1,0,0,0
RP_D642FD6C,CUST_1679,1025.34,INSUFFICIENT_FUNDS,0.902,0,2,Desktop,0,0,0,1,0
RP_4981BAA1,CUST_6738,1485.65,GATEWAY_TIMEOUT,0.7,0,17,Desktop,0,0,0,0,1
RP_3383FF84,CUST_6668,526.41,INSUFFICIENT_FUNDS,0.713,1,21,Desktop,0,0,1,0,0
RP_059EC102,CUST_8697,596.66,GATEWAY_TIMEOUT,0.623,0,14,Desktop,0,1,0,0,0
RP_344CC00E,CUST_9033,3848.77,INSUFFICIENT_FUNDS,0.866,1,20,Mobile,0,0,1,0,0
RP_E1440AC6,CUST_1062,7499.97,GATEWAY_TIMEOUT,0.912,0,4,Mobile,0,1,0,0,0
RP_373C8EF6,CUST_8829,474.97,INSUFFICIENT_FUNDS,0.871,0,14,Mobile,0,0,0,0,0
RP_998BC33F,CUST_8352,1467.84,GATEWAY_TIMEOUT,0.764,0,5,Mobile,0,1,1,0,0
RP_0EB3433C,CUST_7915,819.18,INSUFFICIENT_FUNDS,0.65,0,9,Mobile,0,0,0,0,0
RP_32FC32F2,CUST_9326,3092.22,RISK_BLOCKED,0.765,1,22,Desktop,0,0,0,1,0
RP_275DB69A,CUST_4644,687.99,INSUFFICIENT_FUNDS,0.318,1,19,Mobile,0,0,0,0,0
RP_C1E13DF1,CUST_5970,108.66,3D_SECURE_FAILED,0.409,0,14,Mobile,0,0,0,1,0
RP_E5651DF0,CUST_9003,3657.11,CUSTOMER_ABANDONED,0.848,0,19,Mobile,0,0,0,0,0
RP_F52E484C,CUST_4278,761.9,RISK_BLOCKED,0.664,0,8,Mobile,0,0,0,0,0
RP_8AF56B0F,CUST_8296,863.22,CUSTOMER_ABANDONED,0.517,0,3,Desktop,0,0,0,0,0
RP_1ADF2186,CUST_4074,1849.56,CUSTOMER_ABANDONED,0.839,0,7,Mobile,0,0,0,0,0
RP_394F9579,CUST_9312,1674.72,3D_SECURE_FAILED,0.551,0,12,Desktop,0,0,0,0,0
RP_E40417F8,CUST_8552,1895.7,GATEWAY_TIMEOUT,0.415,0,16,Mobile,0,1,1,0,0
RP_A8B1B213,CUST_2637,155.14,INSUFFICIENT_FUNDS,0.686,0,3,Desktop,0,0,1,0,0
RP_249DFC35,CUST_6103,2137.88,RISK_BLOCKED,0.754,1,1,Mobile,0,0,0,0,0
RP_ADB4F318,CUST_1644,110.96,CUSTOMER_ABANDONED,0.799,0,4,Mobile,0,0,0,1,1
RP_5616249F,CUST_3032,2761.36,RISK_BLOCKED,0.755,0,1,Desktop,0,0,0,0,0
RP_0BCC4B4D,CUST_3761,4196.72,CUSTOMER_ABANDONED,0.737,0,15,Mobile,0,0,0,0,0
RP_0E6F3D28,CUST_3068,212.25,3D_SECURE_FAILED,0.628,1,22,Mobile,0,0,0,0,0
RP_D73323E5,CUST_1241,1626.39,CUSTOMER_ABANDONED,0.78,0,22,Mobile,0,0,0,0,0
RP_85957031,CUST_3668,3899.54,CUSTOMER_ABANDONED,0.651,0,14,Mobile,0,0,0,0,0
RP_3028A408,CUST_1802,639.83,INSUFFICIENT_FUNDS,0.713,2,3,Mobile,0,0,1,0,0
RP_DCA8C306,CUST_6059,2461.1,3D_SECURE_FAILED,0.712,0,14,Mobile,0,0,1,0,1
RP_27D6BFFE,CUST_1195,100.0,CUSTOMER_ABANDONED,0.629,0,4,Mobile,0,0,0,1,0
RP_14FDD446,CUST_3187,4096.28,CUSTOMER_ABANDONED,0.653,0,2,Desktop,0,0,0,0,0
RP_61A4B71D,CUST_3330,1136.82,CUSTOMER_ABANDONED,0.605,1,13,Desktop,0,0,0,0,1
RP_12A931A5,CUST_5841,804.81,INSUFFICIENT_FUNDS,0.769,0,6,Mobile,0,0,1,0,0
RP_EC385A7B,CUST_4606,3571.89,GATEWAY_TIMEOUT,0.676,0,14,Desktop,0,1,1,0,0
RP_3F61FE5B,CUST_9468,8735.48,3D_SECURE_FAILED,0.635,0,4,Mobile,0,0,0,0,1
RP_13755063,CUST_1060,1964.24,CUSTOMER_ABANDONED,0.663,0,8,Mobile,0,0,0,1,1
RP_E51FD4A7,CUST_4927,7558.72,GATEWAY_TIMEOUT,0.532,0,12,Desktop,0,0,0,0,0
RP_034CFD74,CUST_7296,170.04,GATEWAY_TIMEOUT,0.751,0,6,Mobile,0,0,1,0,0
RP_EFDD2144,CUST_3591,2438.5,CUSTOMER_ABANDONED,0.672,0,3,Mobile,0,0,0,0,1
RP_A548BF83,CUST_9758,935.98,CUSTOMER_ABANDONED,0.812,0,6,Mobile,0,0,0,1,1
RP_6F743DCF,CUST_7121,425.87,CUSTOMER_ABANDONED,0.525,0,0,Desktop,0,0,0,0,0
RP_38B9C8F6,CUST_2200,108.37,CUSTOMER_ABANDONED,0.72,0,14,Mobile,0,0,0,0,0
RP_82AA44A5,CUST_3854,2285.05,INSUFFICIENT_FUNDS,0.446,0,14,Mobile,0,0,0,0,0
RP_46300000,CUST_8024,3134.89,INSUFFICIENT_FUNDS,0.427,0,17,Mobile,0,0,1,0,0
RP_6A8E2A65,CUST_7972,5488.59,GATEWAY_TIMEOUT,0.967,0,14,Mobile,0,1,1,0,0
RP_F603C41F,CUST_1136,4499.8,CUSTOMER_ABANDONED,0.867,0,2,Mobile,0,0,0,1,1
RP_D547528B,CUST_2029,434.39,GATEWAY_TIMEOUT,0.623,1,4,Desktop,0,1,1,0,1
RP_CA3D97E8,CUST_3594,5160.8,CUSTOMER_ABANDONED,0.556,1,4,Desktop,0,0,0,0,0
RP_54BD5B09,CUST_8206,5858.31,INSUFFICIENT_FUNDS,0.548,1,15,Desktop,0,0,0,0,0
RP_D4DA598D,CUST_1661,802.73,INSUFFICIENT_FUNDS,0.424,0,22,Mobile,0,0,0,0,0
RP_51846795,CUST_3472,1134.69,3D_SECURE_FAILED,0.761,0,9,Mobile,0,0,0,0,0
RP_261BCAD2,CUST_1086,357.46,GATEWAY_TIMEOUT,0.478,1,21,Mobile,0,0,0,0,0
RP_E056CDE9,CUST_7219,6483.81,CUSTOMER_ABANDONED,0.77,0,22,Mobile,0,0,0,1,1
RP_9C27BE2E,CUST_9143,178.73,GATEWAY_TIMEOUT,0.614,0,12,Mobile,0,0,1,0,0
RP_F2D0FDB0,CUST_7968,2083.83,GATEWAY_TIMEOUT,0.677,2,14,Mobile,0,1,0,0,0
RP_311ECEB5,CUST_3773,535.82,INSUFFICIENT_FUNDS,0.58,0,7,Mobile,0,0,0,1,0
RP_CC5E2DA8,CUST_2700,290.2,GATEWAY_TIMEOUT,0.254,0,19,Desktop,0,0,0,0,0
RP_C714ECBB,CUST_3700,115.62,CUSTOMER_ABANDONED,0.713,0,6,Mobile,0,0,0,0,1
RP_2EE77094,CUST_7815,846.84,INSUFFICIENT_FUNDS,0.675,1,13,Desktop,0,0,0,1,0
RP_A5ED913C,CUST_2647,240.45,GATEWAY_TIMEOUT,0.892,2,5,Mobile,0,1,0,0,0
RP_DB4C647E,CUST_7038,1173.45,GATEWAY_TIMEOUT,0.527,2,7,Desktop,0,0,1,0,0
RP_F324BC14,CUST_6164,9165.53,CUSTOMER_ABANDONED,0.607,0,14,Mobile,0,0,0,0,0
RP_BD2A83E5,CUST_6520,1393.27,CUSTOMER_ABANDONED,0.363,0,16,Desktop,0,0,0,0,0
RP_D5B3C089,CUST_4687,12049.0,INSUFFICIENT_FUNDS,0.809,0,4,Mobile,0,0,1,0,1
RP_19FD9D03,CUST_1596,337.4,CUSTOMER_ABANDONED,0.369,0,11,Mobile,0,0,0,0,0
RP_EE4A1E90,CUST_5545,235.77,CUSTOMER_ABANDONED,0.472,1,12,Mobile,0,0,0,1,1
RP_FCEF4FCF,CUST_9676,319.76,CUSTOMER_ABANDONED,0.477,0,2,Mobile,0,0,0,0,0
RP_DEB0F90C,CUST_9837,1014.22,GATEWAY_TIMEOUT,0.859,0,18,Desktop,0,0,0,0,1
RP_0955ABFA,CUST_5757,28782.95,CUSTOMER_ABANDONED,0.81,0,14,Desktop,0,0,0,0,1
RP_68113CD3,CUST_5384,149.23,CUSTOMER_ABANDONED,0.795,0,17,Mobile,0,0,0,0,0
RP_308E1DB0,CUST_9912,2306.75,CUSTOMER_ABANDONED,0.9,0,20,Mobile,0,0,0,1,1
RP_2CCDEF85,CUST_5733,473.45,CUSTOMER_ABANDONED,0.721,0,19,Desktop,0,0,0,1,1
RP_2C2E79D3,CUST_8081,838.35,RISK_BLOCKED,0.625,0,6,Mobile,0,0,1,0,0
RP_1AD3734E,CUST_9690,242.35,GATEWAY_TIMEOUT,0.878,0,13,Mobile,0,0,1,1,1
RP_61E7FFFB,CUST_8117,3149.4,RISK_BLOCKED,0.466,0,23,Mobile,0,0,0,0,0
RP_44DDE528,CUST_5729,1040.33,INSUFFICIENT_FUNDS,0.733,1,19,Mobile,0,0,0,1,0
RP_B926C95F,CUST_2673,4043.82,CUSTOMER_ABANDONED,0.559,0,18,Mobile,0,0,0,1,1
RP_D9BA7798,CUST_9306,1353.29,GATEWAY_TIMEOUT,0.871,0,23,Mobile,0,1,0,0,1
RP_8D5568DB,CUST_8178,107.99,INSUFFICIENT_FUNDS,0.973,0,10,Mobile,0,0,1,0,0
RP_9A91C293,CUST_3294,4088.16,CUSTOMER_ABANDONED,0.866,0,6,Mobile,0,0,0,0,1
RP_7839795A,CUST_4630,100.0,CUSTOMER_ABANDONED,0.643,1,10,Mobile,0,0,0,0,0
RP_07737E68,CUST_1146,116.29,GATEWAY_TIMEOUT,0.865,2,7,Desktop,0,0,0,0,0
RP_B3DB80E6,CUST_4453,364.8,INSUFFICIENT_FUNDS,0.925,0,23,Mobile,0,0,0,1,0
RP_6EEB7001,CUST_5507,370.69,GATEWAY_TIMEOUT,0.723,0,9,Mobile,0,1,1,0,1
RP_AF2C9980,CUST_6783,5856.02,RISK_BLOCKED,0.574,0,23,Mobile,0,0,0,1,0
RP_5FAFF913,CUST_8751,893.02,3D_SECURE_FAILED,0.645,0,10,Mobile,0,0,0,0,0
RP_18ACD607,CUST_6628,4899.37,GATEWAY_TIMEOUT,0.927,2,0,Desktop,0,0,0,0,0
RP_2DCE4234,CUST_9328,554.74,3D_SECURE_FAILED,0.26,0,19,Desktop,0,0,0,0,0
RP_2C185B58,CUST_4360,1605.48,3D_SECURE_FAILED,0.532,0,9,Desktop,0,0,1,0,0
RP_AC78275A,CUST_4005,1936.91,INSUFFICIENT_FUNDS,0.716,0,6,Mobile,0,0,0,1,1
RP_21940AEC,CUST_4552,2528.24,CUSTOMER_ABANDONED,0.843,0,21,Mobile,0,0,0,0,1
RP_963AC95B,CUST_1018,627.72,INSUFFICIENT_FUNDS,0.607,0,2,Desktop,0,0,0,0,0
RP_5BD08737,CUST_3242,696.85,CUSTOMER_ABANDONED,0.891,1,18,Mobile,0,0,0,0,0
RP_5446D9B8,CUST_7318,766.81,INSUFFICIENT_FUNDS,0.613,0,3,Mobile,0,0,0,1,1
RP_27134F49,CUST_6097,150.97,INSUFFICIENT_FUNDS,0.855,2,5,Mobile,0,0,0,0,1
RP_C37D6DE9,CUST_9640,991.6,INSUFFICIENT_FUNDS,0.866,0,0,Desktop,0,0,1,0,0
RP_6F46BBD8,CUST_2948,692.0,GATEWAY_TIMEOUT,0.832,1,3,Mobile,0,1,0,0,0
RP_863A7839,CUST_6618,2199.72,CUSTOMER_ABANDONED,0.777,0,6,Mobile,0,0,0,0,1
RP_FE4DE1D0,CUST_5236,1223.61,INSUFFICIENT_FUNDS,0.955,0,10,Mobile,0,0,0,0,0
RP_CECACB09,CUST_7901,5451.57,INSUFFICIENT_FUNDS,0.746,0,5,Mobile,0,0,1,1,0
RP_F277C976,CUST_2920,1192.86,3D_SECURE_FAILED,0.93,0,4,Mobile,0,0,0,1,0
RP_1BAB7C85,CUST_5188,558.56,INSUFFICIENT_FUNDS,0.915,0,11,Mobile,0,0,0,1,0
RP_F37DEBB7,CUST_1238,1175.25,INSUFFICIENT_FUNDS,0.934,0,1,Mobile,0,0,0,0,1
RP_7A2369CA,CUST_1204,2614.95,RISK_BLOCKED,0.742,0,17,Mobile,0,0,0,0,0
RP_10B2F2DC,CUST_6552,130.6,3D_SECURE_FAILED,0.638,0,21,Mobile,0,0,0,0,0
RP_5AE20897,CUST_5927,464.84,GATEWAY_TIMEOUT,0.753,1,8,Mobile,0,1,0,0,0
RP_A5D9FBDC,CUST_5390,476.75,INSUFFICIENT_FUNDS,0.662,0,13,Desktop,0,0,0,1,1
RP_DF01C837,CUST_3687,1795.77,RISK_BLOCKED,0.678,0,11,Mobile,0,0,0,0,0
RP_B5595F5E,CUST_5951,2064.71,INSUFFICIENT_FUNDS,0.405,0,8,Mobile,0,0,0,0,0
RP_897F735C,CUST_7160,1238.27,INSUFFICIENT_FUNDS,0.612,1,0,Desktop,0,0,0,0,0
RP_E3127383,CUST_6388,100.0,GATEWAY_TIMEOUT,0.649,1,6,Desktop,0,1,0,0,1
RP_843F74C8,CUST_6126,151.06,GATEWAY_TIMEOUT,0.759,0,6,Mobile,0,1,0,0,1
RP_45926715,CUST_1816,823.27,CUSTOMER_ABANDONED,0.816,1,9,Mobile,0,0,0,1,1
RP_6ABAE505,CUST_1192,600.78,CUSTOMER_ABANDONED,0.701,1,1,Mobile,0,0,0,0,1
RP_B3F6DD36,CUST_2776,1103.72,RISK_BLOCKED,0.44,0,3,Mobile,0,0,0,0,0
RP_8E76CC78,CUST_4645,624.36,CUSTOMER_ABANDONED,0.826,0,7,Mobile,0,0,0,0,0
RP_5F68214F,CUST_7314,6891.0,GATEWAY_TIMEOUT,0.752,0,21,Mobile,0,1,0,0,0
RP_3B30E56E,CUST_9442,100.0,GATEWAY_TIMEOUT,0.816,0,13,Desktop,0,1,1,0,0
RP_02C9ED6D,CUST_2788,1576.8,RISK_BLOCKED,0.68,0,12,Mobile,0,0,0,0,0
RP_7BF34B01,CUST_8374,2961.98,INSUFFICIENT_FUNDS,0.704,0,15,Mobile,0,0,1,0,0
RP_90B2531A,CUST_4700,2544.9,INSUFFICIENT_FUNDS,0.731,0,6,Mobile,0,0,0,0,0
RP_E2AD0174,CUST_4893,2820.66,3D_SECURE_FAILED,0.905,0,9,Mobile,0,0,0,0,0
RP_8D8F1797,CUST_7811,3352.09,CUSTOMER_ABANDONED,0.861,1,10,Mobile,0,0,0,0,1
RP_B39BD172,CUST_3679,531.25,GATEWAY_TIMEOUT,0.779,0,10,Desktop,0,0,1,0,0
RP_3BA6C53A,CUST_4904,292.43,3D_SECURE_FAILED,0.523,0,5,Desktop,0,1,0,1,0
RP_A74C7FC8,CUST_8260,100.0,RISK_BLOCKED,0.467,2,11,Desktop,0,0,0,0,0
RP_49F354C6,CUST_1504,709.72,GATEWAY_TIMEOUT,0.657,0,9,Mobile,0,0,1,0,0
RP_025826E1,CUST_7773,431.37,3D_SECURE_FAILED,0.966,0,8,Mobile,0,1,0,0,0
RP_557BD00A,CUST_4816,4420.16,INSUFFICIENT_FUNDS,0.777,0,21,Mobile,0,0,0,1,0
RP_C47A545E,CUST_1717,776.6,INSUFFICIENT_FUNDS,0.668,1,5,Mobile,0,0,0,0,0
RP_9745F046,CUST_5434,318.47,3D_SECURE_FAILED,0.933,0,8,Mobile,0,0,0,1,1
RP_7DF5584C,CUST_1658,263.42,RISK_BLOCKED,0.633,1,2,Mobile,0,0,0,0,0
RP_DD7B00AF,CUST_6057,11927.29,GATEWAY_TIMEOUT,0.763,2,6,Mobile,0,1,0,0,0
RP_879A337E,CUST_5008,1067.95,GATEWAY_TIMEOUT,0.628,0,2,Desktop,0,1,0,0,0
RP_D5AAAA13,CUST_5994,429.32,GATEWAY_TIMEOUT,0.664,0,19,Mobile,0,1,0,0,0
RP_81ABF3FD,CUST_5234,1272.64,CUSTOMER_ABANDONED,0.593,0,7,Desktop,0,0,0,0,0
RP_852F50F3,CUST_4764,10681.48,GATEWAY_TIMEOUT,0.799,0,21,Desktop,0,1,0,0,0
RP_9C8C6F52,CUST_5637,687.03,INSUFFICIENT_FUNDS,0.502,0,21,Desktop,0,0,0,0,0
RP_61F0143C,CUST_3104,2500.92,GATEWAY_TIMEOUT,0.551,1,7,Desktop,0,0,0,0,0
RP_37506292,CUST_7801,4553.96,INSUFFICIENT_FUNDS,0.722,0,12,Mobile,0,0,1,1,0
RP_5A80FDBE,CUST_9575,113.33,GATEWAY_TIMEOUT,0.887,0,1,Mobile,0,1,1,0,0
RP_33B92FD6,CUST_3607,509.74,CUSTOMER_ABANDONED,0.935,0,13,Mobile,0,0,0,1,1
RP_EDA3D4F3,CUST_9385,3917.87,GATEWAY_TIMEOUT,0.716,0,4,Desktop,0,0,1,0,1
RP_91DD73D8,CUST_4719,473.82,INSUFFICIENT_FUNDS,0.94,0,12,Desktop,0,0,0,0,0
RP_008A8FBE,CUST_3581,1803.62,3D_SECURE_FAILED,0.811,0,22,Desktop,0,1,0,1,0
RP_DAAF4B1A,CUST_3565,441.34,CUSTOMER_ABANDONED,0.831,1,12,Mobile,0,0,0,1,1
RP_738E902B,CUST_3763,642.48,GATEWAY_TIMEOUT,0.805,0,18,Mobile,0,1,0,0,0
RP_504B2640,CUST_7328,555.11,GATEWAY_TIMEOUT,0.624,2,23,Desktop,0,1,0,0,0
RP_9F69D9F0,CUST_6991,2354.31,CUSTOMER_ABANDONED,0.779,2,2,Desktop,0,0,0,0,0
RP_BE92D090,CUST_4406,1396.74,INSUFFICIENT_FUNDS,0.693,0,13,Mobile,0,0,0,1,1
RP_C2A2A562,CUST_9923,1234.76,CUSTOMER_ABANDONED,0.7,0,3,Mobile,0,0,0,0,0
RP_058EE00F,CUST_5780,22225.47,INSUFFICIENT_FUNDS,0.517,0,9,Desktop,0,0,0,0,0
RP_3E81163D,CUST_5177,8845.26,INSUFFICIENT_FUNDS,0.939,0,5,Mobile,0,1,1,0,1
RP_18F1C606,CUST_7476,101.75,INSUFFICIENT_FUNDS,0.742,0,5,Desktop,0,0,0,0,0
RP_531ED393,CUST_3604,644.14,CUSTOMER_ABANDONED,0.708,0,1,Mobile,0,0,0,0,0
RP_A217B774,CUST_9181,20166.06,3D_SECURE_FAILED,0.756,0,1,Mobile,0,0,0,0,0
RP_B871D751,CUST_3382,550.32,GATEWAY_TIMEOUT,0.752,0,18,Mobile,0,1,1,0,0
RP_75017532,CUST_1531,13430.66,INSUFFICIENT_FUNDS,0.696,0,2,Mobile,0,0,1,0,0
RP_3C178DBD,CUST_7079,657.48,GATEWAY_TIMEOUT,0.641,0,19,Mobile,0,1,0,0,0
RP_AE28FC3F,CUST_1634,828.16,INSUFFICIENT_FUNDS,0.767,0,3,Mobile,0,0,0,1,0
RP_A123ACF5,CUST_1002,3091.11,3D_SECURE_FAILED,0.832,0,3,Desktop,0,0,0,0,0
RP_2655F403,CUST_9397,984.12,INSUFFICIENT_FUNDS,0.314,2,10,Mobile,0,0,0,0,0
RP_7C8DB7A2,CUST_6951,1985.35,3D_SECURE_FAILED,0.549,0,2,Mobile,0,0,0,0,0
RP_18D7236F,CUST_6626,7258.57,CUSTOMER_ABANDONED,0.791,2,16,Desktop,0,0,0,0,0
RP_3DAA7E7B,CUST_8739,2725.92,3D_SECURE_FAILED,0.657,0,8,Mobile,0,0,0,0,0
RP_C7886978,CUST_7003,1299.63,CUSTOMER_ABANDONED,0.617,0,13,Desktop,0,0,0,1,0
RP_8D0DE51B,CUST_3890,8170.07,GATEWAY_TIMEOUT,0.327,0,1,Mobile,0,0,1,0,0
RP_98F4D7C3,CUST_7239,3140.15,GATEWAY_TIMEOUT,0.683,1,13,Desktop,0,1,0,0,0
RP_02D8BC44,CUST_9026,454.75,INSUFFICIENT_FUNDS,0.913,0,2,Mobile,0,0,1,1,0
RP_5CADE216,CUST_4306,11802.78,GATEWAY_TIMEOUT,0.698,2,1,Desktop,0,0,0,0,0
RP_46F245AF,CUST_1897,2370.46,INSUFFICIENT_FUNDS,0.518,0,21,Mobile,0,0,0,0,0
RP_CD476257,CUST_1670,848.6,INSUFFICIENT_FUNDS,0.675,0,21,Mobile,0,0,0,1,0
RP_9AF263F4,CUST_8291,100.0,RISK_BLOCKED,0.794,0,0,Desktop,0,0,0,0,0
RP_8362ACF1,CUST_2505,209.96,INSUFFICIENT_FUNDS,0.694,1,3,Mobile,0,1,0,0,1
RP_6EAFC4A8,CUST_7460,8435.14,CUSTOMER_ABANDONED,0.364,2,9,Desktop,0,0,0,0,0
RP_21CDC648,CUST_6167,8844.92,3D_SECURE_FAILED,0.691,0,14,Mobile,0,0,0,1,1
RP_C4B33107,CUST_6255,1214.81,3D_SECURE_FAILED,0.893,1,20,Mobile,0,0,1,0,0
RP_5F244941,CUST_1249,131.07,GATEWAY_TIMEOUT,0.888,1,11,Mobile,0,1,0,0,0
RP_4E86EB55,CUST_7457,297.56,INSUFFICIENT_FUNDS,0.772,0,5,Mobile,0,0,0,1,0
RP_DD36CD27,CUST_2892,156.25,INSUFFICIENT_FUNDS,0.602,0,20,Mobile,0,0,0,0,0
RP_05DDED67,CUST_4439,149.59,INSUFFICIENT_FUNDS,0.584,0,2,Desktop,0,0,1,0,1
RP_0FE1BA80,CUST_3854,12483.5,INSUFFICIENT_FUNDS,0.832,0,2,Mobile,0,0,0,0,0
RP_58E7B4B9,CUST_4792,12989.56,CUSTOMER_ABANDONED,0.543,1,18,Mobile,0,0,0,0,0
RP_7ABC7655,CUST_6330,285.71,INSUFFICIENT_FUNDS,0.643,0,21,Mobile,0,0,1,1,1
RP_93028313,CUST_8871,1085.2,INSUFFICIENT_FUNDS,0.633,1,19,Desktop,0,0,0,1,0
RP_B13F6A2E,CUST_9235,234.69,RISK_BLOCKED,0.78,1,3,Mobile,0,0,0,0,0
RP_5C56D1C9,CUST_4612,1076.76,GATEWAY_TIMEOUT,0.963,1,18,Mobile,0,1,1,0,0
RP_4923C452,CUST_3618,7841.34,INSUFFICIENT_FUNDS,0.435,0,13,Desktop,0,0,0,0,0
RP_B2D5801D,CUST_5678,4001.65,CUSTOMER_ABANDONED,0.582,0,3,Mobile,0,0,0,0,0
RP_5CA19F63,CUST_4163,2894.0,GATEWAY_TIMEOUT,0.47,0,7,Mobile,0,1,0,0,0
RP_6B9AFE6D,CUST_3942,868.69,CUSTOMER_ABANDONED,0.884,2,18,Mobile,0,0,0,0,0
RP_4D5CDAF4,CUST_9411,4985.86,GATEWAY_TIMEOUT,0.51,0,18,Mobile,0,1,1,0,0
RP_6D8E4189,CUST_2925,2382.73,3D_SECURE_FAILED,0.648,0,21,Mobile,0,0,0,1,1
RP_CCD1B97C,CUST_3972,1780.59,INSUFFICIENT_FUNDS,0.752,0,0,Mobile,0,0,0,0,0
RP_83C40475,CUST_1990,954.81,INSUFFICIENT_FUNDS,0.649,0,21,Mobile,0,0,1,0,1
RP_DEDAC6FE,CUST_2812,1606.88,CUSTOMER_ABANDONED,0.609,0,14,Mobile,0,0,0,1,1
RP_40D35F15,CUST_9995,1549.83,GATEWAY_TIMEOUT,0.885,0,10,Mobile,0,0,0,0,0
RP_CFCCED36,CUST_1489,572.65,GATEWAY_TIMEOUT,0.807,0,8,Mobile,0,0,0,0,0
RP_B5513BA9,CUST_6876,432.72,INSUFFICIENT_FUNDS,0.603,2,2,Mobile,0,0,0,0,0
RP_CCF67F22,CUST_4645,331.53,INSUFFICIENT_FUNDS,0.902,0,17,Mobile,0,0,1,0,0
RP_5AE701EA,CUST_8081,358.01,INSUFFICIENT_FUNDS,0.636,1,18,Mobile,0,0,0,0,0
RP_75B2650F,CUST_3891,875.05,CUSTOMER_ABANDONED,0.33,0,15,Desktop,0,0,0,0,1
RP_96E15330,CUST_4516,718.22,CUSTOMER_ABANDONED,0.869,1,15,Mobile,0,0,0,0,1
RP_C86A22A5,CUST_4340,520.67,CUSTOMER_ABANDONED,0.794,2,2,Desktop,0,0,0,0,0
RP_D7D1FE34,CUST_7410,476.4,INSUFFICIENT_FUNDS,0.813,2,17,Desktop,0,0,0,0,0
RP_D1C5439B,CUST_1053,1556.6,GATEWAY_TIMEOUT,0.945,0,12,Mobile,0,1,0,0,0
RP_16B6178D,CUST_3575,5728.04,CUSTOMER_ABANDONED,0.611,1,19,Mobile,0,0,0,0,0
RP_0F8572AC,CUST_1615,1082.36,3D_SECURE_FAILED,0.66,0,7,Mobile,0,0,0,0,0
RP_66425DDE,CUST_6944,1000.65,GATEWAY_TIMEOUT,0.964,0,6,Mobile,0,1,1,1,1
RP_54AA94EE,CUST_8404,357.14,INSUFFICIENT_FUNDS,0.78,0,23,Desktop,0,0,0,1,0
RP_5A7BE99F,CUST_1954,839.09,INSUFFICIENT_FUNDS,0.685,0,22,Mobile,0,0,0,0,0
RP_8B179C13,CUST_2629,4575.19,INSUFFICIENT_FUNDS,0.865,0,21,Mobile,0,0,1,1,1
RP_017FBED9,CUST_7859,3808.36,CUSTOMER_ABANDONED,0.665,0,18,Mobile,0,1,0,0,1
RP_9B398D14,CUST_9841,3503.68,GATEWAY_TIMEOUT,0.638,1,19,Desktop,0,0,0,0,0
RP_595D5E9C,CUST_4278,3371.26,CUSTOMER_ABANDONED,0.721,0,23,Mobile,0,0,0,0,1
RP_100E5488,CUST_6455,1852.11,GATEWAY_TIMEOUT,0.769,0,11,Desktop,0,1,0,0,0
RP_204DE964,CUST_4801,1774.81,INSUFFICIENT_FUNDS,0.618,0,17,Mobile,0,0,0,0,0
RP_CF92F2ED,CUST_3561,1471.0,CUSTOMER_ABANDONED,0.653,0,14,Mobile,0,0,0,0,0
RP_5D75D326,CUST_7539,664.97,INSUFFICIENT_FUNDS,0.737,0,11,Mobile,0,0,0,0,0
RP_D943E7AE,CUST_1370,1212.5,GATEWAY_TIMEOUT,0.656,0,5,Mobile,0,1,0,0,1
RP_F2D09C23,CUST_1857,1420.44,RISK_BLOCKED,0.733,2,16,Desktop,0,0,0,0,0
RP_21793038,CUST_5886,2344.44,3D_SECURE_FAILED,0.94,1,22,Mobile,0,0,0,0,0
RP_89217808,CUST_8485,1236.83,CUSTOMER_ABANDONED,0.671,0,3,Mobile,0,0,0,0,0
RP_E13C0D5F,CUST_1383,13714.29,INSUFFICIENT_FUNDS,0.856,0,11,Mobile,0,0,1,0,0
RP_638A6847,CUST_5334,256.78,GATEWAY_TIMEOUT,0.565,0,16,Mobile,0,0,0,0,0
RP_7264E1DD,CUST_5290,2711.81,3D_SECURE_FAILED,0.848,0,20,Mobile,0,0,0,1,0
RP_BE3D3CFF,CUST_3725,1043.68,INSUFFICIENT_FUNDS,0.715,0,4,Desktop,0,0,0,1,1
RP_EB8CBAD3,CUST_7204,1099.46,3D_SECURE_FAILED,0.719,0,5,Desktop,0,0,0,0,0
RP_9AB0FCD6,CUST_7111,413.6,INSUFFICIENT_FUNDS,0.694,0,14,Mobile,0,0,0,0,0
RP_1CC7CC6B,CUST_5251,3726.45,INSUFFICIENT_FUNDS,0.855,0,7,Mobile,0,0,1,0,0
RP_8AE8A62C,CUST_1922,2400.45,RISK_BLOCKED,0.585,0,19,Desktop,0,0,0,0,0
RP_593775F1,CUST_3915,2982.05,INSUFFICIENT_FUNDS,0.979,2,15,Mobile,0,0,0,0,1
RP_35039521,CUST_8957,1343.58,GATEWAY_TIMEOUT,0.364,2,12,Mobile,0,0,0,0,0
RP_458E6D97,CUST_4046,742.58,GATEWAY_TIMEOUT,0.613,2,22,Mobile,0,1,1,0,0
RP_DD8097DB,CUST_2230,1012.45,INSUFFICIENT_FUNDS,0.762,2,14,Mobile,0,0,0,0,0
RP_AA1854B2,CUST_8647,1844.86,GATEWAY_TIMEOUT,0.43,0,19,Mobile,0,0,0,0,1
RP_01D568B2,CUST_5933,100.0,INSUFFICIENT_FUNDS,0.852,1,12,Mobile,0,0,1,0,0
RP_AFE92977,CUST_4940,3126.03,INSUFFICIENT_FUNDS,0.633,0,14,Desktop,0,0,0,0,0
RP_128BD25B,CUST_7483,20159.51,CUSTOMER_ABANDONED,0.944,1,1,Mobile,0,0,0,1,0
RP_D64955BD,CUST_1203,1951.59,INSUFFICIENT_FUNDS,0.589,1,23,Mobile,0,0,0,0,1
RP_8F15A7CA,CUST_1160,782.81,RISK_BLOCKED,0.678,0,20,Mobile,0,0,0,0,0
RP_F46AB8CD,CUST_9960,903.72,GATEWAY_TIMEOUT,0.873,0,19,Mobile,0,1,0,0,1
RP_870B4006,CUST_4748,2563.3,CUSTOMER_ABANDONED,0.581,0,17,Mobile,0,0,0,0,0
RP_C09E0E82,CUST_7718,804.37,GATEWAY_TIMEOUT,0.58,0,6,Mobile,0,0,0,0,0
RP_FDE53386,CUST_3581,3110.1,CUSTOMER_ABANDONED,0.544,2,20,Mobile,0,0,0,1,0
RP_81D1ECA4,CUST_2093,889.83,RISK_BLOCKED,0.758,1,8,Mobile,0,0,0,0,0
RP_E24AF217,CUST_5500,8578.55,CUSTOMER_ABANDONED,0.852,0,6,Mobile,0,0,0,1,1
RP_D1A02DAD,CUST_9799,8299.21,CUSTOMER_ABANDONED,0.912,0,8,Mobile,0,0,0,1,1
RP_12D19E42,CUST_6710,737.89,INSUFFICIENT_FUNDS,0.919,0,11,Mobile,0,0,1,0,0
RP_80123E4D,CUST_3875,995.03,CUSTOMER_ABANDONED,0.425,2,9,Mobile,0,0,0,0,1
RP_BD235F04,CUST_4191,1067.59,3D_SECURE_FAILED,0.415,2,9,Desktop,0,0,0,0,0
RP_7E261F2E,CUST_2837,1084.9,RISK_BLOCKED,0.399,0,12,Mobile,0,0,0,1,0
RP_3B410C94,CUST_1689,351.81,INSUFFICIENT_FUNDS,0.824,0,4,Mobile,0,0,0,0,0
RP_1459D79F,CUST_4759,297.46,RISK_BLOCKED,0.691,1,21,Mobile,0,0,0,0,0
RP_4BCF9A4F,CUST_3103,4913.34,GATEWAY_TIMEOUT,0.591,0,7,Mobile,0,1,0,1,1
RP_495AC380,CUST_1365,4055.16,GATEWAY_TIMEOUT,0.879,2,9,Mobile,0,1,1,0,0
RP_99CB7435,CUST_9092,3972.0,GATEWAY_TIMEOUT,0.711,0,5,Mobile,0,1,1,0,0
RP_EEBFEE77,CUST_5172,1009.03,GATEWAY_TIMEOUT,0.812,0,10,Mobile,0,1,0,0,0
RP_FB1F0163,CUST_7033,10619.15,CUSTOMER_ABANDONED,0.933,0,3,Mobile,0,0,0,1,1
RP_5AFD0DC6,CUST_3378,1067.46,3D_SECURE_FAILED,0.713,0,1,Desktop,0,0,0,0,0
RP_733E4FDF,CUST_2205,3088.53,CUSTOMER_ABANDONED,0.707,0,5,Desktop,0,0,0,0,0
RP_293EF810,CUST_5988,207.19,CUSTOMER_ABANDONED,0.565,0,12,Mobile,0,0,0,0,0
RP_0990E7CD,CUST_6669,832.4,INSUFFICIENT_FUNDS,0.569,1,11,Mobile,0,0,1,1,0
RP_0628BF69,CUST_3735,909.61,CUSTOMER_ABANDONED,0.94,1,13,Mobile,0,0,0,0,0
RP_CA02B783,CUST_9490,1013.75,INSUFFICIENT_FUNDS,0.628,0,7,Mobile,0,0,0,0,0
RP_57E6022B,CUST_1956,223.5,CUSTOMER_ABANDONED,0.944,0,2,Mobile,0,0,0,0,1
RP_F8732813,CUST_7623,2552.06,CUSTOMER_ABANDONED,0.564,0,4,Mobile,0,0,0,0,1
RP_3234E151,CUST_2474,3768.12,CUSTOMER_ABANDONED,0.486,0,21,Mobile,0,0,0,0,0
RP_538B48BB,CUST_5460,449.16,INSUFFICIENT_FUNDS,0.364,0,6,Desktop,0,0,0,0,0
RP_994184A4,CUST_8002,276.77,3D_SECURE_FAILED,0.922,2,17,Mobile,0,0,1,0,0
RP_8FB9ABB1,CUST_7396,435.84,GATEWAY_TIMEOUT,0.903,2,5,Mobile,0,1,1,0,0
RP_233FC3E6,CUST_3828,1987.43,INSUFFICIENT_FUNDS,0.396,0,17,Mobile,0,0,0,0,0
RP_DF196A2C,CUST_3850,535.97,CUSTOMER_ABANDONED,0.598,1,7,Mobile,0,0,0,0,0
RP_B181A86A,CUST_3964,933.67,INSUFFICIENT_FUNDS,0.954,1,6,Mobile,0,0,0,1,0
RP_35C03907,CUST_5594,302.43,3D_SECURE_FAILED,0.837,2,1,Mobile,0,0,0,0,1
RP_02B73972,CUST_7644,11791.61,INSUFFICIENT_FUNDS,0.8,0,3,Mobile,0,0,0,0,0
RP_88A98392,CUST_3850,1197.32,INSUFFICIENT_FUNDS,0.571,1,22,Mobile,0,0,1,0,0
RP_FA8934A4,CUST_1165,4357.52,3D_SECURE_FAILED,0.665,0,8,Mobile,0,0,0,1,0
RP_EF385DB7,CUST_1919,1981.89,INSUFFICIENT_FUNDS,0.458,0,15,Desktop,0,0,0,0,1
RP_8D42EB13,CUST_9305,1042.88,INSUFFICIENT_FUNDS,0.816,0,18,Mobile,0,0,1,1,0
RP_04542CEC,CUST_4504,980.05,INSUFFICIENT_FUNDS,0.807,0,9,Mobile,0,0,0,0,0
RP_FE9178D3,CUST_1991,459.3,GATEWAY_TIMEOUT,0.827,0,7,Mobile,0,0,1,0,0
RP_53F47441,CUST_7047,638.71,CUSTOMER_ABANDONED,0.842,0,15,Desktop,0,0,0,0,1
RP_03851517,CUST_4839,327.22,GATEWAY_TIMEOUT,0.819,1,7,Mobile,0,1,0,0,0
RP_89A0DA51,CUST_2258,287.08,3D_SECURE_FAILED,0.924,1,19,Desktop,0,0,0,1,1
RP_69555C06,CUST_8609,13408.59,CUSTOMER_ABANDONED,0.936,2,3,Desktop,0,0,1,0,1
RP_FE80E5E7,CUST_9706,1532.56,GATEWAY_TIMEOUT,0.758,0,22,Mobile,0,0,0,0,1
RP_DE67BAFB,CUST_5804,6366.85,CUSTOMER_ABANDONED,0.684,2,19,Mobile,0,0,1,0,1
RP_7E4215DC,CUST_1067,422.9,CUSTOMER_ABANDONED,0.717,0,12,Mobile,0,0,0,0,0
RP_96CFF41A,CUST_6660,244.22,GATEWAY_TIMEOUT,0.818,0,9,Mobile,0,1,0,0,0
RP_D0E4A089,CUST_5478,339.23,GATEWAY_TIMEOUT,0.654,0,22,Mobile,0,1,0,0,0
RP_DEC7E0B1,CUST_9210,660.84,INSUFFICIENT_FUNDS,0.751,1,8,Mobile,0,0,0,0,0
RP_EB1270D4,CUST_4521,1145.73,CUSTOMER_ABANDONED,0.674,0,11,Mobile,0,0,0,0,0
RP_13F25CE1,CUST_1572,914.96,CUSTOMER_ABANDONED,0.609,1,14,Mobile,0,0,0,0,1
RP_E184C4FC,CUST_8082,433.62,INSUFFICIENT_FUNDS,0.737,1,21,Mobile,0,0,0,0,0
RP_CCB7B3EC,CUST_8832,1218.36,CUSTOMER_ABANDONED,0.736,2,0,Mobile,0,0,0,0,0
RP_EE00CE1A,CUST_6395,1353.52,CUSTOMER_ABANDONED,0.619,2,11,Desktop,0,0,0,1,0
RP_AD47414B,CUST_3258,2547.15,CUSTOMER_ABANDONED,0.803,0,23,Mobile,0,0,0,0,1
RP_BAFC5672,CUST_7039,6402.98,CUSTOMER_ABANDONED,0.682,1,13,Desktop,0,0,0,0,0
RP_F88FA1FB,CUST_1650,708.63,INSUFFICIENT_FUNDS,0.726,2,21,Mobile,0,0,0,1,0
RP_9D715F31,CUST_6741,4715.34,3D_SECURE_FAILED,0.924,2,22,Mobile,0,0,0,0,1
RP_95001A59,CUST_7838,1186.93,CUSTOMER_ABANDONED,0.662,1,1,Desktop,0,0,0,0,1
RP_543B58B2,CUST_3587,175.43,CUSTOMER_ABANDONED,0.771,1,2,Desktop,0,0,0,1,0
RP_12718F59,CUST_8876,9320.07,INSUFFICIENT_FUNDS,0.818,0,5,Mobile,0,0,1,0,0
RP_F311B5CD,CUST_4262,16764.92,GATEWAY_TIMEOUT,0.596,1,18,Mobile,0,0,0,0,0
RP_DC1FD92D,CUST_2338,2305.18,INSUFFICIENT_FUNDS,0.557,0,20,Mobile,0,0,0,1,0
RP_87B056D1,CUST_5996,1221.39,INSUFFICIENT_FUNDS,0.438,0,12,Mobile,0,0,0,0,0
RP_30A823A8,CUST_6780,791.8,CUSTOMER_ABANDONED,0.886,0,19,Desktop,0,0,0,0,0
RP_6E236D72,CUST_3827,628.45,INSUFFICIENT_FUNDS,0.746,0,20,Mobile,0,0,0,0,0
RP_6F7E1A74,CUST_6232,4688.38,CUSTOMER_ABANDONED,0.731,0,7,Mobile,0,0,0,0,1
RP_3D44A250,CUST_3217,1074.14,CUSTOMER_ABANDONED,0.674,1,3,Mobile,0,0,0,1,0
RP_B8ABA362,CUST_4539,8174.12,CUSTOMER_ABANDONED,0.45,1,18,Mobile,0,0,0,0,0
RP_B7AB4CB1,CUST_8845,1143.48,GATEWAY_TIMEOUT,0.686,0,6,Mobile,0,0,1,0,0
RP_0A387FED,CUST_5383,668.6,RISK_BLOCKED,0.827,0,6,Mobile,0,0,0,0,0
RP_DFBA4DEC,CUST_3961,532.96,CUSTOMER_ABANDONED,0.811,2,0,Mobile,0,0,0,0,0
RP_054F8E0E,CUST_4226,449.23,CUSTOMER_ABANDONED,0.608,0,18,Mobile,0,0,0,1,0
RP_4F776D93,CUST_7837,2032.4,INSUFFICIENT_FUNDS,0.503,0,16,Mobile,0,0,1,0,0
RP_98F10F71,CUST_8031,231.97,INSUFFICIENT_FUNDS,0.779,0,7,Desktop,0,0,0,0,0
RP_EB0FA166,CUST_4716,410.75,GATEWAY_TIMEOUT,0.453,2,20,Desktop,0,0,0,0,0
RP_2A7415CC,CUST_4414,5374.28,INSUFFICIENT_FUNDS,0.411,0,14,Mobile,0,0,0,0,0
RP_FE43EDE7,CUST_2448,348.81,GATEWAY_TIMEOUT,0.831,2,19,Mobile,0,0,0,0,0
RP_685229C4,CUST_1570,3087.9,CUSTOMER_ABANDONED,0.789,0,18,Mobile,0,0,0,0,1
RP_DED5DE38,CUST_3904,100.0,CUSTOMER_ABANDONED,0.797,0,6,Desktop,0,0,0,0,0
RP_63335F29,CUST_3505,6248.55,INSUFFICIENT_FUNDS,0.745,0,23,Mobile,0,0,0,0,0
RP_228F5BFF,CUST_1917,238.82,INSUFFICIENT_FUNDS,0.795,0,23,Desktop,0,0,1,0,0
RP_4E0A6D80,CUST_7982,383.11,3D_SECURE_FAILED,0.921,0,12,Mobile,0,0,0,1,0
RP_26A1196A,CUST_8427,2480.99,GATEWAY_TIMEOUT,0.443,0,0,Desktop,0,0,1,0,0
RP_ADC217EF,CUST_7336,1517.0,CUSTOMER_ABANDONED,0.813,0,6,Mobile,0,0,0,1,0
RP_2740B362,CUST_2678,3209.87,GATEWAY_TIMEOUT,0.726,0,4,Mobile,0,1,0,0,0
RP_057C7A54,CUST_1615,236.53,GATEWAY_TIMEOUT,0.915,1,17,Mobile,0,0,0,1,0
RP_9B8A634D,CUST_8086,777.31,GATEWAY_TIMEOUT,0.665,1,7,Desktop,0,0,0,0,0
RP_3C7E30CA,CUST_5749,522.96,CUSTOMER_ABANDONED,0.794,1,14,Mobile,0,0,0,0,1
RP_C38079F1,CUST_4505,289.39,INSUFFICIENT_FUNDS,0.804,2,17,Mobile,0,0,0,1,0
RP_98B44EA0,CUST_5529,2241.9,3D_SECURE_FAILED,0.719,0,5,Desktop,0,0,0,0,0
RP_66F4C749,CUST_2135,3400.45,INSUFFICIENT_FUNDS,0.595,0,4,Mobile,0,0,1,0,1
RP_626D23FB,CUST_9566,731.99,GATEWAY_TIMEOUT,0.821,0,21,Mobile,0,1,1,0,0
RP_4CD66326,CUST_8226,6817.54,CUSTOMER_ABANDONED,0.807,0,10,Mobile,0,0,0,1,0
RP_682B2073,CUST_6162,427.16,GATEWAY_TIMEOUT,0.736,0,7,Mobile,0,0,0,0,1
RP_0AF7A4E1,CUST_1206,6622.05,CUSTOMER_ABANDONED,0.716,2,8,Mobile,0,0,0,0,1
RP_22C32E98,CUST_5875,2153.15,GATEWAY_TIMEOUT,0.89,1,12,Desktop,0,1,1,0,0
RP_595C8F61,CUST_2319,252.58,INSUFFICIENT_FUNDS,0.971,0,2,Mobile,0,0,0,1,0
RP_265D5968,CUST_2141,11823.32,CUSTOMER_ABANDONED,0.73,0,2,Mobile,0,0,0,1,1
RP_2C38FC6C,CUST_5627,643.31,RISK_BLOCKED,0.842,0,6,Mobile,0,0,0,0,0
RP_DF243B83,CUST_8389,4657.07,INSUFFICIENT_FUNDS,0.623,2,2,Mobile,0,0,0,1,0
RP_2D1DC65A,CUST_3690,1306.07,CUSTOMER_ABANDONED,0.383,0,10,Mobile,0,0,0,1,0
RP_2517FDBE,CUST_8323,1718.71,GATEWAY_TIMEOUT,0.73,0,13,Mobile,0,1,0,0,0
RP_6F655C7C,CUST_4255,3233.91,CUSTOMER_ABANDONED,0.643,2,20,Mobile,0,0,0,0,1
RP_E6B151EC,CUST_9281,3026.07,CUSTOMER_ABANDONED,0.67,2,9,Mobile,0,0,0,0,0
RP_3D9169BA,CUST_6213,727.36,GATEWAY_TIMEOUT,0.529,0,19,Mobile,0,0,1,0,0
RP_54638C85,CUST_5108,2075.59,INSUFFICIENT_FUNDS,0.685,0,8,Mobile,0,0,1,0,0
RP_AC40C2D6,CUST_4020,1896.79,GATEWAY_TIMEOUT,0.868,0,11,Mobile,0,1,0,0,0
RP_3F803CDD,CUST_2857,1416.97,INSUFFICIENT_FUNDS,0.596,1,7,Mobile,0,0,0,0,0
RP_2D9D96B2,CUST_9996,859.22,GATEWAY_TIMEOUT,0.728,0,11,Desktop,0,1,0,1,0
RP_817D80F4,CUST_3789,1413.58,CUSTOMER_ABANDONED,0.831,2,8,Mobile,0,0,0,0,0
RP_ECA1A431,CUST_4875,11626.58,RISK_BLOCKED,0.546,0,21,Mobile,0,0,0,0,0
RP_17C64725,CUST_8605,769.67,GATEWAY_TIMEOUT,0.772,0,17,Mobile,0,0,0,0,0
RP_27C519A6,CUST_9135,4665.29,INSUFFICIENT_FUNDS,0.492,1,23,Mobile,0,0,0,1,0
RP_856F1FFB,CUST_7055,521.36,CUSTOMER_ABANDONED,0.964,0,16,Mobile,0,0,0,0,1
RP_03599ACF,CUST_4882,380.86,3D_SECURE_FAILED,0.835,0,10,Mobile,0,0,1,1,0
RP_6EE6CB4D,CUST_8175,55920.1,INSUFFICIENT_FUNDS,0.475,0,20,Mobile,0,0,0,0,1
RP_BAB14947,CUST_8129,2096.51,INSUFFICIENT_FUNDS,0.924,1,1,Mobile,0,0,1,0,0
RP_CF82DE6C,CUST_6021,2166.82,INSUFFICIENT_FUNDS,0.785,0,22,Desktop,0,0,1,1,0
RP_2F32C842,CUST_5735,2240.09,GATEWAY_TIMEOUT,0.919,0,20,Desktop,0,1,1,0,0
RP_296B840E,CUST_3387,5935.82,GATEWAY_TIMEOUT,0.562,0,18,Mobile,0,0,0,0,0
RP_F32662F1,CUST_7582,1788.93,INSUFFICIENT_FUNDS,0.819,0,13,Mobile,0,0,1,0,0
RP_71BDCFC5,CUST_6866,2920.37,GATEWAY_TIMEOUT,0.606,2,22,Mobile,0,0,0,0,0
RP_BA12C886,CUST_3566,307.88,CUSTOMER_ABANDONED,0.742,0,2,Mobile,0,0,0,0,1
RP_16062E7D,CUST_1975,3571.38,INSUFFICIENT_FUNDS,0.789,0,5,Mobile,0,0,1,1,0
RP_CAF43C1D,CUST_8212,825.42,INSUFFICIENT_FUNDS,0.985,0,3,Mobile,0,0,0,1,0
RP_04A51125,CUST_2262,2455.51,GATEWAY_TIMEOUT,0.863,1,11,Mobile,0,1,0,0,0
RP_4A56B291,CUST_6047,140.03,3D_SECURE_FAILED,0.584,0,1,Mobile,0,0,0,0,0
RP_6D6B93FD,CUST_8382,2336.05,3D_SECURE_FAILED,0.665,1,5,Mobile,0,0,0,0,0
RP_43A70DD2,CUST_7231,100.0,GATEWAY_TIMEOUT,0.838,0,4,Mobile,0,0,1,0,0
RP_C96EC98D,CUST_4327,787.53,INSUFFICIENT_FUNDS,0.88,0,4,Mobile,0,0,0,1,0
RP_D6A8F7C5,CUST_6630,141.65,CUSTOMER_ABANDONED,0.734,0,7,Desktop,0,0,0,0,0
RP_F1CE2843,CUST_3259,2344.07,GATEWAY_TIMEOUT,0.855,0,4,Mobile,0,0,1,1,0
RP_F27D99CE,CUST_2257,1191.69,INSUFFICIENT_FUNDS,0.718,0,23,Mobile,0,0,1,0,0
RP_7CF5DD9E,CUST_1464,434.87,GATEWAY_TIMEOUT,0.989,0,7,Desktop,0,0,1,0,0
RP_2EC57C65,CUST_4294,6132.08,3D_SECURE_FAILED,0.836,0,0,Mobile,0,0,0,0,0
RP_A3F40359,CUST_7774,373.9,3D_SECURE_FAILED,0.591,1,19,Mobile,0,0,0,0,0
RP_E69C80CF,CUST_8431,100.0,CUSTOMER_ABANDONED,0.734,1,8,Mobile,0,0,0,0,0
RP_28AF1E5E,CUST_2230,2031.16,INSUFFICIENT_FUNDS,0.848,0,13,Desktop,0,0,0,1,1
RP_90E31D9A,CUST_4805,131.64,3D_SECURE_FAILED,0.567,0,1,Desktop,0,0,0,1,0
RP_838F93FA,CUST_7419,388.38,3D_SECURE_FAILED,0.878,1,10,Mobile,0,0,0,1,0
RP_6A043ED6,CUST_6750,589.45,RISK_BLOCKED,0.922,0,3,Mobile,0,0,0,0,0
RP_E3C036DB,CUST_4856,198.58,GATEWAY_TIMEOUT,0.979,2,3,Mobile,0,1,0,0,0
RP_27CF5B5C,CUST_4135,606.39,GATEWAY_TIMEOUT,0.489,0,16,Mobile,0,0,0,0,0
RP_220F89BB,CUST_7953,203.09,CUSTOMER_ABANDONED,0.881,1,15,Mobile,0,0,0,0,1
RP_83DD51DD,CUST_7034,1332.56,INSUFFICIENT_FUNDS,0.549,0,6,Desktop,0,0,0,0,0
RP_377B488B,CUST_5589,251.01,GATEWAY_TIMEOUT,0.285,0,11,Desktop,0,0,0,0,0
RP_8DD71DA2,CUST_2546,1137.03,GATEWAY_TIMEOUT,0.73,0,16,Desktop,0,1,0,0,0
RP_447714BA,CUST_7065,4422.27,3D_SECURE_FAILED,0.708,0,4,Mobile,0,0,0,0,0
RP_F48DCED7,CUST_2094,2804.13,3D_SECURE_FAILED,0.845,0,7,Desktop,0,0,0,0,1
RP_87F21A15,CUST_3411,994.21,INSUFFICIENT_FUNDS,0.539,0,19,Mobile,0,0,0,0,0
RP_30B1C561,CUST_3617,334.79,3D_SECURE_FAILED,0.936,0,4,Mobile,0,0,0,0,0
RP_569B2F51,CUST_9954,1327.45,CUSTOMER_ABANDONED,0.98,0,10,Mobile,0,0,0,1,0
RP_D6E6C53F,CUST_5145,475.87,CUSTOMER_ABANDONED,0.527,0,18,Desktop,0,0,0,0,0
RP_092E234F,CUST_3775,1395.97,INSUFFICIENT_FUNDS,0.818,0,20,Mobile,0,0,1,0,0
RP_DC41647B,CUST_7628,140.0,GATEWAY_TIMEOUT,0.45,0,18,Desktop,0,0,0,0,1
RP_6B99EE87,CUST_4155,2889.14,INSUFFICIENT_FUNDS,0.311,0,3,Mobile,0,0,1,0,0
RP_21DE10CA,CUST_4970,1141.23,INSUFFICIENT_FUNDS,0.351,0,10,Mobile,0,0,0,0,0
RP_ABDBB989,CUST_8972,15525.2,CUSTOMER_ABANDONED,0.661,2,18,Mobile,0,0,0,0,1
RP_8273691A,CUST_9775,5256.78,GATEWAY_TIMEOUT,0.473,1,4,Mobile,0,1,0,0,0
RP_6DB96232,CUST_6415,2163.37,RISK_BLOCKED,0.828,0,1,Mobile,0,0,0,0,0
RP_A470A0D2,CUST_5331,945.02,GATEWAY_TIMEOUT,0.445,0,18,Mobile,0,0,0,0,0
RP_FBE3341F,CUST_2942,456.9,GATEWAY_TIMEOUT,0.623,0,16,Mobile,0,1,0,0,1
RP_5E4912AE,CUST_7026,3397.83,INSUFFICIENT_FUNDS,0.663,0,20,Mobile,0,0,0,0,0
RP_FEEC3832,CUST_9301,832.67,INSUFFICIENT_FUNDS,0.751,0,19,Desktop,0,0,0,0,1
RP_C2E4592A,CUST_1191,4456.14,INSUFFICIENT_FUNDS,0.878,0,17,Mobile,0,0,0,1,0
RP_B0D212FE,CUST_1861,1773.99,CUSTOMER_ABANDONED,0.441,0,14,Mobile,0,0,0,0,1
RP_8DED7C46,CUST_7711,1789.33,INSUFFICIENT_FUNDS,0.65,0,15,Mobile,0,0,0,1,1
RP_77DDD056,CUST_1649,2238.21,CUSTOMER_ABANDONED,0.588,0,11,Mobile,0,0,0,0,0
RP_3E9C1C24,CUST_5134,363.74,CUSTOMER_ABANDONED,0.94,0,7,Desktop,0,0,0,1,1
RP_83A51837,CUST_8587,321.64,GATEWAY_TIMEOUT,0.789,0,5,Mobile,0,0,0,0,1
RP_6BCC40B3,CUST_9828,308.57,CUSTOMER_ABANDONED,0.691,0,23,Mobile,0,0,0,1,1
RP_553000A6,CUST_2036,3854.5,3D_SECURE_FAILED,0.687,0,17,Desktop,0,0,0,0,0
RP_76A43E6A,CUST_5131,352.53,GATEWAY_TIMEOUT,0.833,0,10,Desktop,0,0,1,0,0
RP_B17F1D71,CUST_3148,409.37,INSUFFICIENT_FUNDS,0.449,0,5,Desktop,0,0,0,0,0
RP_3A8BB85C,CUST_6457,2090.21,3D_SECURE_FAILED,0.893,0,16,Mobile,0,0,0,0,0
RP_91ED51CF,CUST_7079,810.41,INSUFFICIENT_FUNDS,0.811,1,9,Desktop,0,0,0,0,0
RP_E8EB6BC2,CUST_3430,695.23,INSUFFICIENT_FUNDS,0.586,0,18,Mobile,0,0,1,1,0
RP_62A7F867,CUST_2879,626.49,RISK_BLOCKED,0.555,0,14,Mobile,0,0,0,0,0
RP_40F13A6C,CUST_8542,100.0,GATEWAY_TIMEOUT,0.784,0,15,Mobile,0,1,1,0,0
RP_C8DD1F3E,CUST_3011,343.69,GATEWAY_TIMEOUT,0.61,0,22,Mobile,0,1,0,0,0
RP_BFECD9B3,CUST_4373,4527.28,3D_SECURE_FAILED,0.721,1,16,Desktop,0,0,0,1,0
RP_27B39F38,CUST_8357,574.05,3D_SECURE_FAILED,0.931,1,21,Desktop,0,0,1,0,1
RP_DEAE0F49,CUST_2289,112.1,INSUFFICIENT_FUNDS,0.852,0,6,Desktop,0,0,0,1,0
RP_13EF9ED6,CUST_2447,327.15,INSUFFICIENT_FUNDS,0.352,0,18,Mobile,0,0,0,0,0
RP_B96D9DDC,CUST_4199,1688.89,CUSTOMER_ABANDONED,0.747,0,7,Desktop,0,0,0,0,1
RP_B10ED2EB,CUST_7381,1649.19,CUSTOMER_ABANDONED,0.778,2,7,Mobile,0,0,0,0,0
RP_8018549F,CUST_8522,770.36,GATEWAY_TIMEOUT,0.6,1,4,Mobile,0,0,1,0,0
RP_457D541F,CUST_7059,479.6,GATEWAY_TIMEOUT,0.811,0,10,Mobile,0,0,0,0,1
RP_19E9F245,CUST_4183,203.85,INSUFFICIENT_FUNDS,0.817,0,1,Mobile,0,0,1,0,0
RP_ADB58430,CUST_6462,1705.86,3D_SECURE_FAILED,0.627,1,17,Mobile,0,0,0,0,0
RP_2604D46D,CUST_4216,2997.23,3D_SECURE_FAILED,0.868,0,20,Desktop,0,0,0,0,1
RP_6E5DD2CC,CUST_4136,5149.51,RISK_BLOCKED,0.716,0,3,Mobile,0,0,0,0,0
RP_2FCAFBB1,CUST_4318,289.25,3D_SECURE_FAILED,0.65,0,11,Desktop,0,0,0,1,0
RP_0108F5CE,CUST_3782,5645.58,CUSTOMER_ABANDONED,0.876,0,3,Mobile,0,0,0,0,1
RP_555D9AC9,CUST_8657,1024.61,INSUFFICIENT_FUNDS,0.766,1,4,Mobile,0,0,0,0,0
RP_B9EA8A4F,CUST_5920,1132.16,CUSTOMER_ABANDONED,0.914,1,16,Mobile,0,0,0,1,0
RP_F3DD5A88,CUST_7324,3204.5,CUSTOMER_ABANDONED,0.839,0,22,Desktop,0,0,0,0,0
RP_C1B315FB,CUST_7327,572.98,INSUFFICIENT_FUNDS,0.716,0,18,Mobile,0,0,0,1,0
RP_25F275BF,CUST_9417,100.0,GATEWAY_TIMEOUT,0.736,0,9,Mobile,0,1,0,0,0
RP_A36BF4BD,CUST_1776,2555.07,3D_SECURE_FAILED,0.822,0,13,Mobile,0,0,0,0,0
RP_F2046BFA,CUST_6208,1666.17,INSUFFICIENT_FUNDS,0.439,0,14,Mobile,0,0,0,0,0
RP_2359A1EB,CUST_1687,711.71,INSUFFICIENT_FUNDS,0.869,0,13,Mobile,0,0,1,0,0
RP_77713E70,CUST_1529,2314.71,CUSTOMER_ABANDONED,0.556,2,15,Mobile,0,0,0,0,1
RP_30E2BA35,CUST_6067,2958.19,CUSTOMER_ABANDONED,0.681,0,7,Mobile,0,0,0,0,1
RP_72760D9C,CUST_9080,178.68,GATEWAY_TIMEOUT,0.883,0,8,Mobile,0,1,0,0,0
RP_F667EC3F,CUST_6518,1126.66,CUSTOMER_ABANDONED,0.831,0,7,Mobile,0,0,0,1,1
RP_BFBF7DFD,CUST_3153,100.0,GATEWAY_TIMEOUT,0.708,0,10,Desktop,0,0,1,0,0
RP_03B3CE01,CUST_7094,945.36,GATEWAY_TIMEOUT,0.71,0,11,Mobile,0,1,1,0,0
RP_AE9A70C4,CUST_7974,701.14,INSUFFICIENT_FUNDS,0.859,0,13,Mobile,0,0,0,0,1
RP_82021E2C,CUST_5774,1978.89,CUSTOMER_ABANDONED,0.894,0,17,Mobile,0,0,0,0,1
RP_890A913D,CUST_8692,302.58,RISK_BLOCKED,0.75,0,22,Desktop,0,0,0,0,0
RP_44EFFBB2,CUST_4103,661.31,CUSTOMER_ABANDONED,0.766,0,11,Mobile,0,0,0,1,0
RP_DF28C07A,CUST_3440,100.0,3D_SECURE_FAILED,0.428,0,3,Mobile,0,0,0,1,0
RP_34BED328,CUST_5135,2140.95,GATEWAY_TIMEOUT,0.537,0,12,Desktop,0,0,0,0,0
RP_C1DBDCFE,CUST_8124,986.26,GATEWAY_TIMEOUT,0.839,0,20,Desktop,0,0,0,0,1
RP_E886C207,CUST_6201,1217.66,CUSTOMER_ABANDONED,0.863,0,15,Mobile,0,0,0,0,1
RP_60D54F98,CUST_1844,182.71,GATEWAY_TIMEOUT,0.365,0,9,Desktop,0,0,0,0,0
RP_F53DC24E,CUST_1446,1768.12,CUSTOMER_ABANDONED,0.628,0,20,Mobile,0,0,0,1,0
RP_32BAF165,CUST_4915,7968.88,CUSTOMER_ABANDONED,0.63,0,10,Desktop,0,0,0,1,1
RP_C22503D0,CUST_4109,878.4,RISK_BLOCKED,0.955,0,11,Mobile,0,0,0,0,0
RP_425E8B03,CUST_2234,2392.53,GATEWAY_TIMEOUT,0.72,0,17,Mobile,0,0,1,0,0
RP_F0E24011,CUST_7587,385.78,INSUFFICIENT_FUNDS,0.641,0,1,Desktop,0,0,0,0,0
RP_04E6D535,CUST_1226,1000.02,INSUFFICIENT_FUNDS,0.614,0,18,Mobile,0,0,1,0,0
RP_6EC63530,CUST_5143,174.58,GATEWAY_TIMEOUT,0.691,0,4,Mobile,0,1,1,0,0
RP_A6F2ABED,CUST_8185,2823.54,CUSTOMER_ABANDONED,0.714,2,19,Mobile,0,0,0,0,1
RP_5F303BE2,CUST_6558,1328.5,INSUFFICIENT_FUNDS,0.797,0,9,Mobile,0,0,0,0,1
RP_0F878700,CUST_1186,253.88,INSUFFICIENT_FUNDS,0.606,1,15,Mobile,0,0,0,0,0
RP_B382F55B,CUST_3535,418.96,INSUFFICIENT_FUNDS,0.568,0,11,Mobile,0,0,0,0,0
RP_C12F8596,CUST_2932,1180.04,GATEWAY_TIMEOUT,0.647,0,8,Mobile,0,0,0,0,0
RP_5125A288,CUST_3032,3323.05,INSUFFICIENT_FUNDS,0.952,2,2,Mobile,0,0,0,0,0
RP_8695E5C0,CUST_2252,6473.24,INSUFFICIENT_FUNDS,0.622,1,0,Mobile,0,0,0,1,0
RP_B3083901,CUST_6509,933.6,GATEWAY_TIMEOUT,0.765,0,4,Mobile,0,1,1,0,0
RP_72341882,CUST_6074,213.24,INSUFFICIENT_FUNDS,0.757,0,7,Mobile,0,0,0,1,0
RP_05A7B3EB,CUST_2881,1459.95,GATEWAY_TIMEOUT,0.801,0,16,Mobile,0,1,1,1,1
RP_4B570508,CUST_1269,9338.11,INSUFFICIENT_FUNDS,0.827,1,0,Desktop,0,0,0,0,0
RP_151D78E7,CUST_2630,156.44,GATEWAY_TIMEOUT,0.45,0,12,Mobile,0,0,0,0,0
RP_50733986,CUST_5405,348.8,INSUFFICIENT_FUNDS,0.5,0,5,Mobile,0,0,0,1,0
RP_A37DBC0E,CUST_7139,2282.8,CUSTOMER_ABANDONED,0.7,0,14,Mobile,0,0,0,0,0
RP_A53B35A3,CUST_2574,1318.59,CUSTOMER_ABANDONED,0.899,0,6,Desktop,0,0,0,0,0
RP_BDDBD107,CUST_2695,570.19,CUSTOMER_ABANDONED,0.82,1,23,Mobile,0,0,0,0,1
RP_18C9D7F8,CUST_4258,1428.15,INSUFFICIENT_FUNDS,0.71,1,7,Mobile,0,0,0,0,1
RP_362B339C,CUST_4262,3544.15,INSUFFICIENT_FUNDS,0.783,0,2,Desktop,0,0,1,1,0
RP_CBB5A0CF,CUST_2445,974.57,CUSTOMER_ABANDONED,0.818,0,14,Mobile,0,0,0,0,0
RP_C8558C73,CUST_7263,877.25,INSUFFICIENT_FUNDS,0.722,1,3,Desktop,0,0,0,1,0
RP_819B4464,CUST_9411,2223.48,CUSTOMER_ABANDONED,0.894,0,8,Mobile,0,0,0,1,1
RP_DED96792,CUST_1052,792.65,INSUFFICIENT_FUNDS,0.671,0,10,Mobile,0,0,0,0,0
RP_E0B6EC12,CUST_6570,4320.08,INSUFFICIENT_FUNDS,0.696,0,20,Mobile,0,0,0,0,0
RP_E219F913,CUST_8579,12482.56,CUSTOMER_ABANDONED,0.697,0,13,Mobile,0,0,0,0,0
RP_EAED9DFD,CUST_2666,375.58,GATEWAY_TIMEOUT,0.762,2,8,Mobile,0,1,0,0,0
RP_AAF7055C,CUST_7901,244.68,INSUFFICIENT_FUNDS,0.78,0,11,Mobile,0,0,1,1,0
RP_72B36640,CUST_3785,1713.11,GATEWAY_TIMEOUT,0.54,0,4,Mobile,0,1,0,0,0
RP_99A4218B,CUST_1719,234.49,INSUFFICIENT_FUNDS,0.675,1,20,Desktop,0,0,0,0,0
RP_212A648A,CUST_9597,229.73,GATEWAY_TIMEOUT,0.563,0,5,Desktop,0,1,0,0,0
RP_ED8F2EDE,CUST_7855,100.0,CUSTOMER_ABANDONED,0.872,0,18,Mobile,0,0,0,0,0
RP_F540CF58,CUST_3294,693.19,CUSTOMER_ABANDONED,0.461,1,4,Mobile,0,0,0,0,0
RP_2D3DF3B6,CUST_9263,1054.07,CUSTOMER_ABANDONED,0.878,0,0,Mobile,0,0,0,0,1
RP_B2A47041,CUST_5482,589.43,INSUFFICIENT_FUNDS,0.782,0,9,Mobile,0,0,0,1,0
RP_F4A6947B,CUST_1698,5816.18,RISK_BLOCKED,0.586,0,13,Mobile,0,0,0,0,0
RP_F3CE94CB,CUST_8243,5319.13,CUSTOMER_ABANDONED,0.721,0,22,Mobile,0,0,0,0,0
RP_7288E54A,CUST_6918,11099.03,INSUFFICIENT_FUNDS,0.82,1,16,Mobile,0,0,0,0,1
RP_D24E9E71,CUST_1348,1159.6,CUSTOMER_ABANDONED,0.708,0,10,Mobile,0,0,0,0,0
RP_2D019960,CUST_6374,4539.55,CUSTOMER_ABANDONED,0.782,1,3,Mobile,0,0,0,1,1
RP_60A43BD9,CUST_8869,1588.62,CUSTOMER_ABANDONED,0.528,0,17,Mobile,0,0,0,1,0
RP_6819E894,CUST_1307,1408.19,GATEWAY_TIMEOUT,0.71,2,18,Desktop,0,1,0,0,1
RP_2BFCF464,CUST_4416,625.87,INSUFFICIENT_FUNDS,0.793,0,3,Mobile,0,0,1,1,0
RP_722E8681,CUST_5820,100.0,3D_SECURE_FAILED,0.432,0,11,Mobile,0,0,0,0,0
RP_B79A0567,CUST_4558,2356.07,INSUFFICIENT_FUNDS,0.777,2,13,Mobile,0,0,0,1,0
RP_038629B9,CUST_5478,4380.7,CUSTOMER_ABANDONED,0.94,0,17,Mobile,0,0,0,0,0
RP_4C291286,CUST_7531,175.78,CUSTOMER_ABANDONED,0.633,0,0,Mobile,0,0,0,0,1
RP_9C4A8D5A,CUST_5620,1083.94,CUSTOMER_ABANDONED,0.741,2,19,Mobile,0,0,0,0,0
RP_1C8F8901,CUST_3985,3604.64,GATEWAY_TIMEOUT,0.893,2,10,Mobile,0,1,0,0,0
RP_FA4D7A82,CUST_9112,712.37,CUSTOMER_ABANDONED,0.938,1,18,Mobile,0,0,0,1,1
RP_65A53FC6,CUST_9467,4590.41,GATEWAY_TIMEOUT,0.835,0,0,Mobile,0,0,1,1,0
RP_8769F103,CUST_3547,926.73,CUSTOMER_ABANDONED,0.614,0,0,Mobile,0,0,0,1,1
RP_C848D94E,CUST_1336,583.95,CUSTOMER_ABANDONED,0.611,0,2,Desktop,0,0,0,0,1
RP_DB3D5C6F,CUST_3979,4916.46,GATEWAY_TIMEOUT,0.8,0,13,Mobile,0,1,1,0,0
RP_E257B12A,CUST_4968,357.63,CUSTOMER_ABANDONED,0.641,0,7,Mobile,0,0,0,0,1
RP_4D05B96F,CUST_1910,459.49,INSUFFICIENT_FUNDS,0.581,0,14,Desktop,0,0,0,0,0
RP_1F653B59,CUST_2996,374.41,GATEWAY_TIMEOUT,0.656,0,3,Mobile,0,1,0,0,0
RP_2D9A70AE,CUST_4129,278.35,INSUFFICIENT_FUNDS,0.963,0,10,Mobile,0,1,1,0,0
RP_CDD3B640,CUST_6447,1317.7,GATEWAY_TIMEOUT,0.638,0,7,Mobile,0,0,0,0,0
RP_4C134F3B,CUST_7129,592.58,INSUFFICIENT_FUNDS,0.737,0,6,Mobile,0,0,0,0,0
RP_54EC3350,CUST_6850,1971.08,INSUFFICIENT_FUNDS,0.628,1,23,Desktop,0,0,0,0,0
RP_D60C445C,CUST_5204,136.79,CUSTOMER_ABANDONED,0.781,0,1,Mobile,0,0,0,0,0
RP_8C690BA7,CUST_8446,285.13,CUSTOMER_ABANDONED,0.912,0,7,Mobile,0,0,0,0,1
RP_40D78612,CUST_9519,1166.65,CUSTOMER_ABANDONED,0.768,0,21,Mobile,0,0,0,0,1
RP_702D6B9F,CUST_1314,6397.21,GATEWAY_TIMEOUT,0.501,0,18,Mobile,0,1,0,0,0
RP_8E8680DD,CUST_2134,1727.11,3D_SECURE_FAILED,0.794,0,22,Mobile,0,0,0,0,0
RP_92C154B9,CUST_5876,540.63,CUSTOMER_ABANDONED,0.825,0,8,Desktop,0,0,0,0,1
RP_58E2757C,CUST_9102,183.56,GATEWAY_TIMEOUT,0.63,0,15,Mobile,0,1,0,1,0
RP_C35E6CB6,CUST_9347,504.0,CUSTOMER_ABANDONED,0.277,2,7,Mobile,0,0,0,0,0
RP_056B0F6F,CUST_6592,1042.13,GATEWAY_TIMEOUT,0.881,0,7,Mobile,0,1,0,0,1
RP_63390639,CUST_2724,100.0,CUSTOMER_ABANDONED,0.587,0,10,Mobile,0,0,0,0,0
RP_E4D3D0DC,CUST_4343,255.69,INSUFFICIENT_FUNDS,0.838,0,6,Mobile,0,0,0,0,0
RP_88EBBFC6,CUST_1886,452.57,INSUFFICIENT_FUNDS,0.597,1,20,Desktop,0,0,0,1,0
RP_3EADFE8D,CUST_1721,805.22,3D_SECURE_FAILED,0.824,0,1,Desktop,0,0,1,0,1
RP_C8B1AC08,CUST_8678,1027.41,INSUFFICIENT_FUNDS,0.903,1,20,Mobile,0,0,0,1,1
RP_BE2E87B1,CUST_4357,526.87,GATEWAY_TIMEOUT,0.793,1,4,Mobile,0,0,0,1,0
RP_0246136F,CUST_1870,2012.33,3D_SECURE_FAILED,0.887,0,17,Desktop,0,0,1,0,0
RP_9D92C6E4,CUST_7751,1273.66,3D_SECURE_FAILED,0.767,0,10,Desktop,0,0,1,0,0
RP_47BDA3FE,CUST_1497,703.4,CUSTOMER_ABANDONED,0.79,0,16,Desktop,0,0,0,0,1
RP_E90141AD,CUST_2756,2374.47,INSUFFICIENT_FUNDS,0.448,0,20,Mobile,0,0,0,0,0
RP_91FA42AA,CUST_2117,2152.38,GATEWAY_TIMEOUT,0.787,0,5,Mobile,0,0,1,0,1
RP_1323D242,CUST_3828,191.61,CUSTOMER_ABANDONED,0.805,1,12,Mobile,0,0,0,0,1
RP_443E3A23,CUST_2647,1055.29,GATEWAY_TIMEOUT,0.88,0,6,Mobile,0,1,1,0,0
RP_A394BBAD,CUST_7992,3191.71,GATEWAY_TIMEOUT,0.578,0,10,Mobile,0,0,0,0,0
RP_A71E8656,CUST_7771,3901.0,INSUFFICIENT_FUNDS,0.84,0,17,Mobile,0,0,0,0,1
RP_CA3DEAC9,CUST_1142,1711.44,GATEWAY_TIMEOUT,0.735,0,5,Mobile,0,1,1,0,0
RP_8AC50132,CUST_3761,828.86,GATEWAY_TIMEOUT,0.642,1,11,Mobile,0,0,0,0,0
RP_C07A12DB,CUST_4435,1818.17,INSUFFICIENT_FUNDS,0.689,0,23,Mobile,0,0,0,0,0
RP_DD491BC8,CUST_7622,2890.91,GATEWAY_TIMEOUT,0.597,0,21,Mobile,0,0,1,0,0
RP_509028A6,CUST_8069,1260.17,GATEWAY_TIMEOUT,0.911,0,2,Mobile,0,1,1,1,0
RP_D68AF271,CUST_5512,1442.78,GATEWAY_TIMEOUT,0.423,1,18,Desktop,0,0,0,1,0
RP_13132B4B,CUST_2848,812.6,GATEWAY_TIMEOUT,0.825,0,10,Mobile,0,1,0,1,0
RP_33B3E497,CUST_3696,220.49,CUSTOMER_ABANDONED,0.73,0,22,Mobile,0,0,0,1,0
RP_9852307B,CUST_2717,889.59,CUSTOMER_ABANDONED,0.589,2,1,Mobile,0,0,0,0,0
RP_57561A87,CUST_4072,486.61,INSUFFICIENT_FUNDS,0.326,1,2,Desktop,0,0,0,0,0
RP_74A78676,CUST_3786,488.48,INSUFFICIENT_FUNDS,0.774,0,22,Mobile,0,0,0,1,0
RP_9D5BDBF5,CUST_4791,6127.86,GATEWAY_TIMEOUT,0.928,0,16,Mobile,0,1,1,0,0
RP_F1BE1BE0,CUST_4871,3435.33,GATEWAY_TIMEOUT,0.766,2,4,Desktop,0,1,0,0,0
RP_0293C706,CUST_2806,143.71,GATEWAY_TIMEOUT,0.712,1,1,Desktop,0,0,0,0,0
RP_D706CA70,CUST_2504,298.31,INSUFFICIENT_FUNDS,0.707,0,11,Mobile,0,0,0,0,0
RP_011821AF,CUST_4308,708.91,CUSTOMER_ABANDONED,0.607,0,4,Mobile,0,0,0,0,1
RP_D5767762,CUST_8117,508.39,CUSTOMER_ABANDONED,0.567,0,12,Desktop,0,0,0,0,0
RP_B4577824,CUST_6048,1605.04,INSUFFICIENT_FUNDS,0.934,0,21,Desktop,0,1,0,1,0
RP_BCDC8961,CUST_9263,246.58,GATEWAY_TIMEOUT,0.843,0,23,Mobile,0,1,0,0,0
RP_36DD0A11,CUST_2690,3464.2,CUSTOMER_ABANDONED,0.783,0,6,Mobile,0,0,0,1,1
RP_248B9476,CUST_4303,1040.23,INSUFFICIENT_FUNDS,0.604,1,20,Mobile,0,0,0,0,1
RP_F4019DD1,CUST_4113,728.79,CUSTOMER_ABANDONED,0.824,0,10,Mobile,0,0,0,0,0
RP_BC59BF16,CUST_8850,1077.95,INSUFFICIENT_FUNDS,0.62,1,4,Mobile,0,0,0,0,1
RP_C97E3ADF,CUST_7416,664.47,CUSTOMER_ABANDONED,0.565,0,17,Mobile,0,0,0,1,0
RP_1456666A,CUST_2504,100.0,3D_SECURE_FAILED,0.919,0,5,Desktop,0,0,0,0,0
RP_D244FC49,CUST_9924,1112.44,3D_SECURE_FAILED,0.699,0,2,Mobile,0,0,0,0,0
RP_2B7E67B5,CUST_4924,746.28,INSUFFICIENT_FUNDS,0.411,0,5,Desktop,0,0,0,0,0
RP_EE652068,CUST_9615,348.85,INSUFFICIENT_FUNDS,0.685,0,15,Desktop,0,0,0,0,0
RP_D38700D9,CUST_5485,4092.52,GATEWAY_TIMEOUT,0.913,0,2,Desktop,0,1,1,0,0
RP_E100436C,CUST_9100,2448.73,3D_SECURE_FAILED,0.735,1,17,Mobile,0,0,0,0,0
RP_7033094B,CUST_9684,20468.21,INSUFFICIENT_FUNDS,0.944,0,23,Mobile,0,0,0,1,1
RP_E3CC2A3C,CUST_1191,2986.31,GATEWAY_TIMEOUT,0.695,1,3,Mobile,0,0,0,0,1
RP_B091ED48,CUST_9690,506.68,INSUFFICIENT_FUNDS,0.465,1,4,Desktop,0,0,0,0,0
RP_24CB978F,CUST_5917,369.83,GATEWAY_TIMEOUT,0.819,1,8,Mobile,0,0,1,1,0
RP_C9F7B794,CUST_6831,605.97,INSUFFICIENT_FUNDS,0.781,0,3,Mobile,0,0,0,0,0
RP_FDDB0F0B,CUST_5322,492.77,CUSTOMER_ABANDONED,0.692,2,0,Mobile,0,0,0,0,1
RP_21B660A1,CUST_7999,1249.55,INSUFFICIENT_FUNDS,0.401,0,21,Mobile,0,0,0,0,0
RP_E22A8A57,CUST_8282,173.03,GATEWAY_TIMEOUT,0.765,1,10,Desktop,0,0,1,0,1
RP_849E2763,CUST_2874,2384.5,3D_SECURE_FAILED,0.664,0,4,Mobile,0,0,0,0,0
RP_A9B46E11,CUST_5763,1223.46,CUSTOMER_ABANDONED,0.804,0,9,Mobile,0,0,0,0,0
RP_677B017C,CUST_9464,2077.58,CUSTOMER_ABANDONED,0.975,2,2,Mobile,0,0,0,0,1
RP_34EB4DA9,CUST_2051,277.83,INSUFFICIENT_FUNDS,0.695,0,14,Desktop,0,0,0,0,0
RP_80895237,CUST_8538,1474.43,CUSTOMER_ABANDONED,0.813,0,13,Mobile,0,0,0,0,1
RP_71AB78A0,CUST_8411,5213.53,INSUFFICIENT_FUNDS,0.542,0,4,Desktop,0,0,0,1,0
RP_733C5F97,CUST_7320,390.49,GATEWAY_TIMEOUT,0.729,0,7,Mobile,0,0,1,0,0
RP_32CAFE7A,CUST_3105,377.88,GATEWAY_TIMEOUT,0.494,1,16,Mobile,0,1,0,0,0
RP_B8D9B053,CUST_1307,2576.92,INSUFFICIENT_FUNDS,0.78,0,19,Mobile,0,0,1,0,0
RP_A62BC5A0,CUST_8737,342.8,GATEWAY_TIMEOUT,0.714,1,18,Mobile,0,1,1,0,0
RP_45C89542,CUST_4359,828.87,RISK_BLOCKED,0.619,0,3,Mobile,0,0,0,0,0
RP_9C4C9DD5,CUST_4176,6443.84,GATEWAY_TIMEOUT,0.488,0,1,Mobile,0,0,0,0,0
RP_9E592EF6,CUST_2251,384.37,INSUFFICIENT_FUNDS,0.847,0,1,Mobile,0,0,0,0,0
RP_E0F5DBBE,CUST_6366,6997.66,INSUFFICIENT_FUNDS,0.928,0,1,Mobile,0,0,0,0,0
RP_6853D53C,CUST_2517,732.94,INSUFFICIENT_FUNDS,0.801,2,2,Mobile,0,0,0,0,0
RP_5BBDCCD2,CUST_7226,285.59,CUSTOMER_ABANDONED,0.898,1,8,Mobile,0,0,0,1,1
RP_2AD31B4F,CUST_6305,2263.0,GATEWAY_TIMEOUT,0.411,0,4,Mobile,0,1,1,0,0
RP_5307A786,CUST_6869,1248.0,CUSTOMER_ABANDONED,0.463,0,19,Mobile,0,0,0,0,0
RP_3EDD0C94,CUST_9039,1114.12,INSUFFICIENT_FUNDS,0.924,0,14,Mobile,0,0,0,1,0
RP_E17E9A73,CUST_5891,435.95,CUSTOMER_ABANDONED,0.496,0,3,Mobile,0,0,0,1,0
RP_FCC7F275,CUST_5992,1237.12,CUSTOMER_ABANDONED,0.696,1,2,Mobile,0,0,0,0,0
RP_2E749D3A,CUST_2961,100.0,3D_SECURE_FAILED,0.892,1,8,Mobile,0,0,0,0,0
RP_5DB10B4C,CUST_3863,1425.84,CUSTOMER_ABANDONED,0.637,0,9,Mobile,0,0,0,0,1
RP_2A1C2291,CUST_7603,5201.48,CUSTOMER_ABANDONED,0.718,1,16,Mobile,0,0,0,1,0
RP_7C15FD39,CUST_5567,131.83,INSUFFICIENT_FUNDS,0.706,0,21,Desktop,0,0,0,0,0
RP_1E19D9D4,CUST_7513,673.08,INSUFFICIENT_FUNDS,0.663,0,19,Desktop,0,0,0,0,1
RP_F109D09F,CUST_5005,383.92,CUSTOMER_ABANDONED,0.867,1,7,Mobile,0,0,0,0,0
RP_1DE1AFFE,CUST_1183,178.88,3D_SECURE_FAILED,0.868,0,22,Mobile,0,0,0,0,0
RP_1A15B7E1,CUST_8755,100.0,GATEWAY_TIMEOUT,0.707,0,18,Mobile,0,1,0,0,0
RP_6B525306,CUST_4358,265.87,INSUFFICIENT_FUNDS,0.251,0,4,Mobile,0,0,0,0,0
RP_710C2D31,CUST_7615,819.87,CUSTOMER_ABANDONED,0.661,0,10,Mobile,0,0,0,0,0
RP_55739A73,CUST_7797,4354.5,INSUFFICIENT_FUNDS,0.515,0,3,Mobile,0,0,0,0,0
RP_36AC2151,CUST_9728,176.4,INSUFFICIENT_FUNDS,0.43,0,3,Mobile,1,0,0,1,0
RP_0095BF1D,CUST_8678,1561.3,INSUFFICIENT_FUNDS,0.759,0,14,Mobile,0,0,0,0,0
RP_F7BAA940,CUST_6698,1427.34,CUSTOMER_ABANDONED,0.608,0,7,Mobile,0,0,1,0,1
RP_2A726113,CUST_2273,8154.75,RISK_BLOCKED,0.854,0,12,Desktop,0,0,0,1,0
RP_FF3FF101,CUST_7653,2175.99,INSUFFICIENT_FUNDS,0.735,0,19,Mobile,0,0,0,0,0
RP_7EFC0CCE,CUST_2096,2331.62,GATEWAY_TIMEOUT,0.74,0,11,Mobile,0,1,0,0,0
RP_DB5FD7C1,CUST_9002,2538.07,GATEWAY_TIMEOUT,0.807,1,1,Mobile,0,1,1,0,0
RP_E1E15BF0,CUST_5247,361.74,GATEWAY_TIMEOUT,0.846,1,0,Mobile,0,1,0,0,0
RP_EB012730,CUST_6314,551.48,CUSTOMER_ABANDONED,0.547,0,13,Mobile,0,0,0,0,0
RP_DDA5D8B7,CUST_4354,4189.1,INSUFFICIENT_FUNDS,0.885,1,19,Mobile,0,0,0,0,0
RP_758F6707,CUST_1270,100.0,GATEWAY_TIMEOUT,0.584,0,7,Mobile,0,0,0,0,1
RP_CF9E57E4,CUST_2186,483.58,CUSTOMER_ABANDONED,0.835,0,15,Mobile,0,0,0,1,1
RP_5055C3E2,CUST_7305,222.08,CUSTOMER_ABANDONED,0.399,0,4,Mobile,0,0,0,0,0
RP_CD36FAF7,CUST_3398,1452.57,GATEWAY_TIMEOUT,0.715,0,1,Desktop,0,1,1,0,0
RP_38ED128A,CUST_7995,661.21,INSUFFICIENT_FUNDS,0.839,0,14,Mobile,0,0,1,0,1
RP_D32A39B3,CUST_8299,2324.28,RISK_BLOCKED,0.867,0,3,Mobile,0,0,0,0,0
RP_0C1F1521,CUST_5182,962.18,INSUFFICIENT_FUNDS,0.807,0,3,Desktop,0,0,1,1,0
RP_28F3103B,CUST_3230,171.52,CUSTOMER_ABANDONED,0.746,0,9,Mobile,0,0,0,0,1
RP_7E7B7DCE,CUST_7511,181.3,INSUFFICIENT_FUNDS,0.897,0,20,Mobile,0,0,1,1,1
RP_B5637E2E,CUST_1128,1088.7,CUSTOMER_ABANDONED,0.437,0,17,Mobile,0,0,0,0,0
RP_6C1495E4,CUST_4672,434.69,CUSTOMER_ABANDONED,0.864,0,6,Mobile,0,1,0,0,1
RP_7FC0CBD6,CUST_5765,578.73,CUSTOMER_ABANDONED,0.933,0,4,Mobile,0,0,0,0,0
RP_D10AD0CD,CUST_4970,3381.58,3D_SECURE_FAILED,0.552,0,3,Mobile,0,0,0,0,0
RP_81AD06D8,CUST_8545,2726.68,3D_SECURE_FAILED,0.859,1,23,Mobile,0,0,0,0,0
RP_9C7C0207,CUST_6552,9483.23,CUSTOMER_ABANDONED,0.868,0,14,Mobile,0,0,0,0,1
RP_B6EE9987,CUST_1627,750.24,GATEWAY_TIMEOUT,0.927,0,17,Desktop,0,0,0,0,0
RP_53AE3574,CUST_7589,508.07,INSUFFICIENT_FUNDS,0.731,0,16,Mobile,0,0,0,0,0
RP_1A8E9231,CUST_3044,1811.35,CUSTOMER_ABANDONED,0.453,1,5,Mobile,0,0,0,0,0
RP_3C945C13,CUST_3341,559.5,CUSTOMER_ABANDONED,0.752,0,23,Desktop,0,0,0,0,1
RP_FE222C5B,CUST_6884,581.92,GATEWAY_TIMEOUT,0.823,0,22,Mobile,0,1,1,0,1
RP_3BFBBC8B,CUST_9185,860.47,GATEWAY_TIMEOUT,0.65,0,0,Desktop,0,0,1,0,0
RP_43F4DFAD,CUST_1249,7968.88,CUSTOMER_ABANDONED,0.74,0,2,Desktop,0,0,0,0,1
RP_41F5E9A6,CUST_3925,2552.32,GATEWAY_TIMEOUT,0.548,0,8,Desktop,0,1,1,0,0
RP_D7421C75,CUST_6043,2894.55,INSUFFICIENT_FUNDS,0.391,0,4,Mobile,0,0,0,0,0
RP_EAD69515,CUST_1974,7550.92,CUSTOMER_ABANDONED,0.893,0,5,Mobile,0,0,0,0,1
RP_006970D6,CUST_8192,3239.06,CUSTOMER_ABANDONED,0.516,0,12,Mobile,0,0,0,0,1
RP_2BDCC4F0,CUST_3672,282.11,GATEWAY_TIMEOUT,0.595,0,22,Mobile,0,0,0,0,0
RP_129D65A1,CUST_8279,3180.71,GATEWAY_TIMEOUT,0.611,1,2,Mobile,0,1,1,0,0
RP_0A6F6F33,CUST_8531,3703.77,GATEWAY_TIMEOUT,0.815,0,22,Mobile,0,0,1,0,0
RP_4CA9C871,CUST_9662,2397.63,GATEWAY_TIMEOUT,0.814,2,2,Mobile,0,1,0,0,0
RP_03DAE156,CUST_2987,867.37,CUSTOMER_ABANDONED,0.804,2,21,Mobile,0,0,0,0,0
RP_C00916D6,CUST_1090,2112.44,INSUFFICIENT_FUNDS,0.457,1,23,Mobile,0,0,0,1,0
RP_1C56BB77,CUST_9721,1070.32,GATEWAY_TIMEOUT,0.859,2,22,Mobile,0,0,0,0,0
RP_3A1757D9,CUST_5059,339.1,GATEWAY_TIMEOUT,0.862,0,4,Mobile,0,1,1,0,0
RP_AEBB8821,CUST_3773,456.89,GATEWAY_TIMEOUT,0.774,1,11,Mobile,0,0,0,0,0
RP_BA3875CC,CUST_9383,2551.58,RISK_BLOCKED,0.736,0,21,Mobile,0,0,0,0,0
RP_AE0A46B8,CUST_8409,369.82,INSUFFICIENT_FUNDS,0.764,1,19,Mobile,0,0,0,0,0
RP_48CDD63F,CUST_5440,414.11,3D_SECURE_FAILED,0.808,0,17,Mobile,0,0,0,0,1
RP_E2EE539B,CUST_8347,2708.26,CUSTOMER_ABANDONED,0.948,0,6,Mobile,0,0,0,0,1
RP_5404B453,CUST_2008,1287.61,INSUFFICIENT_FUNDS,0.694,2,19,Mobile,0,0,0,1,0
RP_31EB61D7,CUST_4783,2192.14,CUSTOMER_ABANDONED,0.887,0,21,Desktop,0,0,0,0,0
RP_373C1C67,CUST_7646,250.93,GATEWAY_TIMEOUT,0.563,1,11,Mobile,0,1,0,0,0
RP_A353986D,CUST_5298,2120.31,CUSTOMER_ABANDONED,0.226,0,1,Desktop,0,0,0,0,0
RP_C9EC5890,CUST_5668,496.69,GATEWAY_TIMEOUT,0.937,0,15,Desktop,0,1,1,0,0
RP_5F503B24,CUST_5287,323.67,CUSTOMER_ABANDONED,0.789,0,1,Mobile,0,1,0,0,1
RP_5D3A8C3C,CUST_3052,598.0,GATEWAY_TIMEOUT,0.972,0,21,Mobile,0,1,0,0,0
RP_D70CA062,CUST_7009,5622.2,CUSTOMER_ABANDONED,0.782,2,7,Desktop,0,0,0,0,0
RP_D05FB8D8,CUST_2716,708.15,GATEWAY_TIMEOUT,0.702,2,0,Mobile,0,0,1,0,0
RP_29C01497,CUST_1310,15393.01,3D_SECURE_FAILED,0.813,1,13,Desktop,0,0,0,0,1
RP_BE777C91,CUST_5538,100.0,INSUFFICIENT_FUNDS,0.569,1,9,Mobile,0,0,1,0,0
RP_D8FA105D,CUST_2260,171.48,CUSTOMER_ABANDONED,0.558,0,22,Desktop,0,0,0,1,1
RP_F738FDD3,CUST_4932,5372.36,INSUFFICIENT_FUNDS,0.821,0,21,Desktop,0,0,1,1,0
RP_94CA8080,CUST_1584,7264.29,INSUFFICIENT_FUNDS,0.769,0,20,Desktop,0,0,1,0,0
RP_AEC0FA42,CUST_8616,389.11,CUSTOMER_ABANDONED,0.769,0,12,Mobile,0,0,0,0,1
RP_5F3B6D72,CUST_9551,1191.15,3D_SECURE_FAILED,0.847,0,9,Mobile,0,1,0,1,1
RP_92FA64CE,CUST_3866,2577.64,GATEWAY_TIMEOUT,0.863,0,12,Desktop,0,0,1,0,0
RP_DC5E445A,CUST_6898,832.76,3D_SECURE_FAILED,0.616,0,12,Desktop,0,0,0,0,1
RP_2D7137E5,CUST_3011,1312.7,CUSTOMER_ABANDONED,0.28,0,23,Mobile,0,0,0,0,0
RP_EAF3A5A3,CUST_7251,1111.12,CUSTOMER_ABANDONED,0.832,0,0,Mobile,0,0,0,0,1
RP_37F942FA,CUST_5939,185.35,INSUFFICIENT_FUNDS,0.555,0,4,Mobile,0,0,1,0,1
RP_CA95B241,CUST_5006,725.17,INSUFFICIENT_FUNDS,0.714,1,15,Mobile,1,0,1,0,0
RP_63D5436F,CUST_2625,1113.03,3D_SECURE_FAILED,0.697,0,5,Mobile,0,0,0,0,0
RP_9E92A8CE,CUST_1890,1241.09,INSUFFICIENT_FUNDS,0.58,0,3,Mobile,0,0,1,1,0
RP_5A74DAE1,CUST_7078,137.47,INSUFFICIENT_FUNDS,0.839,1,9,Desktop,0,0,1,0,0
RP_7AF9C096,CUST_8036,2709.27,GATEWAY_TIMEOUT,0.894,0,10,Mobile,0,1,1,0,1
RP_67C74A37,CUST_9923,1280.99,GATEWAY_TIMEOUT,0.624,0,1,Mobile,0,1,1,0,0
RP_318CED04,CUST_4961,309.06,CUSTOMER_ABANDONED,0.692,1,23,Desktop,0,0,0,0,0
RP_FA3A7FF3,CUST_3504,9498.39,CUSTOMER_ABANDONED,0.781,0,20,Mobile,0,0,0,1,0
RP_1F66B00C,CUST_9806,723.5,CUSTOMER_ABANDONED,0.898,0,21,Mobile,0,0,0,0,0
RP_B06E4B44,CUST_4806,782.13,GATEWAY_TIMEOUT,0.697,0,8,Desktop,0,1,0,0,1
RP_B11D9B95,CUST_7100,2368.59,INSUFFICIENT_FUNDS,0.762,0,13,Mobile,0,0,1,0,0
RP_FF03DA9E,CUST_2719,10517.56,INSUFFICIENT_FUNDS,0.728,0,1,Mobile,0,0,1,0,0
RP_279FB5B8,CUST_7686,2483.06,INSUFFICIENT_FUNDS,0.898,0,4,Desktop,0,0,0,1,0
RP_DD80D0FB,CUST_2587,2955.23,3D_SECURE_FAILED,0.741,1,11,Desktop,0,0,0,0,0
RP_3D977B97,CUST_8000,329.66,CUSTOMER_ABANDONED,0.609,0,0,Desktop,0,0,0,0,1
RP_AF1F9CF4,CUST_1896,1217.25,GATEWAY_TIMEOUT,0.745,0,18,Mobile,0,0,0,0,1
RP_C8A71E9B,CUST_6558,578.99,3D_SECURE_FAILED,0.774,0,21,Mobile,0,0,0,0,0
RP_5B4C7B4E,CUST_9469,2552.82,INSUFFICIENT_FUNDS,0.809,1,23,Mobile,0,0,1,1,0
RP_9C994BF3,CUST_5647,2853.66,CUSTOMER_ABANDONED,0.858,0,11,Mobile,0,0,0,0,1
RP_42222E1A,CUST_3432,7784.39,GATEWAY_TIMEOUT,0.946,0,20,Mobile,0,1,0,0,0
RP_30489A8A,CUST_4904,100.0,CUSTOMER_ABANDONED,0.646,0,11,Mobile,0,0,0,0,1
RP_E327107D,CUST_7837,514.56,GATEWAY_TIMEOUT,0.895,0,19,Mobile,0,1,0,0,0
RP_FBEB5BFF,CUST_2449,5220.24,INSUFFICIENT_FUNDS,0.597,0,4,Mobile,0,0,0,0,0
RP_570989BE,CUST_5500,204.01,GATEWAY_TIMEOUT,0.783,0,19,Mobile,0,0,0,0,0
RP_A56D689F,CUST_6454,2883.56,GATEWAY_TIMEOUT,0.852,0,1,Desktop,0,1,1,0,0
RP_2AA07662,CUST_5117,4276.12,GATEWAY_TIMEOUT,0.606,0,13,Mobile,0,1,0,0,1
RP_8F32ED07,CUST_9869,1059.97,GATEWAY_TIMEOUT,0.413,0,16,Mobile,0,0,0,0,0
RP_BB37FE99,CUST_3028,199.19,GATEWAY_TIMEOUT,0.94,0,23,Mobile,0,1,0,0,1
RP_7E53E4D9,CUST_7845,947.83,CUSTOMER_ABANDONED,0.802,0,14,Mobile,0,0,0,0,0
RP_42AF4E51,CUST_4758,6313.32,GATEWAY_TIMEOUT,0.758,0,16,Mobile,0,0,1,0,1
RP_6628F73D,CUST_6904,6952.25,CUSTOMER_ABANDONED,0.837,1,1,Mobile,0,0,0,1,1
RP_95B99E23,CUST_5624,1407.34,GATEWAY_TIMEOUT,0.698,0,20,Mobile,0,1,0,0,0
RP_E980EDC2,CUST_9848,339.45,3D_SECURE_FAILED,0.67,2,7,Mobile,0,0,0,0,1
RP_49594123,CUST_1165,8831.47,3D_SECURE_FAILED,0.946,0,9,Desktop,0,0,0,0,0
RP_38A09EBE,CUST_5591,2936.89,GATEWAY_TIMEOUT,0.595,0,2,Mobile,0,0,0,1,0
RP_B7FFDAF1,CUST_1589,367.3,CUSTOMER_ABANDONED,0.928,1,10,Mobile,0,0,0,1,1
RP_91F1C14B,CUST_5524,1654.12,GATEWAY_TIMEOUT,0.893,0,8,Mobile,0,0,0,1,0
RP_3B9E22C9,CUST_3821,1565.72,3D_SECURE_FAILED,0.749,0,14,Mobile,0,0,0,0,0
RP_6E937430,CUST_7509,510.73,INSUFFICIENT_FUNDS,0.633,0,21,Mobile,0,0,0,0,0
RP_F5194708,CUST_8693,1665.25,GATEWAY_TIMEOUT,0.87,0,10,Desktop,0,0,1,0,1
RP_B42F18AB,CUST_1071,4135.75,INSUFFICIENT_FUNDS,0.744,1,2,Mobile,0,0,0,0,0
RP_7EBD0FA8,CUST_4580,768.55,GATEWAY_TIMEOUT,0.849,0,6,Mobile,0,1,1,1,0
RP_2D919BD9,CUST_8962,4674.71,INSUFFICIENT_FUNDS,0.751,2,22,Mobile,0,0,1,0,0
RP_50E8600C,CUST_1268,133.43,CUSTOMER_ABANDONED,0.777,2,6,Mobile,0,0,0,0,1
RP_B2A87786,CUST_3462,15707.92,INSUFFICIENT_FUNDS,0.561,0,3,Mobile,0,0,0,1,0
RP_8E05FD4D,CUST_2015,1174.76,INSUFFICIENT_FUNDS,0.926,0,5,Mobile,0,0,1,1,0
RP_E32621F3,CUST_8984,3974.38,GATEWAY_TIMEOUT,0.809,0,18,Desktop,1,1,1,0,1
RP_C1DAF81E,CUST_1406,1425.58,GATEWAY_TIMEOUT,0.668,0,13,Mobile,0,0,1,1,1
RP_D64AB109,CUST_8384,408.21,GATEWAY_TIMEOUT,0.575,0,3,Desktop,0,0,1,0,1
RP_9C2AC25D,CUST_7049,1049.79,CUSTOMER_ABANDONED,0.739,0,18,Mobile,0,0,0,1,1
RP_C4486D58,CUST_7169,110.9,GATEWAY_TIMEOUT,0.359,0,18,Mobile,0,0,0,0,0
RP_F61BBFAD,CUST_8982,2505.05,CUSTOMER_ABANDONED,0.453,0,16,Desktop,0,0,0,0,1
RP_EEBCC939,CUST_1985,1383.7,INSUFFICIENT_FUNDS,0.667,0,20,Mobile,0,0,1,0,0
RP_E075E8C7,CUST_5485,871.43,GATEWAY_TIMEOUT,0.686,0,18,Mobile,0,0,0,0,1
RP_987DB0E4,CUST_9901,2706.03,CUSTOMER_ABANDONED,0.795,0,11,Mobile,0,0,0,1,1
RP_95949956,CUST_3618,1147.14,INSUFFICIENT_FUNDS,0.865,1,16,Mobile,0,0,1,1,1
RP_9D9C6E4D,CUST_7289,2271.5,INSUFFICIENT_FUNDS,0.939,1,14,Mobile,0,0,1,0,0
RP_62716D0D,CUST_7928,3479.97,CUSTOMER_ABANDONED,0.79,0,8,Mobile,0,0,0,0,0
RP_C713C6B0,CUST_6368,567.32,INSUFFICIENT_FUNDS,0.781,2,19,Mobile,0,0,0,1,0
RP_B067A0F3,CUST_5621,402.42,INSUFFICIENT_FUNDS,0.629,0,15,Desktop,0,0,0,1,0
RP_3E5DF051,CUST_8566,138.79,CUSTOMER_ABANDONED,0.679,1,17,Mobile,0,0,0,0,1
RP_2431E639,CUST_5670,1270.38,CUSTOMER_ABANDONED,0.515,0,17,Mobile,0,0,0,0,1
RP_D7DCA182,CUST_8658,1886.57,GATEWAY_TIMEOUT,0.769,0,3,Mobile,0,1,1,1,0
RP_AB93E02E,CUST_2003,224.0,INSUFFICIENT_FUNDS,0.898,0,3,Desktop,0,0,0,0,0
RP_E7E025A3,CUST_8504,6029.72,GATEWAY_TIMEOUT,0.758,0,20,Mobile,0,0,0,0,0
RP_97DE75B5,CUST_3466,408.79,GATEWAY_TIMEOUT,0.631,1,0,Mobile,0,0,0,0,0
RP_B43048AF,CUST_2939,100.0,CUSTOMER_ABANDONED,0.854,0,4,Desktop,0,0,0,1,1
RP_7C8734C8,CUST_2635,6593.16,3D_SECURE_FAILED,0.813,0,11,Mobile,0,0,0,0,0
RP_48DF7D32,CUST_9095,102.76,3D_SECURE_FAILED,0.842,0,13,Mobile,0,0,1,1,1
RP_48A71393,CUST_7265,3487.76,GATEWAY_TIMEOUT,0.778,0,9,Mobile,0,1,0,1,0
RP_9D8425C9,CUST_2895,2605.41,INSUFFICIENT_FUNDS,0.812,0,17,Mobile,0,0,0,0,0
RP_AFF62106,CUST_7524,1609.16,CUSTOMER_ABANDONED,0.546,2,20,Mobile,0,0,0,0,0
RP_C81B10A5,CUST_2073,585.62,GATEWAY_TIMEOUT,0.697,0,9,Desktop,0,0,1,0,0
RP_A645C4D6,CUST_6184,2004.91,CUSTOMER_ABANDONED,0.611,0,15,Mobile,0,0,0,0,1
RP_AAE0A366,CUST_3402,3859.07,CUSTOMER_ABANDONED,0.389,2,5,Mobile,0,0,0,0,0
RP_E3CC0821,CUST_5895,335.97,3D_SECURE_FAILED,0.549,0,2,Mobile,0,0,0,0,0
RP_DA26C397,CUST_8331,3539.17,GATEWAY_TIMEOUT,0.646,0,19,Mobile,0,0,1,0,0
RP_F28066D1,CUST_2956,3351.12,GATEWAY_TIMEOUT,0.567,0,14,Mobile,0,1,0,0,1
RP_8511618E,CUST_8023,1558.78,CUSTOMER_ABANDONED,0.601,0,4,Desktop,0,0,0,0,1
RP_F57F82EF,CUST_4907,575.03,CUSTOMER_ABANDONED,0.778,0,5,Desktop,0,0,0,0,0
RP_2B724B66,CUST_1807,3369.6,3D_SECURE_FAILED,0.851,0,21,Mobile,0,0,0,1,0
RP_FC65FE53,CUST_9378,2018.23,GATEWAY_TIMEOUT,0.787,0,11,Mobile,0,0,1,0,0
RP_CE89BC4B,CUST_5827,324.03,CUSTOMER_ABANDONED,0.517,1,0,Mobile,0,0,0,1,0
RP_5A20CD39,CUST_5524,705.69,CUSTOMER_ABANDONED,0.679,0,21,Desktop,0,0,0,0,1
RP_036CDE41,CUST_3284,2930.32,GATEWAY_TIMEOUT,0.8,1,9,Mobile,0,1,0,0,0
RP_E7CFE9F3,CUST_6313,1258.27,INSUFFICIENT_FUNDS,0.69,0,2,Mobile,0,0,1,0,0
RP_0D34A321,CUST_1757,4036.69,CUSTOMER_ABANDONED,0.651,0,20,Mobile,0,0,0,0,1
RP_465D8B42,CUST_5887,727.8,GATEWAY_TIMEOUT,0.752,0,4,Desktop,0,0,0,1,0
RP_D52BD421,CUST_4854,330.34,GATEWAY_TIMEOUT,0.907,0,14,Mobile,0,1,1,0,0
RP_5EBFC2E4,CUST_4558,15249.82,CUSTOMER_ABANDONED,0.961,0,3,Mobile,0,0,0,0,1
RP_E5CED649,CUST_1961,145.9,INSUFFICIENT_FUNDS,0.675,0,18,Mobile,0,0,1,0,0
RP_FBC7A483,CUST_4847,601.96,3D_SECURE_FAILED,0.629,1,16,Mobile,0,0,0,0,1
RP_2C8D7D6F,CUST_7726,1534.1,INSUFFICIENT_FUNDS,0.54,0,22,Mobile,0,0,0,0,0
RP_8B7BCBC3,CUST_4575,3580.65,GATEWAY_TIMEOUT,0.777,0,7,Mobile,0,0,1,0,0
RP_898EBCDB,CUST_3418,2382.1,RISK_BLOCKED,0.704,0,4,Mobile,0,0,0,0,0
RP_872BEDEA,CUST_5198,17562.32,3D_SECURE_FAILED,0.896,1,23,Mobile,0,0,0,1,1
RP_0E09D2A4,CUST_2001,952.3,GATEWAY_TIMEOUT,0.877,0,3,Mobile,0,0,0,0,0
RP_9AA7CB5E,CUST_6244,384.68,CUSTOMER_ABANDONED,0.877,0,23,Desktop,0,0,0,0,0
RP_2A6536F1,CUST_8119,842.49,GATEWAY_TIMEOUT,0.545,1,18,Desktop,0,1,1,0,0
RP_2AE7B2B9,CUST_5066,746.97,GATEWAY_TIMEOUT,0.65,1,23,Desktop,0,0,0,0,1
RP_D526D406,CUST_3845,1010.34,GATEWAY_TIMEOUT,0.688,0,21,Desktop,0,1,0,1,0
RP_7F4D631F,CUST_9849,337.31,GATEWAY_TIMEOUT,0.752,0,8,Mobile,0,0,1,0,0
RP_178CFBE6,CUST_6316,2809.8,CUSTOMER_ABANDONED,0.615,0,12,Mobile,0,0,0,1,1
RP_4A98009D,CUST_1422,1711.28,CUSTOMER_ABANDONED,0.88,2,20,Mobile,0,0,0,0,0
RP_8CFA4CE7,CUST_7715,240.65,RISK_BLOCKED,0.767,0,16,Mobile,0,0,0,0,0
RP_A4B5C9ED,CUST_5266,3503.89,CUSTOMER_ABANDONED,0.652,0,7,Mobile,0,0,0,0,0
RP_823A8A50,CUST_8549,414.15,INSUFFICIENT_FUNDS,0.834,0,18,Mobile,0,0,0,1,0
RP_0D484545,CUST_7316,265.24,CUSTOMER_ABANDONED,0.904,0,10,Mobile,0,0,0,0,1
RP_91705487,CUST_3710,1217.79,RISK_BLOCKED,0.512,0,20,Mobile,0,0,0,0,0
RP_ACCBEBC1,CUST_9644,133.03,CUSTOMER_ABANDONED,0.609,0,13,Desktop,0,0,0,0,1
RP_85A3C4D6,CUST_9069,2224.76,CUSTOMER_ABANDONED,0.915,0,17,Desktop,0,0,0,1,1
RP_0CC59E3E,CUST_2657,100.0,3D_SECURE_FAILED,0.741,2,22,Mobile,0,0,0,1,0
RP_E38112A5,CUST_3541,318.86,GATEWAY_TIMEOUT,0.598,1,4,Mobile,0,0,0,0,0
RP_0F02D37D,CUST_7763,7260.22,CUSTOMER_ABANDONED,0.693,2,22,Mobile,0,0,0,0,1
RP_2AD7CCDC,CUST_4075,481.07,3D_SECURE_FAILED,0.805,1,11,Desktop,0,0,0,1,0
RP_98B1A393,CUST_4164,593.54,RISK_BLOCKED,0.893,0,15,Mobile,0,0,0,0,0
RP_C1C8AB40,CUST_3053,5056.34,GATEWAY_TIMEOUT,0.945,0,15,Desktop,0,1,1,0,1
RP_8F86133D,CUST_9479,423.5,INSUFFICIENT_FUNDS,0.963,0,13,Desktop,0,0,0,1,0
RP_50120825,CUST_6737,2741.13,CUSTOMER_ABANDONED,0.751,0,6,Mobile,0,0,0,0,1
RP_86136C3C,CUST_4217,4487.39,GATEWAY_TIMEOUT,0.301,0,20,Desktop,0,0,0,0,0
RP_5227AC0B,CUST_2447,1947.37,CUSTOMER_ABANDONED,0.582,0,20,Mobile,0,0,0,0,1
RP_CE0AFE64,CUST_7009,193.66,GATEWAY_TIMEOUT,0.614,2,8,Desktop,0,1,0,1,0
RP_F4BFBB7A,CUST_1607,531.24,INSUFFICIENT_FUNDS,0.658,0,2,Mobile,0,0,0,0,0
RP_268FCDC5,CUST_5552,28462.53,INSUFFICIENT_FUNDS,0.694,0,13,Mobile,0,0,0,0,0
RP_44D80BC4,CUST_2764,608.73,INSUFFICIENT_FUNDS,0.635,0,23,Mobile,0,0,0,1,0
RP_A29EBDA8,CUST_3671,39481.81,INSUFFICIENT_FUNDS,0.773,1,0,Mobile,1,0,0,1,0
RP_5C222A37,CUST_7519,8524.99,INSUFFICIENT_FUNDS,0.921,2,13,Desktop,0,0,0,0,0
RP_DF1B53EB,CUST_4962,2044.45,GATEWAY_TIMEOUT,0.865,0,19,Desktop,0,1,0,0,0
RP_35525C4E,CUST_4177,1566.63,GATEWAY_TIMEOUT,0.538,0,17,Desktop,0,1,0,1,0
RP_A28C894B,CUST_4722,627.79,GATEWAY_TIMEOUT,0.832,0,2,Mobile,0,1,0,0,0
RP_E96542A9,CUST_5906,985.65,GATEWAY_TIMEOUT,0.874,2,5,Mobile,0,1,1,0,0
RP_96BE3EA3,CUST_8263,479.88,CUSTOMER_ABANDONED,0.814,0,3,Mobile,0,0,0,0,1
RP_1D7C2990,CUST_6054,1016.02,CUSTOMER_ABANDONED,0.846,1,0,Mobile,1,0,0,0,0
RP_DC35515E,CUST_1808,213.87,GATEWAY_TIMEOUT,0.748,0,20,Mobile,0,0,1,0,0
RP_F9B90002,CUST_1725,200.55,GATEWAY_TIMEOUT,0.476,0,2,Mobile,0,0,0,1,0
RP_D6434EC9,CUST_8701,5225.05,CUSTOMER_ABANDONED,0.707,0,17,Mobile,0,0,0,1,1
RP_D228F4D1,CUST_2216,158.42,INSUFFICIENT_FUNDS,0.742,1,19,Mobile,0,0,0,0,0
RP_FAC2E0AC,CUST_5051,3175.96,RISK_BLOCKED,0.748,2,19,Mobile,0,0,0,0,0
RP_02CC3A53,CUST_3197,112.93,CUSTOMER_ABANDONED,0.575,1,2,Mobile,0,0,0,0,0
RP_8DC88257,CUST_3806,2334.53,INSUFFICIENT_FUNDS,0.445,0,20,Mobile,0,0,0,0,0
RP_0DA962A2,CUST_9970,854.83,GATEWAY_TIMEOUT,0.899,0,20,Desktop,0,0,0,0,0
RP_EA1045D7,CUST_1972,5353.89,INSUFFICIENT_FUNDS,0.818,1,15,Mobile,0,0,0,1,0
RP_AA2F95DC,CUST_6634,736.28,GATEWAY_TIMEOUT,0.752,0,23,Mobile,0,1,0,0,0
RP_5512F2A4,CUST_8483,100.0,GATEWAY_TIMEOUT,0.896,2,6,Mobile,0,1,1,1,0
RP_C69B0C52,CUST_3123,875.12,GATEWAY_TIMEOUT,0.758,0,8,Mobile,0,0,1,0,0
RP_F273C652,CUST_9790,1328.22,CUSTOMER_ABANDONED,0.627,2,22,Desktop,0,0,0,0,0
RP_085BC47A,CUST_1224,936.01,INSUFFICIENT_FUNDS,0.542,1,1,Mobile,0,0,0,0,0
RP_A73F96C3,CUST_2814,2186.66,GATEWAY_TIMEOUT,0.887,0,2,Desktop,0,1,0,0,0
RP_D8E7238E,CUST_2106,557.09,CUSTOMER_ABANDONED,0.921,0,21,Mobile,0,0,0,0,0
RP_F99D403B,CUST_1124,240.79,INSUFFICIENT_FUNDS,0.63,0,0,Mobile,0,0,1,0,0
RP_E9A8D3F8,CUST_4246,330.44,INSUFFICIENT_FUNDS,0.738,0,23,Desktop,0,0,0,0,0
RP_97EA6C21,CUST_3931,590.56,GATEWAY_TIMEOUT,0.912,0,22,Mobile,0,1,0,1,0
RP_208307BE,CUST_3971,584.51,CUSTOMER_ABANDONED,0.767,0,5,Mobile,0,0,0,1,0
RP_49C917D7,CUST_3017,19679.78,RISK_BLOCKED,0.844,0,20,Desktop,0,0,0,0,0
RP_26396984,CUST_8415,4944.97,GATEWAY_TIMEOUT,0.793,0,14,Mobile,0,1,0,0,0
RP_7BAF865E,CUST_3415,2500.01,GATEWAY_TIMEOUT,0.629,2,4,Mobile,0,0,0,0,0
RP_2C4D142A,CUST_4096,1872.85,GATEWAY_TIMEOUT,0.604,0,12,Desktop,0,0,0,0,0
RP_2C8A2480,CUST_2609,1571.41,GATEWAY_TIMEOUT,0.654,1,7,Mobile,0,1,0,0,0
RP_609A60B8,CUST_1717,1581.3,INSUFFICIENT_FUNDS,0.502,0,23,Mobile,0,0,0,0,0
RP_59553F7C,CUST_4561,1334.01,CUSTOMER_ABANDONED,0.504,1,12,Desktop,0,0,0,0,0
RP_26F536D3,CUST_7782,1150.72,3D_SECURE_FAILED,0.885,0,18,Mobile,0,0,0,0,0
RP_5661C3E0,CUST_2048,100.0,GATEWAY_TIMEOUT,0.903,0,8,Mobile,0,1,0,0,0
RP_A73039D9,CUST_9307,704.19,INSUFFICIENT_FUNDS,0.914,0,2,Desktop,0,0,1,0,0
RP_81F642F5,CUST_8905,821.92,CUSTOMER_ABANDONED,0.696,2,13,Desktop,0,0,0,0,0
RP_995A27CD,CUST_6578,446.41,INSUFFICIENT_FUNDS,0.824,0,23,Mobile,0,0,0,0,1
RP_62B41389,CUST_2620,562.66,INSUFFICIENT_FUNDS,0.555,0,6,Desktop,0,0,0,0,0
RP_1F657DFF,CUST_7548,1573.25,GATEWAY_TIMEOUT,0.455,1,12,Mobile,0,0,0,0,0
RP_FEABDCDA,CUST_8381,2754.82,INSUFFICIENT_FUNDS,0.893,0,8,Mobile,0,0,0,1,0
RP_F9073C1E,CUST_5780,1570.4,INSUFFICIENT_FUNDS,0.503,0,10,Desktop,0,0,0,0,0
RP_95E46191,CUST_4792,2672.94,CUSTOMER_ABANDONED,0.46,0,8,Desktop,0,0,0,0,1
RP_84654A63,CUST_3941,2730.2,CUSTOMER_ABANDONED,0.77,0,10,Mobile,0,0,0,0,1
RP_5F678C8A,CUST_6695,765.37,GATEWAY_TIMEOUT,0.383,0,13,Mobile,0,0,0,0,0
RP_58D9AF58,CUST_7401,2059.81,GATEWAY_TIMEOUT,0.61,0,14,Mobile,0,1,0,0,0
RP_A1E3015D,CUST_7197,134.88,3D_SECURE_FAILED,0.692,0,16,Mobile,0,0,0,0,0
RP_A9356F51,CUST_6450,691.46,INSUFFICIENT_FUNDS,0.86,0,0,Desktop,0,0,0,0,0
RP_53A0360A,CUST_9975,600.51,3D_SECURE_FAILED,0.749,0,2,Desktop,0,0,0,0,0
RP_327D3B46,CUST_9432,6888.39,GATEWAY_TIMEOUT,0.808,1,22,Desktop,0,0,1,0,0
RP_DF00CA0D,CUST_6874,1643.37,INSUFFICIENT_FUNDS,0.925,2,2,Mobile,0,0,0,0,0
RP_81AAE15A,CUST_2553,221.11,INSUFFICIENT_FUNDS,0.88,0,2,Mobile,0,0,1,1,0
RP_626FEE0F,CUST_2012,2238.36,3D_SECURE_FAILED,0.668,1,3,Desktop,0,0,0,1,0
RP_68673918,CUST_9378,3267.37,GATEWAY_TIMEOUT,0.654,2,23,Mobile,0,1,1,1,0
RP_0B6A4F30,CUST_2881,984.77,GATEWAY_TIMEOUT,0.374,0,16,Mobile,0,0,0,0,1
RP_E87EFD91,CUST_7799,2510.68,INSUFFICIENT_FUNDS,0.657,2,19,Desktop,0,0,0,0,0
RP_36C05D12,CUST_5586,100.0,3D_SECURE_FAILED,0.837,0,3,Desktop,0,0,0,0,0
RP_38F392D9,CUST_9622,100.0,3D_SECURE_FAILED,0.92,1,12,Mobile,0,0,1,0,0
RP_9C6A51C5,CUST_9430,266.56,RISK_BLOCKED,0.453,0,23,Mobile,0,0,0,0,0
RP_885EE6F2,CUST_7447,1311.4,RISK_BLOCKED,0.384,0,6,Mobile,0,0,0,0,0
RP_479967B1,CUST_3345,6895.31,GATEWAY_TIMEOUT,0.924,1,3,Mobile,0,0,0,0,0
RP_A5B666A2,CUST_1075,283.8,GATEWAY_TIMEOUT,0.671,0,7,Mobile,0,0,0,0,0
RP_2380AF41,CUST_6877,393.7,GATEWAY_TIMEOUT,0.624,0,10,Mobile,0,0,1,0,0
RP_3D8832A5,CUST_7785,1219.66,INSUFFICIENT_FUNDS,0.692,0,18,Desktop,0,0,0,1,1
RP_B525166A,CUST_5922,607.42,CUSTOMER_ABANDONED,0.566,1,6,Mobile,0,0,0,0,1
RP_930DE074,CUST_9090,567.35,3D_SECURE_FAILED,0.513,1,8,Mobile,0,0,0,0,0
RP_ADE713C4,CUST_3330,661.31,GATEWAY_TIMEOUT,0.974,0,21,Desktop,0,1,1,0,0
RP_147A0961,CUST_5686,5312.12,CUSTOMER_ABANDONED,0.463,0,3,Mobile,0,0,0,0,1
RP_A1063F9E,CUST_2902,4185.42,3D_SECURE_FAILED,0.676,0,3,Desktop,0,0,0,0,0
RP_64787EA1,CUST_5670,1127.96,INSUFFICIENT_FUNDS,0.383,0,0,Desktop,0,0,0,0,0
RP_7880B256,CUST_8143,7985.45,GATEWAY_TIMEOUT,0.931,1,5,Mobile,0,1,1,0,0
RP_CF5F9934,CUST_3059,2019.96,INSUFFICIENT_FUNDS,0.748,1,2,Desktop,0,0,0,1,0
RP_F6380D5D,CUST_1140,4379.43,INSUFFICIENT_FUNDS,0.732,0,2,Mobile,0,0,0,0,0
RP_227F761C,CUST_2789,390.47,CUSTOMER_ABANDONED,0.809,2,0,Desktop,0,0,0,0,0
RP_66870FF2,CUST_1016,500.49,INSUFFICIENT_FUNDS,0.901,1,6,Mobile,0,0,0,0,0
RP_C833F956,CUST_1464,494.1,GATEWAY_TIMEOUT,0.897,0,8,Mobile,0,1,1,0,0
RP_483D07C4,CUST_5471,988.25,RISK_BLOCKED,0.457,0,2,Mobile,0,0,0,0,0
RP_E3ADE6FD,CUST_2827,1178.38,INSUFFICIENT_FUNDS,0.679,0,22,Mobile,0,0,0,1,0
RP_8C9E2341,CUST_9711,1618.11,INSUFFICIENT_FUNDS,0.946,0,14,Mobile,0,0,0,1,0
RP_76B92350,CUST_6956,11704.47,RISK_BLOCKED,0.814,1,2,Desktop,0,0,0,0,0
RP_59B10B42,CUST_1089,2605.9,GATEWAY_TIMEOUT,0.865,0,10,Mobile,0,1,1,0,0
RP_1CE1DD76,CUST_5815,591.26,GATEWAY_TIMEOUT,0.498,1,17,Mobile,0,0,0,0,1
RP_9665A399,CUST_3851,1092.33,CUSTOMER_ABANDONED,0.631,0,2,Desktop,0,0,0,0,1
RP_008997D8,CUST_3843,6673.71,GATEWAY_TIMEOUT,0.797,1,19,Mobile,0,0,0,1,0
RP_5E6BA584,CUST_7543,2802.47,CUSTOMER_ABANDONED,0.85,0,6,Desktop,0,0,0,0,1
RP_51E9F252,CUST_6901,6569.14,GATEWAY_TIMEOUT,0.54,0,8,Mobile,0,1,0,0,0
RP_89411F61,CUST_1969,614.48,GATEWAY_TIMEOUT,0.779,0,16,Mobile,0,1,0,0,0
RP_A0B1726D,CUST_2094,466.85,INSUFFICIENT_FUNDS,0.849,1,8,Desktop,0,0,1,0,0
RP_02E4CA99,CUST_7124,475.11,GATEWAY_TIMEOUT,0.701,1,9,Mobile,0,0,1,0,0
RP_08221933,CUST_8347,676.96,CUSTOMER_ABANDONED,0.886,0,12,Mobile,0,0,0,1,0
RP_45B5CAE5,CUST_4195,306.15,CUSTOMER_ABANDONED,0.787,0,4,Mobile,0,0,0,1,0
RP_C38A78E1,CUST_2404,1562.8,3D_SECURE_FAILED,0.498,0,13,Desktop,0,0,0,1,0
RP_FE073E62,CUST_7940,1595.38,CUSTOMER_ABANDONED,0.669,1,3,Mobile,0,0,0,0,1
RP_71AD9AA4,CUST_5290,5467.26,GATEWAY_TIMEOUT,0.784,0,13,Mobile,0,0,1,0,0
RP_772B1BBA,CUST_4982,132.65,CUSTOMER_ABANDONED,0.736,0,10,Desktop,0,0,0,0,1
RP_7361AADC,CUST_6555,353.2,CUSTOMER_ABANDONED,0.725,0,21,Desktop,0,0,0,0,0
RP_B07FFE3F,CUST_8954,2883.32,CUSTOMER_ABANDONED,0.5,0,9,Desktop,0,0,0,0,0
RP_0D96F59E,CUST_5713,1366.72,CUSTOMER_ABANDONED,0.754,0,4,Mobile,0,0,0,0,0
RP_518D3CD2,CUST_4092,1157.21,CUSTOMER_ABANDONED,0.612,2,20,Mobile,0,0,0,1,0
RP_F27A65BD,CUST_5159,4997.16,INSUFFICIENT_FUNDS,0.69,1,11,Mobile,0,0,0,1,0
RP_05CAAA48,CUST_7308,326.38,CUSTOMER_ABANDONED,0.535,1,20,Mobile,0,0,0,0,0
RP_96E342FF,CUST_8478,457.38,GATEWAY_TIMEOUT,0.471,0,14,Mobile,0,0,0,1,0
RP_F8426B28,CUST_9476,397.1,GATEWAY_TIMEOUT,0.714,0,23,Mobile,0,1,0,0,0
RP_3F3686A5,CUST_5933,100.0,CUSTOMER_ABANDONED,0.76,2,12,Desktop,0,0,0,0,1
RP_327072E7,CUST_5926,1286.11,GATEWAY_TIMEOUT,0.732,0,7,Mobile,0,1,0,1,0
RP_F0438842,CUST_4969,585.56,GATEWAY_TIMEOUT,0.831,0,3,Mobile,0,1,1,0,0
RP_F2F4153D,CUST_3965,455.1,GATEWAY_TIMEOUT,0.711,0,12,Mobile,0,1,1,0,0
RP_47E98014,CUST_5319,366.46,CUSTOMER_ABANDONED,0.689,0,14,Mobile,0,0,0,0,1
RP_94E99E4C,CUST_9975,1073.53,INSUFFICIENT_FUNDS,0.668,0,8,Mobile,0,0,1,0,0
RP_71339C2B,CUST_8108,420.63,CUSTOMER_ABANDONED,0.969,1,23,Mobile,0,0,0,1,0
RP_78C7CCA8,CUST_4939,1430.65,INSUFFICIENT_FUNDS,0.893,2,5,Mobile,0,0,0,0,0
RP_F73D9333,CUST_1044,1902.68,INSUFFICIENT_FUNDS,0.677,0,17,Mobile,0,0,1,0,0
RP_7CBAA22B,CUST_2810,770.09,INSUFFICIENT_FUNDS,0.719,0,8,Desktop,0,0,1,0,0
RP_DF986EB9,CUST_5566,709.84,CUSTOMER_ABANDONED,0.936,0,21,Desktop,0,0,0,1,1
RP_B2733369,CUST_2909,1370.03,INSUFFICIENT_FUNDS,0.73,0,23,Mobile,0,1,1,0,0
RP_A0E74FF8,CUST_7364,1059.32,RISK_BLOCKED,0.905,2,5,Desktop,0,0,0,0,0
RP_60782BA3,CUST_3581,5411.01,3D_SECURE_FAILED,0.533,0,20,Mobile,0,0,0,1,0
RP_79668AC2,CUST_1691,1606.67,CUSTOMER_ABANDONED,0.7,0,6,Mobile,0,0,0,0,0
RP_E210CD41,CUST_1931,4083.47,3D_SECURE_FAILED,0.715,0,11,Mobile,0,0,0,0,1
RP_322292CC,CUST_8910,2281.56,INSUFFICIENT_FUNDS,0.972,1,3,Desktop,0,0,0,1,1
RP_FAA43918,CUST_7382,225.4,INSUFFICIENT_FUNDS,0.959,0,10,Mobile,0,0,1,0,1
RP_0049F1F5,CUST_4406,561.2,CUSTOMER_ABANDONED,0.687,0,2,Mobile,0,0,0,0,1
RP_88D0A439,CUST_9339,1035.13,CUSTOMER_ABANDONED,0.771,0,6,Mobile,0,0,0,1,1
RP_74EABCBE,CUST_2032,3109.24,3D_SECURE_FAILED,0.24,0,1,Mobile,0,0,0,0,0
RP_289DBB2A,CUST_2311,11085.3,CUSTOMER_ABANDONED,0.252,0,9,Mobile,0,0,0,0,0
RP_8C8E6F7C,CUST_9579,613.4,RISK_BLOCKED,0.8,1,2,Mobile,0,0,0,0,0
RP_9BC3580B,CUST_4121,1171.81,INSUFFICIENT_FUNDS,0.728,0,16,Desktop,0,0,0,0,0
RP_384FD597,CUST_2873,2863.77,CUSTOMER_ABANDONED,0.84,0,10,Mobile,0,0,0,1,0
RP_E2D1CEF7,CUST_7781,1023.11,CUSTOMER_ABANDONED,0.856,1,0,Mobile,0,0,0,0,0
RP_F35248E8,CUST_4748,7886.57,CUSTOMER_ABANDONED,0.687,0,1,Mobile,0,0,0,0,1
RP_2959C28C,CUST_1277,217.6,INSUFFICIENT_FUNDS,0.937,1,12,Desktop,0,0,1,0,0
RP_0F1DED5F,CUST_2859,2474.08,CUSTOMER_ABANDONED,0.771,1,13,Mobile,0,0,0,0,1
RP_C71F878C,CUST_6929,2445.14,3D_SECURE_FAILED,0.75,0,16,Mobile,0,1,0,1,0
RP_09658B7D,CUST_7792,4369.69,GATEWAY_TIMEOUT,0.869,1,1,Desktop,0,1,0,0,0
RP_72DC57B0,CUST_5713,1181.41,CUSTOMER_ABANDONED,0.581,0,16,Desktop,0,0,0,0,1
RP_21921F18,CUST_5675,3196.54,INSUFFICIENT_FUNDS,0.636,0,18,Desktop,0,0,0,0,0
RP_432C6751,CUST_2170,813.25,RISK_BLOCKED,0.644,1,8,Mobile,0,0,0,0,0
RP_3D40076C,CUST_9681,419.19,INSUFFICIENT_FUNDS,0.668,1,23,Mobile,0,0,0,0,0
RP_3399EEF8,CUST_6308,351.9,GATEWAY_TIMEOUT,0.836,0,11,Desktop,0,1,1,0,0
RP_6EF58D04,CUST_3462,194.48,INSUFFICIENT_FUNDS,0.837,0,15,Desktop,0,0,0,1,0
RP_6A6F31AD,CUST_1287,645.72,CUSTOMER_ABANDONED,0.813,0,3,Desktop,0,0,0,1,1
RP_D60A0B58,CUST_6953,1593.66,GATEWAY_TIMEOUT,0.759,1,23,Mobile,0,0,1,0,0
RP_17FF23FE,CUST_5282,854.27,CUSTOMER_ABANDONED,0.709,2,10,Mobile,0,0,0,1,0
RP_DFD0DE32,CUST_2907,1390.7,3D_SECURE_FAILED,0.818,0,20,Desktop,0,1,0,1,0
RP_57F42D14,CUST_2161,4826.39,3D_SECURE_FAILED,0.693,0,19,Mobile,0,0,0,1,0
RP_F1BDECFF,CUST_1129,589.35,GATEWAY_TIMEOUT,0.558,1,3,Mobile,0,0,0,0,1
RP_C8F2BBE3,CUST_7337,18185.06,RISK_BLOCKED,0.626,0,1,Desktop,0,0,0,0,0
RP_8CB56E86,CUST_3363,2714.31,CUSTOMER_ABANDONED,0.83,0,9,Mobile,0,0,0,0,1
RP_AFEA8129,CUST_9151,865.83,GATEWAY_TIMEOUT,0.559,0,8,Mobile,0,0,0,0,1
RP_6AE940CA,CUST_6983,842.59,GATEWAY_TIMEOUT,0.818,0,16,Mobile,0,1,1,0,0
RP_3D6B52FC,CUST_1143,327.09,GATEWAY_TIMEOUT,0.75,2,11,Desktop,0,0,0,0,0
RP_76C5DBE2,CUST_9207,1063.31,CUSTOMER_ABANDONED,0.463,2,3,Desktop,0,0,0,0,1
RP_13D3C9F9,CUST_8469,100.0,GATEWAY_TIMEOUT,0.805,0,8,Mobile,0,0,1,0,0
RP_374A0262,CUST_1244,4948.89,GATEWAY_TIMEOUT,0.734,2,13,Desktop,0,0,0,0,0
RP_8EFA0685,CUST_1926,100.0,CUSTOMER_ABANDONED,0.695,0,3,Mobile,0,0,0,0,0
RP_ADCCF772,CUST_4178,1152.98,CUSTOMER_ABANDONED,0.977,1,1,Desktop,0,0,0,0,0
RP_EB488107,CUST_3176,277.89,CUSTOMER_ABANDONED,0.862,0,17,Mobile,0,0,0,1,1
RP_DA68339A,CUST_6002,472.76,CUSTOMER_ABANDONED,0.591,1,12,Mobile,0,0,0,0,0
RP_3C7DD977,CUST_1886,551.93,GATEWAY_TIMEOUT,0.819,0,9,Mobile,0,1,1,0,0
RP_7358B929,CUST_9532,11056.25,3D_SECURE_FAILED,0.546,0,13,Mobile,0,0,0,0,0
RP_9D7D29C7,CUST_4398,291.81,GATEWAY_TIMEOUT,0.916,2,8,Mobile,0,0,1,0,0
RP_E5B858B0,CUST_9497,3284.97,CUSTOMER_ABANDONED,0.633,0,10,Mobile,0,0,0,0,0
RP_632C926F,CUST_3654,4413.76,CUSTOMER_ABANDONED,0.677,2,19,Desktop,0,0,0,0,0
RP_F748FD17,CUST_8392,100.0,GATEWAY_TIMEOUT,0.877,0,0,Mobile,0,1,0,0,0
RP_D7D80B8B,CUST_2371,524.04,RISK_BLOCKED,0.889,0,11,Mobile,0,0,0,0,0
RP_D22DD84E,CUST_8135,6511.67,INSUFFICIENT_FUNDS,0.761,1,16,Desktop,0,0,1,1,0
RP_851DEF28,CUST_1320,226.39,GATEWAY_TIMEOUT,0.517,0,16,Mobile,0,0,0,0,0
RP_765D11B5,CUST_5654,4618.99,3D_SECURE_FAILED,0.813,0,7,Desktop,0,0,0,0,0
RP_72DCB508,CUST_6300,1073.37,CUSTOMER_ABANDONED,0.592,0,16,Desktop,0,0,0,0,0
RP_4B979140,CUST_7761,1019.11,CUSTOMER_ABANDONED,0.395,0,20,Mobile,0,0,0,0,0
RP_2EC134FA,CUST_7854,1192.0,INSUFFICIENT_FUNDS,0.767,0,19,Mobile,0,0,0,1,0
RP_8B1B010C,CUST_6505,1654.22,CUSTOMER_ABANDONED,0.805,0,20,Mobile,0,0,0,1,0
RP_B0193539,CUST_7553,348.36,GATEWAY_TIMEOUT,0.802,0,12,Desktop,0,1,0,0,0
RP_B361A3DD,CUST_5042,802.31,GATEWAY_TIMEOUT,0.769,0,12,Mobile,0,0,1,0,0
RP_6001B08C,CUST_8498,1710.8,INSUFFICIENT_FUNDS,0.722,2,14,Mobile,0,0,0,0,0
RP_7ABF484F,CUST_7636,1355.96,GATEWAY_TIMEOUT,0.624,0,17,Desktop,0,0,1,1,0
RP_3DBC6F12,CUST_8362,1667.48,CUSTOMER_ABANDONED,0.618,0,12,Mobile,0,0,0,0,0
RP_7BE2F2F7,CUST_1011,462.93,INSUFFICIENT_FUNDS,0.9,0,7,Mobile,0,0,1,1,0
RP_24E24181,CUST_1194,2342.0,GATEWAY_TIMEOUT,0.582,0,6,Desktop,0,0,0,0,0
RP_6BE51756,CUST_3537,1276.36,GATEWAY_TIMEOUT,0.852,0,22,Desktop,0,1,0,0,0
RP_2D08C35D,CUST_3842,164.54,CUSTOMER_ABANDONED,0.87,0,18,Mobile,0,0,0,1,1
RP_DF29B7AB,CUST_3229,579.61,CUSTOMER_ABANDONED,0.844,1,9,Mobile,0,0,0,0,0
RP_509C4DB1,CUST_4009,374.43,INSUFFICIENT_FUNDS,0.833,1,11,Mobile,1,0,0,0,1
RP_219A52FE,CUST_8984,368.69,CUSTOMER_ABANDONED,0.713,0,1,Mobile,0,0,0,0,0
RP_AF356549,CUST_3077,619.07,GATEWAY_TIMEOUT,0.678,0,13,Mobile,0,1,0,0,1
RP_63C44136,CUST_8845,2289.68,CUSTOMER_ABANDONED,0.802,0,9,Desktop,0,0,0,0,1
RP_79674B2B,CUST_4867,516.9,GATEWAY_TIMEOUT,0.352,0,16,Desktop,0,0,0,0,0
RP_398E7AA6,CUST_5873,1436.65,INSUFFICIENT_FUNDS,0.59,1,12,Mobile,0,0,0,0,0
RP_CF52E20C,CUST_9635,1180.15,CUSTOMER_ABANDONED,0.73,1,0,Mobile,0,0,0,0,0
RP_713BF3FD,CUST_1297,430.58,3D_SECURE_FAILED,0.94,0,22,Mobile,0,0,0,1,0
RP_769AC99E,CUST_6856,725.04,INSUFFICIENT_FUNDS,0.576,1,14,Mobile,0,0,0,0,0
RP_FBCE9AC6,CUST_2015,3095.85,CUSTOMER_ABANDONED,0.885,1,0,Mobile,0,0,0,0,0
RP_779153A4,CUST_2384,1312.6,CUSTOMER_ABANDONED,0.844,0,14,Mobile,0,0,0,0,1
RP_A55E76E7,CUST_9745,2118.78,3D_SECURE_FAILED,0.604,0,19,Mobile,0,0,1,1,1
RP_98F9AE83,CUST_3350,5049.25,INSUFFICIENT_FUNDS,0.759,1,14,Desktop,0,0,0,0,0
RP_2A456225,CUST_2269,1848.12,INSUFFICIENT_FUNDS,0.607,0,13,Mobile,0,0,1,0,1
RP_54ECD8B1,CUST_2260,109.42,3D_SECURE_FAILED,0.519,1,12,Mobile,0,0,0,0,0
RP_5547CEB1,CUST_8701,1517.34,GATEWAY_TIMEOUT,0.932,0,1,Mobile,0,0,0,0,0
RP_C9B3DE31,CUST_9376,522.31,GATEWAY_TIMEOUT,0.492,0,7,Mobile,0,0,0,0,0
RP_B0F9E1D5,CUST_5563,9627.35,GATEWAY_TIMEOUT,0.722,0,8,Mobile,0,1,1,0,0
RP_D5BB0482,CUST_7897,1770.69,CUSTOMER_ABANDONED,0.723,0,18,Mobile,0,0,0,0,0
RP_861AD211,CUST_6672,535.43,GATEWAY_TIMEOUT,0.453,0,18,Mobile,0,0,0,0,0
RP_2E488760,CUST_6593,2164.22,3D_SECURE_FAILED,0.756,1,22,Mobile,0,0,0,0,0
RP_F4921FEE,CUST_7155,1222.86,INSUFFICIENT_FUNDS,0.804,1,8,Mobile,0,0,0,0,0
RP_74B94155,CUST_6543,139.55,GATEWAY_TIMEOUT,0.644,2,22,Mobile,0,0,0,1,0
RP_D4F3E19D,CUST_8240,3089.22,INSUFFICIENT_FUNDS,0.882,0,6,Desktop,0,0,1,0,0
RP_67B1B80F,CUST_5683,674.08,GATEWAY_TIMEOUT,0.799,0,13,Desktop,0,1,0,0,0
RP_D562AB7E,CUST_2881,6031.45,CUSTOMER_ABANDONED,0.844,0,1,Mobile,0,0,0,1,1
RP_FE6338B3,CUST_9713,944.53,CUSTOMER_ABANDONED,0.639,0,11,Mobile,0,0,0,0,0
RP_C2BB531C,CUST_4809,6168.14,INSUFFICIENT_FUNDS,0.58,0,10,Mobile,0,0,1,0,0
RP_6DBFCF6B,CUST_6807,1825.99,GATEWAY_TIMEOUT,0.536,0,16,Desktop,0,0,1,0,0
RP_25694A83,CUST_5883,3529.63,CUSTOMER_ABANDONED,0.776,0,1,Mobile,0,0,0,0,0
RP_DF0649E8,CUST_8206,607.78,CUSTOMER_ABANDONED,0.918,0,21,Mobile,0,0,0,0,1
RP_B4BCCEB3,CUST_5155,1675.07,CUSTOMER_ABANDONED,0.592,0,11,Mobile,0,0,0,0,0
RP_56D1446E,CUST_5673,138.17,CUSTOMER_ABANDONED,0.506,0,14,Mobile,0,0,0,0,0
RP_D3CCAE20,CUST_2409,941.58,GATEWAY_TIMEOUT,0.837,1,7,Mobile,0,1,0,0,0
RP_E208A4E9,CUST_6197,184.67,3D_SECURE_FAILED,0.78,1,7,Mobile,0,0,0,0,0
RP_FD90421D,CUST_8452,278.22,INSUFFICIENT_FUNDS,0.492,0,21,Mobile,0,0,0,0,0
RP_54453BA6,CUST_9718,376.54,GATEWAY_TIMEOUT,0.744,1,17,Mobile,0,0,0,0,0
RP_B697B379,CUST_3172,2422.38,CUSTOMER_ABANDONED,0.769,0,13,Mobile,0,0,0,0,1
RP_4689B9DB,CUST_1279,918.89,3D_SECURE_FAILED,0.825,0,9,Mobile,0,0,0,1,0
RP_FA2539C7,CUST_4977,1138.78,CUSTOMER_ABANDONED,0.51,0,3,Mobile,0,0,0,0,0
RP_593BD3DB,CUST_3669,889.35,GATEWAY_TIMEOUT,0.683,1,15,Mobile,0,0,0,0,0
RP_F3D85018,CUST_8825,4011.28,GATEWAY_TIMEOUT,0.871,0,15,Mobile,0,0,1,0,0
RP_FEA45E96,CUST_4981,1101.97,INSUFFICIENT_FUNDS,0.505,0,20,Mobile,0,0,0,1,0
RP_45B302FF,CUST_5769,1478.24,3D_SECURE_FAILED,0.92,0,16,Desktop,0,0,0,0,1
RP_F0C6B1AF,CUST_6247,553.19,GATEWAY_TIMEOUT,0.582,0,8,Mobile,0,0,0,1,0
RP_15461A17,CUST_5427,4355.92,CUSTOMER_ABANDONED,0.347,0,10,Desktop,0,0,0,0,0
RP_ECB4A81B,CUST_7135,4766.02,GATEWAY_TIMEOUT,0.499,1,12,Desktop,0,1,1,0,0
RP_7CCAD1EF,CUST_6573,1049.15,CUSTOMER_ABANDONED,0.651,1,0,Mobile,0,0,0,0,0
RP_60E9CA3F,CUST_5131,543.94,3D_SECURE_FAILED,0.686,2,6,Desktop,0,0,0,0,0
RP_9FB5EC43,CUST_8189,157.72,INSUFFICIENT_FUNDS,0.562,1,10,Mobile,0,0,0,0,0
RP_12660BCC,CUST_5535,386.71,INSUFFICIENT_FUNDS,0.901,0,2,Mobile,0,0,0,0,1
RP_6C1210D8,CUST_3776,100.0,CUSTOMER_ABANDONED,0.843,0,1,Desktop,0,0,0,0,1
RP_5B6C2D34,CUST_8697,367.69,INSUFFICIENT_FUNDS,0.782,0,13,Mobile,0,0,0,1,0
RP_E920EF08,CUST_9386,1683.05,CUSTOMER_ABANDONED,0.666,0,9,Mobile,0,0,0,0,1
RP_D84F496D,CUST_1662,1032.27,CUSTOMER_ABANDONED,0.777,0,23,Mobile,0,0,0,1,0
RP_CBFE8BBE,CUST_9671,17817.21,GATEWAY_TIMEOUT,0.979,1,19,Desktop,0,1,1,0,0
RP_0FF8478B,CUST_9044,702.56,CUSTOMER_ABANDONED,0.599,0,16,Mobile,0,0,0,0,1
RP_C5E34040,CUST_5218,639.73,GATEWAY_TIMEOUT,0.768,1,7,Mobile,0,0,1,0,0
RP_CB22F646,CUST_6060,3925.79,3D_SECURE_FAILED,0.416,0,14,Mobile,0,0,0,0,0
RP_B5BB4502,CUST_6874,108.6,GATEWAY_TIMEOUT,0.515,0,21,Desktop,0,0,0,0,0
RP_522AB485,CUST_6581,185.28,CUSTOMER_ABANDONED,0.549,0,5,Mobile,0,0,0,0,1
RP_E749EF61,CUST_3014,2432.34,GATEWAY_TIMEOUT,0.626,0,19,Mobile,0,1,1,0,0
RP_A560364D,CUST_4789,867.39,INSUFFICIENT_FUNDS,0.614,0,21,Mobile,0,0,1,0,0
RP_5FE61AF2,CUST_8148,891.59,INSUFFICIENT_FUNDS,0.635,0,1,Mobile,0,0,1,0,0
RP_A65BBD69,CUST_8766,356.17,CUSTOMER_ABANDONED,0.861,0,21,Mobile,0,0,0,0,1
RP_F813ECF4,CUST_3364,1462.24,CUSTOMER_ABANDONED,0.687,0,14,Mobile,0,0,0,0,1
RP_97D5E2C6,CUST_4629,415.87,3D_SECURE_FAILED,0.786,1,15,Mobile,0,0,0,0,0
RP_4D976EDB,CUST_6919,1196.66,INSUFFICIENT_FUNDS,0.53,0,1,Desktop,0,0,0,0,0
RP_27D50FF3,CUST_6675,273.1,CUSTOMER_ABANDONED,0.662,1,21,Mobile,0,0,0,0,0
RP_B2850C57,CUST_9872,881.06,CUSTOMER_ABANDONED,0.607,0,13,Mobile,0,0,0,0,0
RP_088E2FDA,CUST_7638,12454.57,GATEWAY_TIMEOUT,0.78,0,22,Mobile,0,1,0,1,0
RP_3F02E2C2,CUST_5651,658.57,INSUFFICIENT_FUNDS,0.617,1,19,Desktop,0,0,0,1,1
RP_66C26779,CUST_1609,936.26,INSUFFICIENT_FUNDS,0.966,1,0,Mobile,0,0,0,1,0
RP_5E00828F,CUST_8940,860.03,INSUFFICIENT_FUNDS,0.622,1,8,Mobile,0,0,0,0,0
RP_023ABF2A,CUST_4866,1352.13,INSUFFICIENT_FUNDS,0.89,0,16,Mobile,0,0,0,1,0
RP_D8684C88,CUST_1371,1923.27,CUSTOMER_ABANDONED,0.913,0,20,Desktop,0,0,0,0,0
RP_32FE0B1F,CUST_7998,1493.21,GATEWAY_TIMEOUT,0.818,0,13,Mobile,0,1,0,0,1
RP_6DDB6CD4,CUST_1615,1533.3,CUSTOMER_ABANDONED,0.783,0,22,Desktop,0,0,0,0,1
RP_0643FCCF,CUST_7911,882.71,3D_SECURE_FAILED,0.605,2,9,Mobile,0,0,0,0,0
RP_85F898A1,CUST_7010,1236.88,CUSTOMER_ABANDONED,0.763,0,12,Desktop,0,0,0,0,1
RP_568BA264,CUST_3253,848.32,CUSTOMER_ABANDONED,0.921,0,12,Mobile,0,0,0,0,1
RP_9003F203,CUST_5942,124.61,GATEWAY_TIMEOUT,0.839,0,21,Mobile,0,0,1,1,0
RP_061D76FE,CUST_1864,25764.12,3D_SECURE_FAILED,0.648,1,18,Mobile,0,0,0,0,0
RP_3F89C7D0,CUST_2268,2627.55,GATEWAY_TIMEOUT,0.644,0,7,Mobile,0,1,1,0,1
RP_1A0B45F8,CUST_8454,338.6,CUSTOMER_ABANDONED,0.769,2,6,Mobile,0,0,0,0,1
RP_55B01D06,CUST_9976,1445.3,RISK_BLOCKED,0.714,0,16,Desktop,0,0,0,0,0
RP_13AD5AF1,CUST_5571,218.03,CUSTOMER_ABANDONED,0.536,1,7,Desktop,0,0,0,1,1
RP_B9A7ACF2,CUST_6229,606.05,CUSTOMER_ABANDONED,0.772,0,3,Mobile,0,0,0,1,1
RP_B0CBD710,CUST_3237,185.23,INSUFFICIENT_FUNDS,0.433,1,6,Mobile,0,0,0,0,0
RP_DB36D34B,CUST_5054,1031.3,GATEWAY_TIMEOUT,0.781,0,22,Desktop,0,1,1,0,1
RP_78E768F7,CUST_1935,164.41,CUSTOMER_ABANDONED,0.689,1,19,Mobile,0,0,0,0,0
RP_1D8721F2,CUST_7394,1747.79,GATEWAY_TIMEOUT,0.758,0,23,Desktop,0,0,0,0,0
RP_A148F5C9,CUST_8891,2486.58,CUSTOMER_ABANDONED,0.652,0,16,Desktop,0,0,0,0,1
RP_A2F1AAD3,CUST_1325,406.52,GATEWAY_TIMEOUT,0.582,0,4,Mobile,0,0,0,0,0
RP_018B4FC2,CUST_8774,1330.18,3D_SECURE_FAILED,0.941,1,19,Mobile,0,0,1,1,1
RP_361F1677,CUST_4861,381.47,GATEWAY_TIMEOUT,0.792,0,3,Mobile,0,0,1,0,0
RP_37908AD0,CUST_2985,2026.52,INSUFFICIENT_FUNDS,0.717,0,18,Desktop,0,0,0,1,1
RP_250F67E1,CUST_5932,479.94,CUSTOMER_ABANDONED,0.708,0,0,Desktop,0,0,0,1,1
RP_F9EE907F,CUST_5603,2826.41,INSUFFICIENT_FUNDS,0.672,0,20,Mobile,0,0,0,1,0
RP_50EA11B5,CUST_3778,124.72,INSUFFICIENT_FUNDS,0.884,0,23,Mobile,0,1,0,1,0
RP_6C7D6E48,CUST_9832,328.33,INSUFFICIENT_FUNDS,0.816,0,9,Mobile,0,0,0,1,0
RP_B3A3A268,CUST_8754,289.87,INSUFFICIENT_FUNDS,0.722,0,5,Desktop,0,0,0,1,0
RP_AD57DB51,CUST_5078,1399.72,INSUFFICIENT_FUNDS,0.714,0,11,Mobile,0,0,0,0,0
RP_95B50CC9,CUST_2367,2134.76,INSUFFICIENT_FUNDS,0.535,0,16,Mobile,0,0,0,0,1
RP_E7D811B4,CUST_5042,1535.74,CUSTOMER_ABANDONED,0.757,0,4,Desktop,0,0,0,0,0
RP_1C4871BD,CUST_3575,595.4,GATEWAY_TIMEOUT,0.929,0,21,Desktop,0,1,1,1,0
RP_44813668,CUST_7754,100.0,RISK_BLOCKED,0.596,0,8,Mobile,0,0,0,0,0
RP_DE6C0488,CUST_2581,1148.77,INSUFFICIENT_FUNDS,0.634,0,8,Mobile,0,0,0,0,0
RP_8B645637,CUST_2986,2823.29,GATEWAY_TIMEOUT,0.845,1,4,Mobile,0,0,0,0,0
RP_F99A856E,CUST_3240,27353.8,INSUFFICIENT_FUNDS,0.825,0,18,Mobile,0,0,0,0,0
RP_B5BFFFE5,CUST_4966,659.0,3D_SECURE_FAILED,0.776,1,21,Mobile,0,0,0,0,0
RP_20731DA7,CUST_8604,493.55,GATEWAY_TIMEOUT,0.761,0,23,Mobile,0,0,0,0,1
RP_DC56AADB,CUST_9320,1610.51,CUSTOMER_ABANDONED,0.578,1,10,Desktop,0,0,0,0,0
RP_435C4384,CUST_6968,806.42,INSUFFICIENT_FUNDS,0.695,0,11,Desktop,0,0,0,0,0
RP_BB5BA914,CUST_8493,5066.72,GATEWAY_TIMEOUT,0.953,0,4,Desktop,0,1,1,0,0
RP_AAD53D54,CUST_5103,415.79,CUSTOMER_ABANDONED,0.712,0,7,Mobile,0,0,0,0,0
RP_09D1742B,CUST_3076,813.53,INSUFFICIENT_FUNDS,0.759,1,16,Mobile,0,0,0,1,0
RP_25F002C3,CUST_6231,3138.36,GATEWAY_TIMEOUT,0.54,0,7,Mobile,0,0,1,0,0
RP_BFCF8ACA,CUST_3994,1587.69,CUSTOMER_ABANDONED,0.799,0,1,Mobile,0,0,0,0,0
RP_8CD91B93,CUST_4744,4418.03,CUSTOMER_ABANDONED,0.723,0,22,Mobile,0,0,0,0,1
RP_61342CD8,CUST_6594,649.45,3D_SECURE_FAILED,0.661,2,17,Mobile,0,1,0,0,1
RP_C90DBEA2,CUST_8531,4993.74,CUSTOMER_ABANDONED,0.885,1,18,Mobile,0,0,0,1,1
RP_A5ED6271,CUST_8371,148.92,CUSTOMER_ABANDONED,0.913,0,20,Mobile,0,0,0,1,1
RP_73F72B99,CUST_2644,156.25,CUSTOMER_ABANDONED,0.643,1,9,Mobile,0,0,0,0,1
RP_DE0DD625,CUST_4144,5089.06,GATEWAY_TIMEOUT,0.751,0,6,Mobile,0,1,1,1,0
RP_CCC23D64,CUST_1242,1106.35,CUSTOMER_ABANDONED,0.717,1,8,Mobile,0,0,0,0,0
RP_72CF3E03,CUST_5085,3310.91,CUSTOMER_ABANDONED,0.815,0,11,Mobile,0,0,0,0,0
RP_A5089A25,CUST_8954,1235.67,GATEWAY_TIMEOUT,0.427,0,11,Mobile,0,0,0,0,0
RP_CA6DAF74,CUST_8269,1087.41,INSUFFICIENT_FUNDS,0.507,0,4,Mobile,0,0,0,0,0
RP_7AA61038,CUST_8130,222.82,GATEWAY_TIMEOUT,0.892,2,10,Mobile,0,1,0,0,0
RP_49E3866F,CUST_7828,1061.88,CUSTOMER_ABANDONED,0.735,1,16,Mobile,0,0,0,0,0
RP_FDEEE0BA,CUST_9362,5619.11,INSUFFICIENT_FUNDS,0.519,1,14,Mobile,0,0,1,0,1
RP_09B93ABC,CUST_9844,1173.8,RISK_BLOCKED,0.782,0,10,Mobile,0,0,0,0,0
RP_5DA89C90,CUST_7331,2486.16,GATEWAY_TIMEOUT,0.699,0,14,Mobile,0,1,0,0,0
RP_0A22AEC9,CUST_4512,2404.86,CUSTOMER_ABANDONED,0.929,0,15,Desktop,0,0,0,1,1
RP_B65A3656,CUST_2499,325.3,GATEWAY_TIMEOUT,0.889,1,18,Mobile,0,0,0,0,0
RP_E7B6438B,CUST_3158,3067.31,CUSTOMER_ABANDONED,0.902,2,20,Mobile,0,0,0,0,1
RP_C9ECC91B,CUST_6162,752.59,CUSTOMER_ABANDONED,0.785,0,11,Mobile,0,0,0,0,0
RP_1116CD64,CUST_5039,803.05,CUSTOMER_ABANDONED,0.625,0,2,Mobile,0,0,0,0,0
RP_D91A5E6E,CUST_3035,13591.97,CUSTOMER_ABANDONED,0.549,1,7,Mobile,0,0,0,0,0
RP_5C2E6ABC,CUST_8977,2245.68,3D_SECURE_FAILED,0.756,0,23,Mobile,0,0,0,1,0
RP_6F40A8C6,CUST_1857,509.69,GATEWAY_TIMEOUT,0.77,0,10,Mobile,0,1,1,0,0
RP_1C89C175,CUST_4823,1184.94,INSUFFICIENT_FUNDS,0.59,0,0,Desktop,0,0,0,0,0
RP_55DF054B,CUST_7770,1145.9,CUSTOMER_ABANDONED,0.705,0,23,Desktop,0,0,0,0,0
RP_7370125D,CUST_1298,8294.2,INSUFFICIENT_FUNDS,0.675,1,3,Desktop,0,0,0,0,0
RP_0CE0B84B,CUST_8244,1149.81,GATEWAY_TIMEOUT,0.929,1,5,Mobile,0,1,0,0,0
RP_9C8493BB,CUST_1923,15515.56,CUSTOMER_ABANDONED,0.69,0,9,Mobile,0,0,0,1,1
RP_E6FCA22F,CUST_5232,231.35,INSUFFICIENT_FUNDS,0.716,0,14,Mobile,0,0,0,0,0
RP_DA7DCC2E,CUST_5306,1054.87,INSUFFICIENT_FUNDS,0.593,0,7,Mobile,0,0,0,0,0
RP_8C40204E,CUST_3799,439.03,CUSTOMER_ABANDONED,0.761,1,13,Mobile,0,0,0,0,1
RP_9D2C4FA1,CUST_7578,605.59,INSUFFICIENT_FUNDS,0.954,0,1,Mobile,0,0,0,1,0
RP_8E16FDCE,CUST_5875,621.57,GATEWAY_TIMEOUT,0.582,0,23,Mobile,0,1,0,0,0
RP_D8075F25,CUST_6326,467.05,GATEWAY_TIMEOUT,0.36,2,22,Mobile,0,0,0,0,0
RP_FB5EA8F3,CUST_7582,8744.73,3D_SECURE_FAILED,0.481,1,19,Mobile,0,0,0,0,0
RP_FE9C311A,CUST_2802,6045.52,RISK_BLOCKED,0.639,1,20,Desktop,0,0,0,0,0
RP_A8FA4C60,CUST_3657,1777.87,CUSTOMER_ABANDONED,0.561,2,5,Mobile,0,0,0,0,0
RP_BCD7B1CE,CUST_4346,620.66,INSUFFICIENT_FUNDS,0.86,0,2,Mobile,0,0,0,0,1
RP_9719B030,CUST_3949,483.05,3D_SECURE_FAILED,0.718,1,1,Mobile,0,0,0,1,1
RP_2D32B862,CUST_1941,2670.9,CUSTOMER_ABANDONED,0.643,0,13,Desktop,0,0,0,0,0
RP_2BE0B573,CUST_2907,1572.12,CUSTOMER_ABANDONED,0.614,0,17,Desktop,0,0,0,0,1
RP_5B745CC6,CUST_5837,921.69,CUSTOMER_ABANDONED,0.602,0,14,Mobile,0,0,0,0,0
RP_B00890F1,CUST_9105,2099.45,INSUFFICIENT_FUNDS,0.876,0,3,Mobile,0,0,0,0,0
RP_F17EDC0A,CUST_2243,3194.82,INSUFFICIENT_FUNDS,0.812,0,15,Desktop,0,1,1,0,0
RP_6C84C65D,CUST_6696,911.56,GATEWAY_TIMEOUT,0.689,2,22,Mobile,0,0,0,1,0
RP_CD1AFE5D,CUST_2466,426.33,GATEWAY_TIMEOUT,0.766,0,11,Desktop,0,0,1,0,0
RP_DAB81EF7,CUST_4957,224.68,CUSTOMER_ABANDONED,0.715,2,16,Mobile,0,0,0,0,0
RP_02591E46,CUST_2966,1481.42,3D_SECURE_FAILED,0.789,0,0,Desktop,0,0,0,0,0
RP_7A937084,CUST_1375,14775.05,CUSTOMER_ABANDONED,0.953,0,19,Mobile,0,0,0,0,1
RP_1B38FFE3,CUST_1262,289.22,INSUFFICIENT_FUNDS,0.633,0,8,Mobile,0,0,1,0,0
RP_E943B05D,CUST_5362,4102.55,GATEWAY_TIMEOUT,0.856,1,11,Mobile,0,1,0,0,1
RP_6D767FCB,CUST_7502,487.52,GATEWAY_TIMEOUT,0.71,0,4,Mobile,0,0,1,1,0
RP_33AD041D,CUST_8833,620.9,INSUFFICIENT_FUNDS,0.731,2,16,Mobile,0,0,1,0,0
RP_408F77FB,CUST_2893,3287.58,INSUFFICIENT_FUNDS,0.547,1,2,Mobile,0,0,0,0,0
RP_98D60479,CUST_9106,807.3,CUSTOMER_ABANDONED,0.949,1,5,Mobile,0,0,0,0,0
RP_38A5D741,CUST_2652,1477.21,GATEWAY_TIMEOUT,0.742,0,2,Mobile,0,1,1,0,0
RP_A6464F32,CUST_6540,1443.63,RISK_BLOCKED,0.447,0,21,Mobile,0,0,0,0,0
RP_F924AD37,CUST_4892,488.46,INSUFFICIENT_FUNDS,0.764,2,5,Mobile,0,0,1,1,0
RP_8C75B132,CUST_1599,3210.29,CUSTOMER_ABANDONED,0.881,0,20,Desktop,0,0,0,0,1
RP_29FD687E,CUST_5815,1018.52,INSUFFICIENT_FUNDS,0.766,0,12,Desktop,0,0,0,0,0
RP_72057C3A,CUST_2912,207.22,GATEWAY_TIMEOUT,0.965,0,20,Desktop,0,1,1,1,0
RP_80719C1A,CUST_9792,375.79,CUSTOMER_ABANDONED,0.967,2,18,Mobile,0,0,0,1,1
RP_90B4E161,CUST_9572,100.0,CUSTOMER_ABANDONED,0.858,0,14,Mobile,0,0,0,0,0
RP_0C8AD28C,CUST_5213,1167.23,INSUFFICIENT_FUNDS,0.685,0,6,Desktop,0,0,0,0,0
RP_B7E71F3A,CUST_4637,5244.21,INSUFFICIENT_FUNDS,0.735,0,12,Mobile,0,0,0,0,0
RP_03A7D1CF,CUST_6599,312.13,GATEWAY_TIMEOUT,0.766,2,19,Mobile,0,0,0,0,0
RP_4D3C0694,CUST_7448,2214.2,CUSTOMER_ABANDONED,0.727,0,1,Desktop,0,0,0,1,0
RP_83CEF6E4,CUST_9557,1838.46,3D_SECURE_FAILED,0.56,0,18,Mobile,0,0,0,0,0
RP_8A804598,CUST_8382,444.85,GATEWAY_TIMEOUT,0.73,0,18,Mobile,0,1,0,0,0
RP_649350CE,CUST_9982,6931.57,GATEWAY_TIMEOUT,0.915,0,2,Mobile,0,1,1,0,0
RP_0409B864,CUST_4569,790.61,3D_SECURE_FAILED,0.665,0,2,Desktop,0,0,0,1,0
RP_2FAECBA7,CUST_8707,12238.26,GATEWAY_TIMEOUT,0.936,0,5,Mobile,0,0,1,0,0
RP_F9837FC1,CUST_1746,154.04,CUSTOMER_ABANDONED,0.446,0,12,Mobile,0,0,0,0,0
RP_850790B1,CUST_9504,793.96,INSUFFICIENT_FUNDS,0.838,0,13,Mobile,0,0,1,0,0
RP_5955879D,CUST_5633,915.71,CUSTOMER_ABANDONED,0.876,0,5,Mobile,0,0,0,0,1
RP_2FBC92CA,CUST_1920,1044.47,INSUFFICIENT_FUNDS,0.946,2,8,Mobile,0,0,1,0,0
RP_860607FC,CUST_8008,2590.48,GATEWAY_TIMEOUT,0.79,0,23,Mobile,0,1,0,0,0
RP_86E86AF2,CUST_3381,64715.29,GATEWAY_TIMEOUT,0.753,0,9,Mobile,0,1,0,0,0
RP_F680509C,CUST_4618,1893.31,CUSTOMER_ABANDONED,0.918,0,15,Mobile,0,0,0,0,1
RP_E8BCB569,CUST_9989,1129.0,CUSTOMER_ABANDONED,0.628,0,22,Mobile,0,0,0,0,0
RP_67411C77,CUST_5443,294.29,CUSTOMER_ABANDONED,0.832,1,14,Mobile,0,0,0,0,0
RP_05D1273F,CUST_1272,113.51,CUSTOMER_ABANDONED,0.735,1,11,Mobile,0,0,0,0,0
RP_0F59CF80,CUST_2773,4466.29,GATEWAY_TIMEOUT,0.729,0,12,Desktop,0,0,0,0,0
RP_BE79C3F3,CUST_3547,568.99,GATEWAY_TIMEOUT,0.897,1,17,Mobile,0,1,1,0,0
RP_6694BDAC,CUST_4164,24959.01,CUSTOMER_ABANDONED,0.917,1,1,Mobile,0,0,0,1,1
RP_2C84AB0D,CUST_5780,3108.37,INSUFFICIENT_FUNDS,0.704,0,13,Mobile,0,0,0,0,0
RP_1345043E,CUST_1946,1652.21,INSUFFICIENT_FUNDS,0.713,0,16,Mobile,0,0,0,1,0
RP_A91F5AA5,CUST_1506,1759.8,GATEWAY_TIMEOUT,0.802,0,22,Desktop,0,0,1,0,0
RP_F2A8B692,CUST_7719,1780.72,GATEWAY_TIMEOUT,0.802,2,22,Desktop,0,0,0,0,0
RP_373521F8,CUST_9435,476.52,INSUFFICIENT_FUNDS,0.722,0,0,Mobile,0,0,0,0,0
RP_606DFAB8,CUST_9697,134.05,CUSTOMER_ABANDONED,0.648,0,21,Mobile,0,0,0,0,0
RP_C2CA4C8A,CUST_7360,566.33,3D_SECURE_FAILED,0.649,1,10,Mobile,0,0,0,1,0
RP_3FEDA99E,CUST_8657,1072.74,3D_SECURE_FAILED,0.719,0,13,Mobile,0,1,0,0,0
RP_F2FE3F9F,CUST_4590,504.02,3D_SECURE_FAILED,0.523,0,11,Desktop,0,0,0,0,0
RP_92B7CC11,CUST_2192,234.32,3D_SECURE_FAILED,0.58,0,22,Mobile,0,0,0,0,0
RP_CB5A2C99,CUST_2464,446.82,INSUFFICIENT_FUNDS,0.527,0,13,Mobile,0,0,0,0,0
RP_DB37A55E,CUST_1390,3800.47,GATEWAY_TIMEOUT,0.762,0,16,Desktop,0,0,0,0,0
RP_71AD447F,CUST_6615,2691.45,CUSTOMER_ABANDONED,0.86,0,11,Desktop,0,0,0,0,1
RP_4F845D73,CUST_7106,1347.08,GATEWAY_TIMEOUT,0.817,0,5,Desktop,0,0,0,0,0
RP_CC462721,CUST_9864,2218.35,GATEWAY_TIMEOUT,0.743,1,8,Mobile,0,1,0,0,0
RP_FC573AC3,CUST_3560,281.94,GATEWAY_TIMEOUT,0.668,0,11,Mobile,0,1,0,1,0
RP_154B8CBC,CUST_6867,422.2,INSUFFICIENT_FUNDS,0.554,0,16,Mobile,0,0,0,0,1
RP_B0C15DE6,CUST_2211,1592.75,INSUFFICIENT_FUNDS,0.78,0,15,Mobile,0,0,0,1,0
RP_2DF46F62,CUST_2539,328.52,GATEWAY_TIMEOUT,0.564,1,1,Mobile,0,0,0,0,0
RP_554BA03C,CUST_1643,1248.97,INSUFFICIENT_FUNDS,0.966,1,17,Desktop,0,0,0,0,0
RP_AA8A4EA9,CUST_9693,241.04,3D_SECURE_FAILED,0.785,0,15,Mobile,0,0,0,0,0
RP_6B158E73,CUST_9921,151.48,CUSTOMER_ABANDONED,0.855,0,9,Mobile,0,0,0,0,0
RP_E5EBDA89,CUST_2283,2652.6,3D_SECURE_FAILED,0.906,1,18,Desktop,0,0,0,0,0
RP_3FCF40C5,CUST_8680,3761.06,GATEWAY_TIMEOUT,0.814,0,3,Mobile,0,1,0,0,1
RP_7373936C,CUST_8345,514.41,GATEWAY_TIMEOUT,0.535,0,6,Mobile,0,1,1,0,0
RP_4B0ABDD1,CUST_5386,176.88,CUSTOMER_ABANDONED,0.727,0,15,Mobile,0,0,0,0,0
RP_EB0383EA,CUST_1919,100.0,INSUFFICIENT_FUNDS,0.672,2,18,Mobile,0,0,0,0,0
RP_275DA8FD,CUST_3339,10000.6,CUSTOMER_ABANDONED,0.637,2,22,Desktop,0,0,0,0,1
RP_F7461567,CUST_9947,1253.47,CUSTOMER_ABANDONED,0.863,0,4,Desktop,0,0,0,0,0
RP_AD31BED4,CUST_6930,528.69,CUSTOMER_ABANDONED,0.36,0,4,Desktop,0,0,0,1,1
RP_8F7F6732,CUST_6402,708.61,3D_SECURE_FAILED,0.697,1,22,Mobile,0,0,0,0,0
RP_99DBD8E3,CUST_6663,110.39,INSUFFICIENT_FUNDS,0.494,0,22,Mobile,0,0,0,0,0
RP_EC56A3D4,CUST_6275,2307.4,GATEWAY_TIMEOUT,0.778,0,6,Desktop,0,1,0,0,0
RP_07900AD6,CUST_1507,12089.94,CUSTOMER_ABANDONED,0.524,0,16,Desktop,0,0,0,1,1
RP_30258B0B,CUST_2436,428.67,GATEWAY_TIMEOUT,0.61,0,0,Mobile,0,1,1,1,0
RP_724F4CD4,CUST_9750,19151.73,GATEWAY_TIMEOUT,0.483,1,2,Mobile,0,0,0,1,0
RP_C1408957,CUST_8354,953.67,GATEWAY_TIMEOUT,0.859,0,15,Mobile,0,1,1,0,0
RP_9F285B70,CUST_5516,8103.92,INSUFFICIENT_FUNDS,0.949,0,21,Desktop,0,0,1,1,0
RP_C7DDD488,CUST_4622,1585.52,GATEWAY_TIMEOUT,0.752,0,1,Mobile,0,0,1,0,0
RP_7C640A5B,CUST_5399,1583.44,GATEWAY_TIMEOUT,0.865,1,0,Mobile,0,0,1,0,0
RP_DEE595EC,CUST_6037,10023.73,CUSTOMER_ABANDONED,0.783,1,20,Desktop,0,0,0,0,1
RP_A26E4FAF,CUST_9111,2805.24,CUSTOMER_ABANDONED,0.697,0,6,Desktop,0,0,0,0,0
RP_20C9D91E,CUST_4715,1719.55,CUSTOMER_ABANDONED,0.796,2,9,Mobile,0,0,0,0,1
RP_BE6B19B8,CUST_8837,106.74,CUSTOMER_ABANDONED,0.847,0,2,Desktop,0,0,0,0,0
RP_3220BE90,CUST_2301,179.71,GATEWAY_TIMEOUT,0.678,1,17,Mobile,0,0,0,1,0
RP_B2399E2B,CUST_8370,1901.25,GATEWAY_TIMEOUT,0.794,0,2,Mobile,0,1,1,0,0
RP_5177EFDE,CUST_6185,6382.66,GATEWAY_TIMEOUT,0.693,0,6,Mobile,0,1,0,0,1
RP_870F2DC7,CUST_3155,1279.39,CUSTOMER_ABANDONED,0.417,0,14,Mobile,0,0,0,0,0
RP_212DB58D,CUST_7411,539.39,CUSTOMER_ABANDONED,0.64,0,0,Mobile,0,0,0,1,0
RP_9D179A12,CUST_7365,120.66,GATEWAY_TIMEOUT,0.624,1,23,Mobile,0,1,1,0,0
RP_ABBD1DE4,CUST_1692,428.25,INSUFFICIENT_FUNDS,0.742,1,18,Mobile,0,0,1,0,1
RP_68D6E48E,CUST_2478,1283.28,RISK_BLOCKED,0.446,0,4,Mobile,0,0,0,0,0
RP_DBD68586,CUST_7396,392.39,CUSTOMER_ABANDONED,0.507,0,20,Mobile,0,0,0,0,0
RP_29E57D59,CUST_9448,344.7,CUSTOMER_ABANDONED,0.493,2,21,Mobile,0,0,0,0,0
RP_28EC712A,CUST_1441,1031.39,GATEWAY_TIMEOUT,0.72,0,6,Mobile,0,1,1,0,0
RP_9CD210DF,CUST_3646,6236.0,GATEWAY_TIMEOUT,0.448,0,10,Mobile,0,0,0,0,0
RP_231F4183,CUST_6209,2494.05,CUSTOMER_ABANDONED,0.426,1,0,Mobile,0,0,0,0,0
RP_1FB44AC5,CUST_7533,1545.41,CUSTOMER_ABANDONED,0.79,0,21,Mobile,0,0,0,1,0
RP_93B451E9,CUST_5677,1374.97,CUSTOMER_ABANDONED,0.66,0,1,Mobile,0,0,0,0,1
RP_BF606B46,CUST_8211,2124.76,CUSTOMER_ABANDONED,0.826,0,13,Mobile,0,0,0,0,0
RP_EA12A602,CUST_3645,960.87,CUSTOMER_ABANDONED,0.857,0,9,Mobile,0,0,0,0,0
RP_052910A1,CUST_9210,669.61,CUSTOMER_ABANDONED,0.774,1,2,Mobile,0,0,0,0,1
RP_8BFB00A0,CUST_8933,2659.34,GATEWAY_TIMEOUT,0.565,0,13,Mobile,0,0,0,1,0
RP_3CD4670C,CUST_6476,836.75,INSUFFICIENT_FUNDS,0.679,0,4,Desktop,0,0,0,1,0
RP_6A0BD2CD,CUST_8928,263.4,3D_SECURE_FAILED,0.532,0,16,Mobile,0,0,0,0,0
RP_C2043D84,CUST_3080,6197.86,INSUFFICIENT_FUNDS,0.787,0,6,Mobile,0,0,1,0,0
RP_5E057E6B,CUST_7089,116.29,INSUFFICIENT_FUNDS,0.758,0,0,Mobile,0,0,0,1,1
RP_0C8FAD25,CUST_8396,6781.73,CUSTOMER_ABANDONED,0.469,1,23,Desktop,0,0,0,0,0
RP_8BE462C2,CUST_8797,2013.73,RISK_BLOCKED,0.719,0,10,Mobile,0,0,0,0,0
RP_65E1599B,CUST_1861,342.76,INSUFFICIENT_FUNDS,0.851,1,5,Mobile,0,0,0,1,0
RP_272BDBF8,CUST_9346,1129.02,INSUFFICIENT_FUNDS,0.647,0,15,Mobile,0,0,1,0,0
RP_B9F341BA,CUST_4494,655.48,CUSTOMER_ABANDONED,0.732,0,13,Mobile,0,0,0,0,1
RP_F0F8097D,CUST_1904,2890.75,CUSTOMER_ABANDONED,0.387,1,16,Mobile,0,0,0,0,0
RP_4446A3BD,CUST_2269,2822.89,CUSTOMER_ABANDONED,0.956,0,14,Mobile,0,0,0,0,1
RP_FE0425CF,CUST_1404,1907.67,INSUFFICIENT_FUNDS,0.637,0,13,Desktop,0,0,1,0,1
RP_02912B49,CUST_2184,2685.6,INSUFFICIENT_FUNDS,0.701,0,6,Mobile,0,0,1,0,0
RP_B7DCAF81,CUST_9938,955.47,CUSTOMER_ABANDONED,0.587,0,9,Mobile,0,0,0,0,0
RP_DCD1EB4D,CUST_2725,9081.64,3D_SECURE_FAILED,0.858,2,18,Mobile,0,0,1,0,0
RP_5F0989BB,CUST_9462,4761.55,3D_SECURE_FAILED,0.946,0,6,Desktop,0,0,0,0,0
RP_27AE739B,CUST_6811,618.68,GATEWAY_TIMEOUT,0.467,1,14,Mobile,0,0,0,0,0
RP_94EBC283,CUST_6606,2901.65,INSUFFICIENT_FUNDS,0.689,0,23,Mobile,0,0,0,1,0
RP_664AD7B1,CUST_4956,2613.12,INSUFFICIENT_FUNDS,0.735,0,13,Mobile,0,0,0,0,0
RP_D6801B71,CUST_1171,802.94,RISK_BLOCKED,0.564,2,14,Mobile,0,0,0,0,0
RP_B289CED5,CUST_9465,730.77,CUSTOMER_ABANDONED,0.644,2,18,Desktop,0,0,0,0,0
RP_54BCA384,CUST_3306,4709.84,INSUFFICIENT_FUNDS,0.499,2,20,Mobile,0,0,0,0,0
RP_500296F4,CUST_1421,1077.47,GATEWAY_TIMEOUT,0.627,0,15,Mobile,0,1,0,0,0
RP_84A0F308,CUST_6540,1498.48,CUSTOMER_ABANDONED,0.848,0,1,Mobile,0,0,0,0,1
RP_1C381E81,CUST_5675,5891.85,GATEWAY_TIMEOUT,0.75,0,1,Mobile,0,0,1,0,1
RP_69A7FF26,CUST_7748,22925.54,CUSTOMER_ABANDONED,0.909,0,0,Mobile,0,0,0,0,0
RP_12F4BECC,CUST_7103,582.92,CUSTOMER_ABANDONED,0.573,0,15,Mobile,0,0,0,0,0
RP_0E322B08,CUST_2473,841.28,INSUFFICIENT_FUNDS,0.527,1,18,Mobile,0,0,0,0,0
RP_D41632BD,CUST_4243,1198.47,INSUFFICIENT_FUNDS,0.538,1,3,Mobile,0,0,0,0,0
RP_6A9D80E9,CUST_3181,1231.62,3D_SECURE_FAILED,0.899,0,2,Mobile,0,0,1,0,0
RP_0D2E8907,CUST_4096,1722.66,GATEWAY_TIMEOUT,0.47,0,10,Mobile,0,0,1,0,0
RP_DD5516B6,CUST_7646,608.98,GATEWAY_TIMEOUT,0.585,2,23,Mobile,0,1,0,0,0
RP_472F2A6F,CUST_6882,239.98,3D_SECURE_FAILED,0.432,0,16,Mobile,0,0,0,0,0
RP_B5E3B33F,CUST_6982,8996.49,CUSTOMER_ABANDONED,0.443,0,4,Desktop,0,0,0,0,0
RP_2FEF6412,CUST_6798,2285.86,CUSTOMER_ABANDONED,0.613,0,22,Mobile,0,0,0,1,0
RP_CB6617FA,CUST_9415,663.65,GATEWAY_TIMEOUT,0.775,0,8,Desktop,0,0,0,0,0
RP_CD81AEB2,CUST_9411,1852.95,GATEWAY_TIMEOUT,0.978,0,0,Mobile,0,1,1,0,1
RP_0132829C,CUST_9456,9892.58,GATEWAY_TIMEOUT,0.625,0,8,Mobile,0,1,1,0,0
RP_44794133,CUST_5524,425.97,GATEWAY_TIMEOUT,0.794,0,3,Mobile,0,0,1,0,0
RP_F9D14D10,CUST_7559,1412.86,CUSTOMER_ABANDONED,0.809,0,15,Mobile,0,0,0,1,1
RP_8838A49C,CUST_8620,206.88,GATEWAY_TIMEOUT,0.563,0,14,Mobile,0,1,0,0,0
RP_A38A4C5C,CUST_3774,951.45,CUSTOMER_ABANDONED,0.594,0,9,Mobile,0,0,0,0,0
RP_ABAC7891,CUST_6673,2298.28,GATEWAY_TIMEOUT,0.394,1,4,Desktop,0,0,0,0,0
RP_798FFAFF,CUST_4124,287.82,INSUFFICIENT_FUNDS,0.575,0,15,Mobile,0,0,1,0,0
RP_76D75AA8,CUST_9671,875.99,RISK_BLOCKED,0.941,0,5,Mobile,0,0,0,0,0
RP_F53E6CC0,CUST_2353,2863.82,GATEWAY_TIMEOUT,0.81,1,15,Desktop,0,0,0,0,0
RP_4BD02339,CUST_4854,2223.95,INSUFFICIENT_FUNDS,0.784,0,3,Mobile,0,0,1,0,0
RP_C3271EB9,CUST_9134,273.37,INSUFFICIENT_FUNDS,0.718,0,21,Desktop,0,0,0,1,0
RP_44A410D9,CUST_1924,1717.34,GATEWAY_TIMEOUT,0.866,1,20,Mobile,0,0,1,0,0
RP_4D57B2C5,CUST_3170,2144.07,INSUFFICIENT_FUNDS,0.884,0,14,Mobile,0,0,0,0,0
RP_072D4143,CUST_6506,1248.36,INSUFFICIENT_FUNDS,0.442,1,2,Desktop,0,0,0,0,0
RP_97B16C33,CUST_3395,4052.98,CUSTOMER_ABANDONED,0.789,1,18,Mobile,0,0,0,0,1
RP_B331B24C,CUST_9220,540.59,CUSTOMER_ABANDONED,0.784,0,8,Mobile,0,0,0,0,1
RP_0745E28D,CUST_9226,1798.99,INSUFFICIENT_FUNDS,0.939,0,4,Desktop,0,0,1,1,0
RP_CA6AA6B9,CUST_6515,270.9,GATEWAY_TIMEOUT,0.921,0,15,Desktop,0,1,0,0,1
RP_240E87D2,CUST_3670,160.65,CUSTOMER_ABANDONED,0.677,0,2,Desktop,1,0,0,1,0
RP_1F8CB6D5,CUST_4365,2799.78,GATEWAY_TIMEOUT,0.906,1,7,Mobile,0,1,0,1,0
RP_FF6E2EE4,CUST_1588,1124.03,CUSTOMER_ABANDONED,0.721,0,23,Mobile,0,0,0,0,0
RP_07D00C03,CUST_4138,628.85,CUSTOMER_ABANDONED,0.609,0,13,Mobile,0,0,0,1,1
RP_32C432B6,CUST_7663,305.46,GATEWAY_TIMEOUT,0.731,0,2,Desktop,0,0,0,0,0
RP_FD4C483B,CUST_5086,2958.75,CUSTOMER_ABANDONED,0.827,0,15,Mobile,0,0,0,0,1
RP_7C9F973A,CUST_9531,179.54,3D_SECURE_FAILED,0.836,0,6,Mobile,0,0,0,1,0
RP_75FB34AA,CUST_5270,3609.96,CUSTOMER_ABANDONED,0.68,0,8,Desktop,0,0,0,0,0
RP_0B97757D,CUST_7019,1884.08,INSUFFICIENT_FUNDS,0.653,1,2,Desktop,0,0,1,0,1
RP_55ECC5FB,CUST_1556,190.69,CUSTOMER_ABANDONED,0.943,0,7,Desktop,0,0,0,1,0
RP_329888A6,CUST_9022,1275.58,3D_SECURE_FAILED,0.951,0,11,Mobile,0,0,0,1,0
RP_3FC8D9B6,CUST_6452,26488.6,INSUFFICIENT_FUNDS,0.703,0,16,Mobile,0,0,0,0,0
RP_17F63E4B,CUST_4567,4570.15,CUSTOMER_ABANDONED,0.863,0,13,Desktop,0,0,0,1,0
RP_BB271E07,CUST_4899,406.01,GATEWAY_TIMEOUT,0.671,0,15,Mobile,0,0,0,0,0
RP_C17B1E5A,CUST_7477,2591.64,GATEWAY_TIMEOUT,0.612,0,18,Desktop,0,1,1,0,1
RP_3089E1A9,CUST_8500,200.52,CUSTOMER_ABANDONED,0.937,0,3,Mobile,0,0,0,0,1
RP_773BCDBD,CUST_2016,211.54,CUSTOMER_ABANDONED,0.985,0,2,Desktop,0,0,0,1,0
RP_A345EF1C,CUST_7470,1011.54,CUSTOMER_ABANDONED,0.938,0,12,Mobile,0,0,0,1,0
RP_3A7BCE62,CUST_3062,2125.97,3D_SECURE_FAILED,0.815,1,8,Desktop,0,0,0,1,0
RP_CF93A0E0,CUST_5321,2903.28,GATEWAY_TIMEOUT,0.546,0,12,Mobile,0,0,1,0,0
RP_D8C5E323,CUST_4496,2951.95,GATEWAY_TIMEOUT,0.652,1,11,Desktop,0,1,0,0,0
RP_14C45BC3,CUST_2813,1985.65,3D_SECURE_FAILED,0.647,0,20,Mobile,0,0,0,1,0
RP_F1B1E5F9,CUST_7256,158.1,GATEWAY_TIMEOUT,0.25,1,14,Mobile,0,0,0,0,0
RP_D204005C,CUST_3313,1019.31,CUSTOMER_ABANDONED,0.816,0,2,Mobile,0,0,0,0,0
RP_666755F1,CUST_2231,3506.66,INSUFFICIENT_FUNDS,0.891,0,2,Mobile,0,0,1,0,0
RP_E387679C,CUST_6831,1866.74,GATEWAY_TIMEOUT,0.884,1,1,Mobile,0,1,0,0,1
RP_3A9CD671,CUST_3999,1364.48,GATEWAY_TIMEOUT,0.61,1,5,Mobile,0,0,0,0,1
RP_1F68704B,CUST_4440,1627.94,INSUFFICIENT_FUNDS,0.571,2,15,Desktop,0,0,0,0,0
RP_026F1426,CUST_5056,1595.63,3D_SECURE_FAILED,0.85,0,22,Desktop,0,0,0,0,1
RP_CD3DD16C,CUST_1305,103.76,CUSTOMER_ABANDONED,0.726,0,17,Mobile,0,0,0,0,1
RP_5689185F,CUST_2689,4384.67,CUSTOMER_ABANDONED,0.787,0,8,Mobile,0,0,0,1,0
RP_B40A60A9,CUST_4917,960.41,INSUFFICIENT_FUNDS,0.467,0,2,Mobile,0,0,0,0,0
RP_514C7306,CUST_8080,2563.44,GATEWAY_TIMEOUT,0.491,2,22,Desktop,0,0,0,0,0
RP_A699DF37,CUST_9611,100.0,GATEWAY_TIMEOUT,0.822,0,22,Desktop,0,0,0,0,0
RP_A89D6834,CUST_3936,8048.09,INSUFFICIENT_FUNDS,0.858,0,15,Mobile,0,0,1,0,0
RP_4750040A,CUST_4862,273.77,GATEWAY_TIMEOUT,0.621,0,3,Mobile,0,1,0,0,0
RP_F6F01F56,CUST_6649,23146.74,GATEWAY_TIMEOUT,0.631,0,13,Mobile,0,1,0,0,0
RP_ECBE0BE8,CUST_4261,13947.96,INSUFFICIENT_FUNDS,0.888,0,3,Mobile,0,0,0,1,0
RP_3405ED80,CUST_2819,223.65,INSUFFICIENT_FUNDS,0.664,0,17,Mobile,0,0,1,0,0
RP_25712D3C,CUST_2342,2923.23,GATEWAY_TIMEOUT,0.593,0,17,Mobile,0,0,0,1,0
RP_D85CA08A,CUST_6560,323.55,CUSTOMER_ABANDONED,0.859,0,17,Mobile,0,0,0,0,1
RP_DD68113F,CUST_3226,509.13,INSUFFICIENT_FUNDS,0.688,0,20,Mobile,0,0,0,1,0
RP_6F95657B,CUST_2079,523.11,GATEWAY_TIMEOUT,0.753,0,2,Mobile,0,0,1,0,0
RP_2F9C72E5,CUST_5206,1877.16,3D_SECURE_FAILED,0.371,1,6,Mobile,0,0,0,0,0
RP_F110C007,CUST_7280,1619.0,GATEWAY_TIMEOUT,0.482,0,12,Mobile,0,1,0,0,0
RP_8CFE574D,CUST_8235,259.33,3D_SECURE_FAILED,0.565,0,6,Desktop,0,0,0,0,0
RP_26A3391A,CUST_1813,1859.27,GATEWAY_TIMEOUT,0.8,0,21,Mobile,0,0,0,0,0
RP_6A05D197,CUST_6089,858.4,3D_SECURE_FAILED,0.44,1,12,Mobile,0,0,0,0,0
RP_02D0FD91,CUST_3031,123.39,GATEWAY_TIMEOUT,0.908,0,23,Mobile,0,1,0,0,0
RP_5D2849C8,CUST_9514,651.42,CUSTOMER_ABANDONED,0.773,2,3,Mobile,0,0,0,0,0
RP_47D823DC,CUST_6911,8042.64,INSUFFICIENT_FUNDS,0.642,0,15,Mobile,0,0,0,1,0
RP_22A0CEAC,CUST_3653,678.35,CUSTOMER_ABANDONED,0.819,0,14,Mobile,0,0,0,1,1
RP_7A0689E7,CUST_4340,121.19,INSUFFICIENT_FUNDS,0.807,0,12,Mobile,0,0,0,1,0
RP_8C837D7D,CUST_8876,2914.23,GATEWAY_TIMEOUT,0.472,0,9,Mobile,0,1,1,0,0
RP_F0784E19,CUST_2141,360.32,CUSTOMER_ABANDONED,0.923,0,9,Mobile,0,0,0,0,1
RP_44B79F13,CUST_9558,1418.44,GATEWAY_TIMEOUT,0.855,0,4,Mobile,0,1,0,0,0
RP_88165D32,CUST_3897,892.13,3D_SECURE_FAILED,0.567,0,3,Mobile,0,0,0,0,1
RP_F16604B5,CUST_5041,9081.59,GATEWAY_TIMEOUT,0.93,0,18,Mobile,0,0,1,0,1
RP_B257782C,CUST_3038,892.89,INSUFFICIENT_FUNDS,0.527,0,14,Mobile,0,0,0,1,0
RP_8D0856E9,CUST_5270,277.69,CUSTOMER_ABANDONED,0.867,1,8,Mobile,0,0,0,1,0
RP_0996B4A8,CUST_5683,624.77,INSUFFICIENT_FUNDS,0.755,0,15,Mobile,0,0,1,1,0
RP_EDF57192,CUST_1494,251.0,GATEWAY_TIMEOUT,0.765,0,3,Mobile,0,1,0,0,1
RP_B45AC0C3,CUST_8116,853.1,CUSTOMER_ABANDONED,0.581,0,10,Mobile,0,0,0,1,0
RP_E791321F,CUST_2784,9170.52,CUSTOMER_ABANDONED,0.896,0,16,Mobile,0,0,0,0,0
RP_02B8725E,CUST_4510,4905.74,3D_SECURE_FAILED,0.621,1,20,Desktop,0,0,0,0,0
RP_EFF87EF5,CUST_4786,12700.91,INSUFFICIENT_FUNDS,0.742,0,0,Desktop,0,0,1,1,0
RP_ACAB1FEA,CUST_6266,1949.06,INSUFFICIENT_FUNDS,0.781,0,8,Mobile,0,0,0,1,0
RP_1454B263,CUST_6428,1302.08,INSUFFICIENT_FUNDS,0.824,0,11,Mobile,0,0,0,0,0
RP_A8E0C4D1,CUST_7681,330.98,GATEWAY_TIMEOUT,0.369,0,22,Mobile,0,1,1,0,1
RP_6449F7C2,CUST_7893,1515.65,CUSTOMER_ABANDONED,0.459,1,11,Mobile,0,0,0,0,0
RP_5F825B47,CUST_5658,937.83,INSUFFICIENT_FUNDS,0.832,0,9,Mobile,0,0,0,1,0
RP_9FA6AFF2,CUST_8082,2791.55,INSUFFICIENT_FUNDS,0.793,2,8,Mobile,0,0,1,1,0
RP_0634EC3D,CUST_7869,285.23,INSUFFICIENT_FUNDS,0.748,2,20,Desktop,0,0,0,0,0
RP_9653F06A,CUST_8607,1168.2,CUSTOMER_ABANDONED,0.637,1,19,Mobile,0,0,0,0,1
RP_0EA1F945,CUST_8669,165.97,3D_SECURE_FAILED,0.839,0,15,Mobile,0,0,1,0,0
RP_833CCEC4,CUST_7219,1644.41,CUSTOMER_ABANDONED,0.543,0,12,Desktop,0,0,0,0,0
RP_B6404704,CUST_5534,2467.36,INSUFFICIENT_FUNDS,0.597,0,2,Mobile,0,0,0,0,0
RP_E1F55B93,CUST_6979,156.68,CUSTOMER_ABANDONED,0.811,2,17,Desktop,0,0,0,0,1
RP_D08FE9DA,CUST_9890,219.71,CUSTOMER_ABANDONED,0.549,0,3,Desktop,0,0,0,0,0
RP_25CE1D21,CUST_2312,231.56,GATEWAY_TIMEOUT,0.887,1,18,Mobile,0,1,0,0,1
RP_97AF09C4,CUST_3962,886.12,GATEWAY_TIMEOUT,0.779,2,12,Mobile,0,0,0,0,0
RP_08D1E01C,CUST_3938,205.0,GATEWAY_TIMEOUT,0.959,1,12,Desktop,0,1,1,0,1
RP_E1AEC6D7,CUST_4197,5734.11,INSUFFICIENT_FUNDS,0.74,0,11,Mobile,0,0,1,1,0
RP_B721174D,CUST_6296,1850.82,CUSTOMER_ABANDONED,0.855,0,23,Mobile,0,0,0,1,0
RP_C460DB39,CUST_8204,2250.36,INSUFFICIENT_FUNDS,0.655,0,0,Mobile,0,0,0,1,0
RP_DA01B657,CUST_6730,162.9,INSUFFICIENT_FUNDS,0.743,0,1,Mobile,0,0,1,0,0
RP_EB1588D2,CUST_1126,5176.13,3D_SECURE_FAILED,0.812,2,2,Mobile,0,0,1,0,0
RP_E916B2EB,CUST_6602,2391.15,CUSTOMER_ABANDONED,0.904,2,21,Mobile,0,0,0,0,1
RP_EC1B3737,CUST_2191,483.56,CUSTOMER_ABANDONED,0.784,0,20,Mobile,0,0,0,0,0
RP_F9EB767B,CUST_3639,172.41,GATEWAY_TIMEOUT,0.852,0,20,Mobile,0,1,1,0,0
RP_862C05FC,CUST_2366,1000.89,GATEWAY_TIMEOUT,0.727,0,21,Mobile,0,0,0,0,1
RP_5FB8F52A,CUST_7453,626.58,GATEWAY_TIMEOUT,0.845,0,12,Mobile,0,1,1,0,1
RP_56AF3838,CUST_7671,658.58,GATEWAY_TIMEOUT,0.745,0,11,Mobile,0,1,1,0,1
RP_284C41B1,CUST_7683,470.35,GATEWAY_TIMEOUT,0.604,0,15,Mobile,0,1,0,0,0
RP_9B87F79E,CUST_5539,2606.39,CUSTOMER_ABANDONED,0.605,2,13,Desktop,0,0,0,0,1
RP_A3C3781B,CUST_9876,100.0,GATEWAY_TIMEOUT,0.8,2,23,Mobile,0,1,0,0,0
RP_398DC65E,CUST_3887,6099.2,GATEWAY_TIMEOUT,0.956,0,13,Mobile,0,1,1,0,1
RP_A99AE2F0,CUST_5086,3632.73,GATEWAY_TIMEOUT,0.783,0,16,Mobile,0,0,0,0,0
RP_A5700F5A,CUST_3261,1412.08,CUSTOMER_ABANDONED,0.603,0,4,Mobile,0,0,0,0,0
RP_CB418ABB,CUST_5180,922.51,CUSTOMER_ABANDONED,0.897,1,5,Desktop,0,0,0,0,0
RP_CB8DDBBE,CUST_3841,4022.51,CUSTOMER_ABANDONED,0.365,0,9,Mobile,0,0,0,0,1
RP_7686D412,CUST_7040,1042.41,GATEWAY_TIMEOUT,0.468,0,21,Mobile,0,1,0,0,0
RP_2EEC584F,CUST_4560,785.16,INSUFFICIENT_FUNDS,0.51,0,8,Desktop,0,0,0,0,0
RP_F6E1FABC,CUST_5758,4300.39,GATEWAY_TIMEOUT,0.835,0,6,Mobile,0,0,1,0,0
RP_BCD40294,CUST_1626,13522.02,GATEWAY_TIMEOUT,0.577,1,3,Mobile,0,1,0,0,0
RP_C46DB417,CUST_6014,341.99,3D_SECURE_FAILED,0.768,2,22,Desktop,0,0,0,0,0
RP_293E8925,CUST_2375,1825.77,RISK_BLOCKED,0.605,0,6,Desktop,0,0,0,0,0
RP_808D73F3,CUST_2181,297.77,CUSTOMER_ABANDONED,0.417,1,10,Desktop,0,0,0,0,1
RP_F85ED1C5,CUST_6708,2002.13,3D_SECURE_FAILED,0.525,0,5,Mobile,0,0,0,0,0
RP_01C304D3,CUST_1490,431.03,CUSTOMER_ABANDONED,0.835,0,15,Desktop,0,0,0,0,1
RP_112CF322,CUST_4729,4693.14,GATEWAY_TIMEOUT,0.765,1,15,Mobile,0,0,0,0,0
RP_5201AB61,CUST_6974,972.49,RISK_BLOCKED,0.777,0,23,Mobile,0,0,0,0,0
RP_ED27FBD5,CUST_4534,1159.54,GATEWAY_TIMEOUT,0.706,0,23,Mobile,0,0,1,0,0
RP_C7F4E37B,CUST_4296,7764.66,CUSTOMER_ABANDONED,0.914,1,12,Mobile,0,0,0,1,1
RP_BA2CFB91,CUST_2940,455.05,GATEWAY_TIMEOUT,0.768,0,11,Mobile,0,0,1,0,0
RP_B1E5D1EF,CUST_6014,2494.42,INSUFFICIENT_FUNDS,0.466,0,21,Mobile,0,0,0,0,0
RP_A57EDA56,CUST_2882,512.78,CUSTOMER_ABANDONED,0.778,0,1,Mobile,0,0,0,0,1
RP_E8EF868A,CUST_5908,4608.04,INSUFFICIENT_FUNDS,0.45,0,20,Mobile,0,0,0,0,0
RP_E4CE62D4,CUST_3987,9359.12,GATEWAY_TIMEOUT,0.631,0,12,Desktop,0,1,0,0,0
RP_89489D13,CUST_6585,799.92,INSUFFICIENT_FUNDS,0.935,0,0,Mobile,0,0,0,1,1
RP_0B894512,CUST_4159,100.0,INSUFFICIENT_FUNDS,0.737,0,9,Mobile,0,0,1,0,0
RP_067BB5FE,CUST_5530,480.22,RISK_BLOCKED,0.853,2,9,Mobile,0,0,0,0,0
RP_A6C40DA5,CUST_1681,20315.99,CUSTOMER_ABANDONED,0.75,1,10,Mobile,0,0,0,0,0
RP_D785075B,CUST_6254,538.86,INSUFFICIENT_FUNDS,0.726,0,8,Mobile,0,0,0,1,0
RP_33B9BDE1,CUST_2073,9184.07,GATEWAY_TIMEOUT,0.88,1,3,Mobile,0,1,1,0,1
RP_E0DF712D,CUST_3387,529.78,CUSTOMER_ABANDONED,0.699,0,16,Mobile,0,0,0,0,0
RP_18565834,CUST_3693,514.3,GATEWAY_TIMEOUT,0.967,1,18,Mobile,0,0,0,1,0
RP_C747C374,CUST_5340,2793.43,GATEWAY_TIMEOUT,0.565,1,9,Mobile,0,1,0,0,0
RP_46D55870,CUST_3156,2419.24,INSUFFICIENT_FUNDS,0.857,0,12,Mobile,0,0,0,1,0
RP_2BA055B1,CUST_8966,3049.12,3D_SECURE_FAILED,0.431,0,1,Mobile,0,0,0,1,0
RP_1FCBC585,CUST_3580,1103.11,GATEWAY_TIMEOUT,0.432,1,8,Mobile,0,0,0,0,0
RP_E69854E9,CUST_8257,3794.21,GATEWAY_TIMEOUT,0.847,0,6,Mobile,0,0,1,0,0
RP_68D0CDFB,CUST_3159,3476.57,INSUFFICIENT_FUNDS,0.643,0,9,Mobile,0,0,0,0,0
RP_A243FB6D,CUST_7772,4353.93,GATEWAY_TIMEOUT,0.703,0,11,Mobile,0,1,0,0,0
RP_D44D3272,CUST_2627,518.91,CUSTOMER_ABANDONED,0.363,0,21,Desktop,0,0,0,0,0
RP_4FAFC05F,CUST_9219,3790.89,INSUFFICIENT_FUNDS,0.52,0,19,Desktop,0,0,0,0,0
RP_346FCD8A,CUST_8080,586.63,INSUFFICIENT_FUNDS,0.494,0,10,Mobile,0,0,1,0,0
RP_BCDD38A2,CUST_2985,908.21,GATEWAY_TIMEOUT,0.525,0,3,Mobile,0,0,1,1,0
RP_A676AC87,CUST_9488,886.12,GATEWAY_TIMEOUT,0.698,0,11,Mobile,0,0,0,0,0
RP_1416EC3F,CUST_3181,331.05,CUSTOMER_ABANDONED,0.699,0,11,Mobile,0,0,0,1,1
RP_A343436D,CUST_3296,136.64,3D_SECURE_FAILED,0.729,2,22,Desktop,1,0,0,0,0
RP_81B74D43,CUST_8164,4762.22,GATEWAY_TIMEOUT,0.354,2,7,Desktop,0,0,0,0,0
RP_ACF49D31,CUST_3597,472.15,GATEWAY_TIMEOUT,0.689,0,19,Mobile,0,1,0,0,0
RP_277C2B5E,CUST_1901,793.39,GATEWAY_TIMEOUT,0.641,1,13,Mobile,0,0,0,0,0
RP_3AD7F343,CUST_7060,456.3,CUSTOMER_ABANDONED,0.756,2,6,Mobile,0,0,0,0,0
RP_5FD0FD6B,CUST_2677,805.94,CUSTOMER_ABANDONED,0.748,2,2,Mobile,0,0,0,0,0
RP_5FDC934E,CUST_3881,597.6,INSUFFICIENT_FUNDS,0.752,1,18,Mobile,0,0,1,0,1
RP_71B07E88,CUST_6622,5089.33,CUSTOMER_ABANDONED,0.598,1,13,Mobile,0,0,0,0,0
RP_874B1C9C,CUST_9052,539.91,CUSTOMER_ABANDONED,0.557,0,18,Mobile,0,0,0,0,0
RP_109F7A63,CUST_2378,8582.37,3D_SECURE_FAILED,0.794,0,9,Desktop,0,0,0,0,0
RP_3B62D908,CUST_2248,4303.25,GATEWAY_TIMEOUT,0.769,0,11,Mobile,0,1,0,0,1
RP_17F69FA8,CUST_6650,620.59,GATEWAY_TIMEOUT,0.722,0,17,Desktop,0,1,0,1,0
RP_2976EA33,CUST_7079,1609.65,GATEWAY_TIMEOUT,0.3,2,18,Mobile,0,0,0,0,0
RP_73A82CD3,CUST_8036,2045.13,3D_SECURE_FAILED,0.856,0,23,Desktop,0,0,0,0,0
RP_5B2BFAA6,CUST_7487,3010.7,CUSTOMER_ABANDONED,0.848,2,17,Mobile,0,0,0,0,1
RP_AFCCDC2F,CUST_2058,3389.92,CUSTOMER_ABANDONED,0.611,1,12,Mobile,0,0,0,0,0
RP_29049791,CUST_3048,1371.91,GATEWAY_TIMEOUT,0.784,0,16,Mobile,0,1,0,0,1
RP_784FAA67,CUST_7115,348.87,GATEWAY_TIMEOUT,0.702,0,20,Mobile,0,1,0,0,0
RP_54CA9356,CUST_5248,2366.26,GATEWAY_TIMEOUT,0.874,0,23,Mobile,0,1,0,0,0
RP_035740A5,CUST_3476,825.67,CUSTOMER_ABANDONED,0.819,0,5,Mobile,0,0,0,1,1
RP_5332F1A0,CUST_5603,100.0,GATEWAY_TIMEOUT,0.951,1,15,Mobile,0,0,0,0,0
RP_383FAEC7,CUST_4553,1751.69,GATEWAY_TIMEOUT,0.877,2,17,Desktop,0,0,1,0,0
RP_BBDCD275,CUST_1220,454.44,CUSTOMER_ABANDONED,0.925,0,8,Mobile,0,0,0,1,1
RP_86904CB6,CUST_5818,632.66,GATEWAY_TIMEOUT,0.903,0,12,Mobile,0,1,1,0,0
RP_910B6BEC,CUST_8192,1104.59,INSUFFICIENT_FUNDS,0.756,0,3,Mobile,0,0,0,0,0
RP_7E3BC324,CUST_5623,169.97,GATEWAY_TIMEOUT,0.693,0,12,Mobile,0,1,1,0,1
RP_358EFD02,CUST_8349,1295.76,CUSTOMER_ABANDONED,0.698,1,2,Desktop,0,0,0,0,0
RP_44531624,CUST_6618,749.91,CUSTOMER_ABANDONED,0.664,0,3,Desktop,0,0,0,0,1
RP_CAD538C5,CUST_8209,382.73,3D_SECURE_FAILED,0.521,0,18,Mobile,0,0,0,1,0
RP_FEB23E66,CUST_5576,1159.21,INSUFFICIENT_FUNDS,0.789,0,23,Mobile,0,0,1,0,0
RP_4ED259E0,CUST_2871,144.28,3D_SECURE_FAILED,0.916,0,0,Mobile,0,0,0,0,0
RP_10E183E5,CUST_8915,1200.81,3D_SECURE_FAILED,0.516,0,0,Mobile,0,0,0,0,0
RP_495F322A,CUST_2462,1928.93,CUSTOMER_ABANDONED,0.712,0,8,Mobile,0,0,0,0,0
RP_620FD81B,CUST_6521,1581.77,3D_SECURE_FAILED,0.849,0,22,Mobile,0,0,0,0,1
RP_B03BD5BB,CUST_9536,2826.12,INSUFFICIENT_FUNDS,0.673,0,2,Desktop,0,0,0,0,0
RP_85A081AA,CUST_9236,4440.06,INSUFFICIENT_FUNDS,0.788,0,2,Desktop,0,0,0,1,0
RP_543EDCE9,CUST_8813,994.64,GATEWAY_TIMEOUT,0.699,0,17,Mobile,0,1,0,1,0
RP_7E0A83A1,CUST_3068,4082.8,CUSTOMER_ABANDONED,0.488,2,1,Desktop,0,0,0,0,1
RP_D1FBB7E3,CUST_6753,990.19,CUSTOMER_ABANDONED,0.693,1,10,Desktop,0,0,0,0,1
RP_CD2244F3,CUST_8237,473.73,CUSTOMER_ABANDONED,0.461,0,8,Mobile,0,0,0,1,0
RP_E3639D4C,CUST_8016,684.51,GATEWAY_TIMEOUT,0.818,1,1,Mobile,0,1,1,1,0
RP_86B6BACB,CUST_7191,1510.77,INSUFFICIENT_FUNDS,0.68,1,19,Desktop,0,0,0,1,0
RP_51B4E56F,CUST_2514,4032.79,GATEWAY_TIMEOUT,0.703,0,3,Mobile,0,1,1,0,0
RP_7E1BBE2B,CUST_3598,1098.56,CUSTOMER_ABANDONED,0.543,1,8,Mobile,0,0,0,1,0
RP_D6C4DEFD,CUST_2001,488.63,GATEWAY_TIMEOUT,0.881,0,13,Mobile,0,0,1,1,0
RP_9BDBC105,CUST_2033,6205.01,3D_SECURE_FAILED,0.789,1,18,Mobile,0,0,0,0,0
RP_14955ACC,CUST_7899,196.02,GATEWAY_TIMEOUT,0.978,0,15,Mobile,0,1,1,0,1
RP_F5808456,CUST_9465,492.43,GATEWAY_TIMEOUT,0.791,2,13,Mobile,0,1,0,0,0
RP_4D9D171D,CUST_6051,3201.39,3D_SECURE_FAILED,0.789,0,14,Mobile,0,0,0,0,0
RP_4988572B,CUST_5476,9133.91,INSUFFICIENT_FUNDS,0.654,0,17,Mobile,0,0,1,1,0
RP_D74077CB,CUST_1478,1952.41,GATEWAY_TIMEOUT,0.681,0,14,Desktop,0,0,0,0,0
RP_875B85E1,CUST_1515,1480.1,INSUFFICIENT_FUNDS,0.91,0,18,Mobile,0,0,1,0,0
RP_DFA16E79,CUST_2191,773.53,GATEWAY_TIMEOUT,0.816,0,8,Mobile,0,1,0,0,0
RP_6FDAFCC3,CUST_7297,2116.85,RISK_BLOCKED,0.482,0,20,Mobile,0,0,0,0,0
RP_7010ECF7,CUST_1271,1280.8,CUSTOMER_ABANDONED,0.779,0,20,Mobile,0,0,0,0,0
RP_9EF4779C,CUST_9334,443.44,GATEWAY_TIMEOUT,0.747,0,15,Mobile,0,1,0,0,0
RP_B24551CD,CUST_8778,756.88,CUSTOMER_ABANDONED,0.629,0,22,Mobile,0,0,0,0,0
RP_868CACF9,CUST_7008,387.25,GATEWAY_TIMEOUT,0.811,0,16,Mobile,1,1,0,0,0
RP_DB49B710,CUST_8987,1114.7,CUSTOMER_ABANDONED,0.667,0,9,Mobile,0,0,0,0,1
RP_D71FF146,CUST_4332,1331.69,3D_SECURE_FAILED,0.649,0,4,Mobile,0,0,0,1,0
RP_7755D7E4,CUST_1787,7795.17,3D_SECURE_FAILED,0.734,0,8,Desktop,0,0,0,0,0
RP_7A884A84,CUST_7222,535.46,INSUFFICIENT_FUNDS,0.836,0,13,Mobile,0,0,0,1,0
RP_F2CC123F,CUST_1622,882.77,INSUFFICIENT_FUNDS,0.364,0,21,Desktop,0,0,0,0,0
RP_C09126BD,CUST_4841,4969.22,GATEWAY_TIMEOUT,0.79,0,23,Desktop,0,1,0,0,0
RP_6BC62B3F,CUST_4676,9567.31,CUSTOMER_ABANDONED,0.394,0,9,Desktop,0,0,0,0,0
RP_12CC2BD6,CUST_3572,1938.47,INSUFFICIENT_FUNDS,0.849,0,23,Mobile,0,0,0,1,0
RP_1AE190F4,CUST_7915,808.94,INSUFFICIENT_FUNDS,0.87,0,0,Mobile,0,0,0,0,0
RP_2C5EE5BF,CUST_6033,621.65,3D_SECURE_FAILED,0.637,0,23,Desktop,0,0,0,0,1
RP_09B0E09E,CUST_8788,120.1,GATEWAY_TIMEOUT,0.571,0,21,Mobile,0,0,1,0,0
RP_4FC1F47D,CUST_6214,360.21,GATEWAY_TIMEOUT,0.827,1,19,Mobile,0,1,0,0,0
RP_616A18E7,CUST_5712,1238.77,GATEWAY_TIMEOUT,0.846,1,2,Desktop,0,0,1,0,0
RP_979111FE,CUST_1066,882.55,GATEWAY_TIMEOUT,0.721,2,15,Mobile,0,0,0,0,0
RP_9E2BEE0D,CUST_8533,2317.14,GATEWAY_TIMEOUT,0.582,0,4,Mobile,0,1,0,0,0
RP_72D58EF1,CUST_5616,867.62,INSUFFICIENT_FUNDS,0.388,0,12,Mobile,0,0,1,1,0
RP_A13A73E6,CUST_2140,458.85,INSUFFICIENT_FUNDS,0.98,2,4,Desktop,0,0,0,0,0
RP_D48F70CA,CUST_6730,1651.79,GATEWAY_TIMEOUT,0.522,0,22,Desktop,0,0,0,0,0
RP_D5CF681F,CUST_8465,22166.08,CUSTOMER_ABANDONED,0.581,0,10,Mobile,0,0,0,1,0
